period,product_name,product_type,fund_name,fund_abn,fund_type,total_assets_aud_m,return_target_above_cpi_pct,risk_level_label,statement_fee_aud,property_benchmark_pct,infrastructure_benchmark_pct,commodities_benchmark_pct,other_investments_benchmark_pct
2020-06-30,AMG MySuper,Generic,AMG Super,30099320583,Retail,170.5,2.48,High,360.00,10.0,,,
2020-06-30,AFLPA & AFL Industry MySuper,Large employer,AMP Super Fund,78421957449,Retail,139.3,,,,,,,
2020-06-30,AMP MySuper No.3,Generic,AMP Super Fund,78421957449,Retail,15648.7,,,,,,,
2020-06-30,Brookfield Australia MySuper,Large employer,AMP Super Fund,78421957449,Retail,132.3,4.40,High,270.00,8.0,5.0,,9.0
2020-06-30,CCA MySuper,Large employer,AMP Super Fund,78421957449,Retail,358.4,,,,,,,
2020-06-30,Macquarie Group MySuper,Large employer,AMP Super Fund,78421957449,Retail,442.6,4.50,Medium to high,470.00,,,,12.5
2020-06-30,Water Corporation MySuper,Large employer,AMP Super Fund,78421957449,Retail,290.8,,,,,,,
2020-06-30,Woolworths Group MySuper,Large employer,AMP Super Fund,78421957449,Retail,2881.3,5.00,Medium to high,463.50,6.0,5.0,,6.0
2020-06-30,ANZ Staff MySuper,Generic,ANZ Australian Staff Superannuation Scheme,83810127567,Corporate,2019.2,2.10,Medium to high,325.00,9.5,6.0,,16.0
2020-06-30,Asgard Employee MySuper,Generic,ASGARD Independence Plan Division Two,90194410365,Retail,2487.0,,,,,,,
2020-06-30,BALANCED,Generic,Australia Post Superannuation Scheme,42045077895,Public Sector,892.3,3.00,High,608.00,,,,23.0
2020-06-30,LifetimeOne,Generic,Australian Catholic Superannuation and Retirement Fund,24680629023,Industry,4540.9,,,,,,,
2020-06-30,ADF MySuper,Generic,Australian Defence Force Superannuation Scheme,90302247344,Public Sector,433.6,3.50,Medium to high,574.00,8.0,4.0,,19.0
2020-06-30,Balanced (accumulation),Generic,Australian Ethical Retail Superannuation Fund,49633667743,Retail,1381.2,3.50,Medium to high,657.00,10.0,5.0,,
2020-06-30,AMIST MySuper,Generic,Australian Meat Industry Superannuation Trust,28342064803,Industry,1807.1,3.00,Medium to high,469.00,15.0,10.0,,10.0
2020-06-30,QSuper Lifetime,Generic,Australian Retirement Trust,60905115063,Public Sector,45113.0,,,,,,,
2020-06-30,AustralianSuper MySuper,Generic,AustralianSuper,65714394898,Industry,125702.0,3.84,High,437.00,7.0,13.0,,0.0
2020-06-30,AvSuper Growth (MySuper),Generic,AvSuper Fund,84421446069,Public Sector,677.0,3.50,Medium to high,560.00,10.0,8.0,,1.0
2020-06-30,MySuper Lifecycle,Generic,Aware Super,53226460365,Public Sector,52667.4,,,,,,,
2020-06-30,VicSuper Growth (MySuper),Material goodwill,Aware Super,53226460365,Public Sector,13759.1,,,,8.5,8.0,,5.0
2020-06-30,BOC MySuper,Generic,Boc Gases Superannuation Fund,49620344668,Corporate,407.5,2.60,High,644.00,11.0,7.4,,7.4
2020-06-30,BUSSQ MySuper,Generic,Building Unions Superannuation Scheme (Queensland),85571332201,Industry,3378.9,4.00,Medium to high,647.00,13.0,12.5,4.0,
2020-06-30,CareSuper,Generic,Care Super,98172275725,Industry,11569.6,5.70,Medium,583.00,12.0,8.0,,
2020-06-30,My Ethical Super,Generic,Christian Super,66628776348,Industry,953.2,2.60,High,700.00,10.1,8.0,,1.3
2020-06-30,Club Plus Super _ MySuper,Generic,Club Plus Superannuation Scheme,95275115088,Industry,2173.2,2.67,High,574.00,11.0,6.0,,16.0
2020-06-30,FirstChoice Employer Super,Generic,Colonial First State FirstChoice Superannuation Trust,26458298557,Retail,9195.7,,,,,,,
2020-06-30,Accumulate Plus Balanced,Generic,Commonwealth Bank Group Super,24248426878,Corporate,5851.6,2.00,Medium to high,413.00,8.1,7.2,,2.7
2020-06-30,Growth (Cbus MySuper),Generic,CONSTRUCTION AND BUILDING UNIONS SUPERANNUATION FUND,75493363262,Industry,44547.5,3.30,Medium to high,524.00,13.0,11.5,,4.5
2020-06-30,Balanced (MySuper),Generic,Energy Industries Superannuation Scheme-Pool A,22277243559,Public Sector,993.6,3.00,Medium to high,475.00,10.0,10.0,,10.0
2020-06-30,MySuper,Generic,Energy Super,33761363685,Industry,2111.3,5.01,Medium to high,497.00,10.0,10.0,,8.0
2020-06-30,Equipsuper MySuper,Generic,equipsuper,33813823017,Industry,6102.1,5.35,Medium to high,482.00,7.0,7.0,,13.0
2020-06-30,Essential Super,Generic,Essential Super,56601925435,Retail,2937.1,,,,,,,
2020-06-30,First Super MySuper,Generic,First Super,56286625181,Industry,2641.2,3.50,Medium,818.00,10.0,10.0,,2.0
2020-06-30,Goldman Sachs & JBWere Superannuation Fund_MySuper Product,Generic,Goldman Sachs & JBWere Superannuation Fund,55697537183,Corporate,443.4,4.00,Very high,745.00,,,,7.0
2020-06-30,Guild Retirement Fund (MySuper),Generic,Guild Retirement Fund,22599554834,Retail,1392.3,,,,,,,
2020-06-30,HESTA MySuper,Generic,HESTA,64971749321,Industry,41204.0,3.79,Medium to high,515.00,9.5,12.0,,8.5
2020-06-30,Balanced option,Generic,HOSTPLUS Superannuation Fund,68657495890,Industry,34526.3,3.00,Medium to high,533.00,13.0,12.0,,5.0
2020-06-30,MySuper,Generic,IAG & NRMA Superannuation Plan,58244115920,Corporate,1450.7,2.66,High,660.00,7.0,3.0,,20.0
2020-06-30,Active Balanced,Generic,Incitec Pivot Employees Superannuation Fund,68569795856,Retail,52.5,2.60,High,566.00,13.0,3.4,,2.4
2020-06-30,Intrust MySuper,Generic,Intrust Super Fund,65704511371,Industry,1813.3,4.69,Medium to high,633.00,10.0,5.0,,13.0
2020-06-30,IOOF MySuper,Generic,IOOF Portfolio Service Superannuation Fund,70815369818,Retail,3185.7,3.00,Medium to high,632.00,10.0,2.7,,3.6
2020-06-30,MySuper Balanced,Generic,Labour Union Co-Operative Retirement Fund,26382680883,Industry,5069.7,2.90,Medium to high,489.81,10.0,8.0,,6.9
2020-06-30,MySuper Balanced,Generic,legalsuper,60346078879,Industry,2048.7,3.00,Medium to high,622.60,12.0,9.8,,
2020-06-30,LGIASuper MySuper Lifecycle,Generic,LGIAsuper,23053121564,Public Sector,7505.0,,,,,,,
2020-06-30,Vision MySuper,Generic,Local Authorities Superannuation Fund,24496637884,Public Sector,4435.0,3.00,High,488.00,11.0,11.0,,0.0
2020-06-30,Active Super Lifestage Product,Generic,Local Government Super,28901371321,Public Sector,4107.7,,,,,,,
2020-06-30,Balanced Option_MySuper Compliant,Generic,Lutheran Super,93371348387,Corporate,285.7,3.00,Medium to high,526.00,10.0,10.0,,5.0
2020-06-30,MYSUPER INVESTMENT OPTION,Generic,Maritime Super,77455663441,Industry,911.1,,,,,,,
2020-06-30,Max Super Fund MySuper Plan,Generic,Max Super Fund,22508720840,Retail,22.4,4.00,High,564.00,12.0,,,
2020-06-30,MIESF MySuper,Generic,Meat Industry Employees Superannuation Fund,17317520544,Industry,812.6,2.30,Medium,397.00,22.0,10.0,,
2020-06-30,Balanced investment option (accumulation),Generic,Media Super,42574421650,Industry,4095.1,3.30,Medium to high,525.00,10.0,12.0,,8.0
2020-06-30,Mercer Santos MySuper,Large employer,Mercer Super Trust,19905422981,Retail,213.3,4.10,Medium to high,474.96,8.0,6.5,0.5,3.5
2020-06-30,Mercer SmartPath,Generic,Mercer Super Trust,19905422981,Retail,8313.7,,,,,,,
2020-06-30,Mercer Tailored (CRG) MySuper,Large employer,Mercer Super Trust,19905422981,Retail,905.6,,,,,,,
2020-06-30,Mercer WGSP MySuper,Large employer,Mercer Super Trust,19905422981,Retail,1021.4,,,,,,,
2020-06-30,Virgin Money MySuper,Material goodwill,Mercer Super Trust,19905422981,Retail,528.1,,,,,,,
2020-06-30,MySuper Balanced,Generic,Mercy Super,11789425178,Corporate,1070.2,3.50,Medium to high,631.20,12.0,12.0,,6.0
2020-06-30,Default Lifecycle,Generic,Mine Superannuation Fund,16457520308,Industry,6315.9,,,,,,,
2020-06-30,MySuper,Generic,MLC Super Fund,70732426024,Retail,24689.1,,,,,,,
2020-06-30,NAB Staff MySuper,Large employer,MLC Super Fund,70732426024,Retail,2461.8,4.70,Medium to high,558.00,10.0,5.0,,8.0
2020-06-30,MyCatholicSuper,Generic,MyLifeMyMoney Superannuation Fund,50237896957,Industry,5893.6,,,,,,,
2020-06-30,NESS MySuper,Generic,NESS Super,72229227691,Industry,646.4,3.00,Medium to high,557.00,10.0,7.5,,0.0
2020-06-30,Diversified (MySuper),Generic,NGS Super,73549180515,Industry,7303.0,3.70,Medium to high,460.00,9.0,10.0,,10.0
2020-06-30,MySuper Passive Balanced,Generic,OneSuper,43905581638,Retail,38.3,2.50,High,561.00,3.0,3.0,,
2020-06-30,Perpetual MySuper,Generic,Perpetual's Select Superannuation Fund,51068260563,Retail,208.5,3.00,High,550.00,6.0,0.0,0.0,12.0
2020-06-30,MySuper,Generic,Prime Super,60562335823,Industry,4296.5,3.00,Medium to high,604.00,7.5,14.0,,0.0
2020-06-30,PSSap MySuper Balanced,Generic,Public Sector Superannuation Accumulation Plan,65127917725,Public Sector,12315.4,3.50,Medium to high,574.00,8.0,4.0,,19.0
2020-06-30,Glidepath,Generic,Qantas Superannuation Plan,41272198829,Corporate,1018.7,,,,,,,
2020-06-30,Balanced,Generic,Rei Super,76641658449,Industry,1246.5,3.00,Medium to high,600.80,11.0,3.0,,0.0
2020-06-30,REST Super,Generic,Retail Employees Superannuation Trust,62653671394,Industry,46157.2,4.60,Medium to high,452.60,11.0,11.0,1.0,6.0
2020-06-30,ANZ Smart Choice Super for employers and their employees,Generic,Retirement Portfolio Service,61808189263,Retail,9862.0,,,,,,,
2020-06-30,ANZ Smart Choice Super for QBE Management Services Pty Ltd and their employees,Large employer,Retirement Portfolio Service,61808189263,Retail,339.4,,,,,,,
2020-06-30,BT Super MySuper,Generic,Retirement Wrap,39827542991,Retail,15271.1,,,,,,,
2020-06-30,Westpac Group Plan MySuper,Large employer,Retirement Wrap,39827542991,Retail,2637.0,,,,,,,
2020-06-30,GoalTracker,Generic,Russell Investments Master Trust,89384753567,Retail,3008.6,,,,,,,
2020-06-30,smartMonday Lifecycle,Generic,Smart Future Trust,68964712340,Retail,2244.8,,,,,,,
2020-06-30,Balanced (MySuper),Generic,Spirit Super,74559365913,Industry,10355.3,3.30,Medium to high,443.00,10.5,15.5,,0.0
2020-06-30,Suncorp Lifestage Funds,Generic,SPSL Master Trust,98350952022,Retail,1861.9,,,,,,,
2020-06-30,Statewide MySuper,Generic,Statewide Superannuation Trust,54145196298,Industry,5817.3,3.00,High,523.00,9.0,9.0,,
2020-06-30,Sunsuper for Life,Generic,Sunsuper Superannuation Fund,98503137921,Industry,40862.4,,,,,,,
2020-06-30,Tasplan MySuper,Generic,Tasplan Superannuation Fund,14602032302,Industry,6110.5,,,,,,,
2020-06-30,Telstra Super MySuper,Generic,Telstra Superannuation Scheme,85502108833,Corporate,6921.2,,,,,,,
2020-06-30,Bendigo MySuper,Generic,The Bendigo Superannuation Plan,57526653420,Retail,302.5,,,,,,,
2020-06-30,VISSF Balanced Option (MySuper Product),Generic,The Victorian Independent Schools Superannuation Fund,37024873660,Industry,279.6,3.00,High,562.00,5.0,3.0,,
2020-06-30,MySuper Growth,Generic,Toyota Super,58208377062,Corporate,499.9,4.00,High,608.00,6.0,2.6,,9.6
2020-06-30,Balanced (MySuper),Generic,TWU Superannuation Fund,77343563307,Industry,4856.5,4.43,Medium to high,758.00,9.0,8.0,,6.0
2020-06-30,UniSuper Balanced,Generic,Unisuper,91385943850,Industry,21074.1,4.60,High,371.00,9.0,2.5,,0.0
2020-06-30,My WA Super,Generic,WA Local Government Superannuation Plan,18159499614,Public Sector,1886.0,2.50,High,553.00,10.0,8.0,,12.0
2020-03-31,AMG MySuper,Generic,AMG Super,30099320583,Retail,162.1,2.42,High,520.00,10.0,,,
2020-03-31,AMP MySuper No.1,Generic,AMP Retirement Trust,73310248809,Retail,1038.1,4.60,High,452.52,6.0,6.0,,0.0
2020-03-31,AMP MySuper No.3,Generic,AMP Super Fund,78421957449,Retail,1053.0,,,,,,,
2020-03-31,AFLPA & AFL Industry MySuper,Large employer,AMP Superannuation Savings Trust,76514770399,Retail,132.9,,,,,,,
2020-03-31,AMP MySuper No.2,Generic,AMP Superannuation Savings Trust,76514770399,Retail,13225.5,,,,,,,
2020-03-31,Anglican National MySuper,Large employer,AMP Superannuation Savings Trust,76514770399,Retail,141.6,,,,,,,
2020-03-31,Australia Post MySuper,Large employer,AMP Superannuation Savings Trust,76514770399,Retail,8.2,,,,,,,
2020-03-31,Brookfield Australia MySuper,Large employer,AMP Superannuation Savings Trust,76514770399,Retail,122.3,4.40,High,270.00,8.0,5.0,,9.0
2020-03-31,CCA MySuper,Large employer,AMP Superannuation Savings Trust,76514770399,Retail,337.1,,,,,,,
2020-03-31,Macquarie Group MySuper,Large employer,AMP Superannuation Savings Trust,76514770399,Retail,415.7,4.50,Medium to high,470.00,,,,12.5
2020-03-31,Water Corporation MySuper,Large employer,AMP Superannuation Savings Trust,76514770399,Retail,273.3,,,,,,,
2020-03-31,Woolworths Group MySuper,Large employer,AMP Superannuation Savings Trust,76514770399,Retail,2737.5,5.00,Medium to high,463.50,6.0,5.0,,6.0
2020-03-31,ANZ Staff MySuper,Generic,ANZ Australian Staff Superannuation Scheme,83810127567,Corporate,1978.6,2.10,Medium to high,325.00,9.5,6.0,,16.0
2020-03-31,Asgard Employee MySuper,Generic,ASGARD Independence Plan Division Two,90194410365,Retail,2313.8,,,,,,,
2020-03-31,BALANCED,Generic,Australia Post Superannuation Scheme,42045077895,Public Sector,892.6,3.00,High,608.00,,,,23.0
2020-03-31,LifetimeOne,Generic,Australian Catholic Superannuation and Retirement Fund,24680629023,Industry,4791.8,,,,,,,
2020-03-31,ADF MySuper,Generic,Australian Defence Force Superannuation Scheme,90302247344,Public Sector,367.6,3.50,Medium to high,574.00,11.0,1.0,,19.0
2020-03-31,Balanced (accumulation),Generic,Australian Ethical Retail Superannuation Fund,49633667743,Retail,1245.1,3.50,Medium to high,657.00,10.0,5.0,,
2020-03-31,AMIST MySuper,Generic,Australian Meat Industry Superannuation Trust,28342064803,Industry,1808.9,3.00,Medium to high,469.00,15.0,10.0,,5.0
2020-03-31,QSuper Lifetime,Generic,Australian Retirement Trust,60905115063,Public Sector,42977.8,,,,,,,
2020-03-31,AustralianSuper MySuper,Generic,AustralianSuper,65714394898,Industry,117837.1,3.84,High,417.00,7.0,13.0,,0.0
2020-03-31,AvSuper Growth (MySuper),Generic,AvSuper Fund,84421446069,Public Sector,653.6,3.50,Medium to high,560.00,10.0,8.0,,1.0
2020-03-31,MySuper Lifecycle,Generic,Aware Super,53226460365,Public Sector,51711.8,,,,,,,
2020-03-31,BOC MySuper,Generic,Boc Gases Superannuation Fund,49620344668,Corporate,388.1,2.60,High,644.00,11.0,7.4,,7.4
2020-03-31,BUSSQ MySuper,Generic,Building Unions Superannuation Scheme (Queensland),85571332201,Industry,3442.4,4.00,Medium to high,647.00,13.0,12.5,4.0,
2020-03-31,CareSuper,Generic,Care Super,98172275725,Industry,10922.3,5.70,Medium,583.00,12.0,8.0,,
2020-03-31,My Ethical Super,Generic,Christian Super,66628776348,Industry,927.6,2.60,High,700.00,9.8,5.9,,1.2
2020-03-31,Club Plus Super _ MySuper,Generic,Club Plus Superannuation Scheme,95275115088,Industry,2052.8,2.67,High,574.00,11.0,6.0,,16.0
2020-03-31,FirstChoice Employer Super,Generic,Colonial First State FirstChoice Superannuation Trust,26458298557,Retail,8525.4,,,,,,,
2020-03-31,Accumulate Plus Balanced,Generic,Commonwealth Bank Group Super,24248426878,Corporate,5848.2,2.00,High,412.65,8.1,7.2,,2.7
2020-03-31,Growth (Cbus MySuper),Generic,CONSTRUCTION AND BUILDING UNIONS SUPERANNUATION FUND,75493363262,Industry,42032.8,3.30,Medium to high,524.00,13.0,11.5,,4.5
2020-03-31,Balanced (MySuper),Generic,Energy Industries Superannuation Scheme-Pool A,22277243559,Public Sector,925.1,3.00,Medium to high,475.00,10.0,10.0,,10.0
2020-03-31,MySuper,Generic,Energy Super,33761363685,Industry,1996.9,5.01,Medium to high,497.00,12.0,8.0,,13.0
2020-03-31,Equipsuper MySuper,Generic,equipsuper,33813823017,Industry,5565.3,5.35,Medium to high,482.00,7.0,7.0,,13.0
2020-03-31,Essential Super,Generic,Essential Super,56601925435,Retail,3003.1,,,,,,,
2020-03-31,First Super MySuper,Generic,First Super,56286625181,Industry,2647.1,3.50,Medium,818.00,10.0,10.0,,2.0
2020-03-31,Goldman Sachs & JBWere Superannuation Fund_MySuper Product,Generic,Goldman Sachs & JBWere Superannuation Fund,55697537183,Corporate,424.9,4.00,Very high,745.00,,,,7.0
2020-03-31,Guild Retirement Fund (MySuper),Generic,Guild Retirement Fund,22599554834,Retail,1299.3,,,,,,,
2020-03-31,HESTA MySuper,Generic,HESTA,64971749321,Industry,39549.8,3.79,Medium to high,515.00,9.5,12.0,,5.5
2020-03-31,Balanced option,Generic,HOSTPLUS Superannuation Fund,68657495890,Industry,32384.7,3.00,Medium to high,533.00,13.0,12.0,,8.0
2020-03-31,MySuper,Generic,IAG & NRMA Superannuation Plan,58244115920,Corporate,1346.3,2.66,High,660.00,7.0,3.0,,20.0
2020-03-31,Active Balanced,Generic,Incitec Pivot Employees Superannuation Fund,68569795856,Retail,50.3,2.60,High,566.00,13.0,3.4,,2.4
2020-03-31,Intrust MySuper,Generic,Intrust Super Fund,65704511371,Industry,1891.6,4.69,Medium to high,633.00,10.0,5.0,,13.0
2020-03-31,IOOF MySuper,Generic,IOOF Portfolio Service Superannuation Fund,70815369818,Retail,2996.4,3.00,High,632.00,10.0,2.7,,3.6
2020-03-31,MySuper Balanced,Generic,Labour Union Co-Operative Retirement Fund,26382680883,Industry,5018.2,2.90,Medium to high,489.81,10.0,8.0,,6.9
2020-03-31,MySuper Balanced,Generic,legalsuper,60346078879,Industry,1899.2,3.00,Medium to high,632.60,12.0,9.8,,
2020-03-31,LESF MySuper,Generic,LESF Super,13704288646,Retail,126.2,2.50,High,645.00,3.0,3.0,,
2020-03-31,LGIASuper MySuper Lifecycle,Generic,LGIAsuper,23053121564,Public Sector,7347.3,,,,,,,
2020-03-31,Vision MySuper,Generic,Local Authorities Superannuation Fund,24496637884,Public Sector,4102.5,3.00,High,488.00,11.0,11.0,,0.0
2020-03-31,Active Super Lifestage Product,Generic,Local Government Super,28901371321,Public Sector,4057.5,,,,,,,
2020-03-31,Balanced Option_MySuper Compliant,Generic,Lutheran Super,93371348387,Corporate,261.5,3.00,Medium to high,526.00,10.0,10.0,,5.0
2020-03-31,MYSUPER INVESTMENT OPTION,Generic,Maritime Super,77455663441,Industry,872.7,,,,,,,
2020-03-31,Max Super Fund MySuper Plan,Generic,Max Super Fund,22508720840,Retail,20.8,4.00,High,564.00,12.0,,,
2020-03-31,MIESF MySuper,Generic,Meat Industry Employees Superannuation Fund,17317520544,Industry,802.4,2.30,Medium,397.00,22.0,10.0,,
2020-03-31,Balanced investment option (accumulation),Generic,Media Super,42574421650,Industry,3924.8,3.30,Medium to high,495.00,10.0,12.0,,8.0
2020-03-31,Mercer Santos MySuper,Large employer,Mercer Super Trust,19905422981,Retail,200.4,4.10,Medium to high,474.96,8.0,6.5,0.5,7.5
2020-03-31,Mercer SmartPath,Generic,Mercer Super Trust,19905422981,Retail,7801.4,,,,,,,
2020-03-31,Mercer Tailored (CRG) MySuper,Large employer,Mercer Super Trust,19905422981,Retail,861.5,,,,,,,
2020-03-31,Mercer WGSP MySuper,Large employer,Mercer Super Trust,19905422981,Retail,971.2,,,,,,,
2020-03-31,Virgin Money MySuper,Material goodwill,Mercer Super Trust,19905422981,Retail,494.8,,,,,,,
2020-03-31,MySuper Balanced,Generic,Mercy Super,11789425178,Corporate,978.0,3.50,Medium to high,660.20,12.0,12.0,,6.0
2020-03-31,Default Lifecycle,Generic,Mine Superannuation Fund,16457520308,Industry,5904.1,,,,,,,
2020-03-31,MySuper,Generic,MLC Super Fund,70732426024,Retail,23652.6,,,,,,,
2020-03-31,NAB Staff MySuper,Large employer,MLC Super Fund,70732426024,Retail,2361.7,4.70,Medium to high,558.00,10.0,5.0,,8.0
2020-03-31,MyCatholicSuper,Generic,MyLifeMyMoney Superannuation Fund,50237896957,Industry,5503.2,,,,,,,
2020-03-31,NESS MySuper,Generic,NESS Super,72229227691,Industry,621.1,3.00,Medium to high,557.00,12.0,7.5,,0.0
2020-03-31,Diversified (MySuper),Generic,NGS Super,73549180515,Industry,6937.5,3.70,Medium to high,460.00,9.0,10.0,,10.0
2020-03-31,MySuper Passive Balanced,Generic,OneSuper,43905581638,Retail,37.7,2.50,High,561.00,3.0,3.0,,
2020-03-31,Perpetual MySuper,Generic,Perpetual's Select Superannuation Fund,51068260563,Retail,199.4,3.00,High,550.00,6.0,0.0,0.0,12.0
2020-03-31,Pitcher Retirement Plan MySuper,Generic,Pitcher Retirement Plan,15828677472,Corporate,28.9,2.40,Medium,965.00,8.0,4.0,,
2020-03-31,MySuper,Generic,Prime Super,60562335823,Industry,4140.3,3.00,Medium to high,604.00,7.5,14.0,,0.0
2020-03-31,PSSap MySuper Balanced,Generic,Public Sector Superannuation Accumulation Plan,65127917725,Public Sector,11589.8,3.50,Medium to high,574.00,11.0,1.0,,19.0
2020-03-31,Glidepath,Generic,Qantas Superannuation Plan,41272198829,Corporate,971.1,,,,,,,
2020-03-31,Balanced,Generic,Rei Super,76641658449,Industry,1170.1,3.00,Medium to high,600.80,11.0,3.0,,0.0
2020-03-31,REST Super,Generic,Retail Employees Superannuation Trust,62653671394,Industry,46006.8,4.60,Medium to high,452.60,11.0,11.0,1.0,6.0
2020-03-31,ANZ Smart Choice Super for employers and their employees,Generic,Retirement Portfolio Service,61808189263,Retail,9154.3,,,,,,,
2020-03-31,ANZ Smart Choice Super for QBE Management Services Pty Ltd and their employees,Large employer,Retirement Portfolio Service,61808189263,Retail,306.1,,,,,,,
2020-03-31,BT Super MySuper,Generic,Retirement Wrap,39827542991,Retail,14652.4,,,,,,,
2020-03-31,Westpac Group Plan MySuper,Large employer,Retirement Wrap,39827542991,Retail,2362.7,,,,,,,
2020-03-31,GoalTracker,Generic,Russell Investments Master Trust,89384753567,Retail,2855.1,,,,,,,
2020-03-31,smartMonday Lifecycle,Generic,Smart Future Trust,68964712340,Retail,2065.1,,,,,,,
2020-03-31,Balanced (MySuper),Generic,Spirit Super,74559365913,Industry,9957.1,3.30,Medium to high,443.00,10.5,15.5,,0.0
2020-03-31,Suncorp Lifestage Funds,Generic,SPSL Master Trust,98350952022,Retail,1778.6,,,,,,,
2020-03-31,Statewide MySuper,Generic,Statewide Superannuation Trust,54145196298,Industry,5475.5,3.00,High,523.00,9.0,9.0,,
2020-03-31,Sunsuper for Life,Generic,Sunsuper Superannuation Fund,98503137921,Industry,40153.6,,,,,,,
2020-03-31,Tasplan MySuper,Generic,Tasplan Superannuation Fund,14602032302,Industry,5765.7,,,,,,,
2020-03-31,Telstra Super MySuper,Generic,Telstra Superannuation Scheme,85502108833,Corporate,6639.6,,,,,,,
2020-03-31,Bendigo MySuper,Generic,The Bendigo Superannuation Plan,57526653420,Retail,279.9,,,,,,,
2020-03-31,VISSF Balanced Option (MySuper Product),Generic,The Victorian Independent Schools Superannuation Fund,37024873660,Industry,308.2,3.00,High,562.00,5.0,3.0,,
2020-03-31,MySuper Growth,Generic,Toyota Super,58208377062,Corporate,474.9,4.00,High,608.00,6.0,2.6,,9.6
2020-03-31,Balanced (MySuper),Generic,TWU Superannuation Fund,77343563307,Industry,4692.5,4.43,Medium to high,758.00,9.0,8.0,,6.0
2020-03-31,UniSuper Balanced,Generic,Unisuper,91385943850,Industry,18950.1,4.60,High,371.00,9.0,2.5,,0.0
2020-03-31,Balanced,Generic,United Technologies Corporation Retirement Plan,33227241196,Retail,46.8,2.60,High,594.00,10.0,,,20.0
2020-03-31,Growth (MySuper),Generic,Victorian Superannuation Fund,85977964496,Public Sector,13021.8,3.50,Medium to high,583.00,8.5,8.0,,5.0
2020-03-31,My WA Super,Generic,WA Local Government Superannuation Plan,18159499614,Public Sector,1779.2,2.50,High,553.00,10.0,8.0,0.0,12.0
2019-12-31,AMG MySuper,Generic,AMG Super,30099320583,Retail,193.3,2.42,High,520.00,10.0,,,
2019-12-31,AMP MySuper No.1,Generic,AMP Retirement Trust,73310248809,Retail,1201.6,4.60,High,452.52,6.0,6.0,,0.0
2019-12-31,AMP MySuper No.3,Generic,AMP Super Fund,78421957449,Retail,1216.3,,,,,,,
2019-12-31,AFLPA & AFL Industry MySuper,Large employer,AMP Superannuation Savings Trust,76514770399,Retail,155.9,,,,,,,
2019-12-31,AMP MySuper No.2,Generic,AMP Superannuation Savings Trust,76514770399,Retail,15311.9,,,,,,,
2019-12-31,Anglican National MySuper,Large employer,AMP Superannuation Savings Trust,76514770399,Retail,163.8,,,,,,,
2019-12-31,Australia Post MySuper,Large employer,AMP Superannuation Savings Trust,76514770399,Retail,300.5,,,,,,,
2019-12-31,Brookfield Australia MySuper,Large employer,AMP Superannuation Savings Trust,76514770399,Retail,141.5,4.40,High,270.00,8.0,5.0,,8.0
2019-12-31,CCA MySuper,Large employer,AMP Superannuation Savings Trust,76514770399,Retail,388.8,,,,,,,
2019-12-31,Macquarie Group MySuper,Large employer,AMP Superannuation Savings Trust,76514770399,Retail,434.1,4.50,Medium to high,470.00,,,,12.5
2019-12-31,Water Corporation MySuper,Large employer,AMP Superannuation Savings Trust,76514770399,Retail,311.2,,,,,,,
2019-12-31,Woolworths Group MySuper,Large employer,AMP Superannuation Savings Trust,76514770399,Retail,3114.2,5.00,Medium to high,463.50,6.0,5.0,,6.0
2019-12-31,ANZ Staff MySuper,Generic,ANZ Australian Staff Superannuation Scheme,83810127567,Corporate,2376.0,2.10,Medium to high,325.00,9.5,6.0,,16.0
2019-12-31,Asgard Employee MySuper,Generic,ASGARD Independence Plan Division Two,90194410365,Retail,2737.3,,,,,,,
2019-12-31,BALANCED,Generic,Australia Post Superannuation Scheme,42045077895,Public Sector,1010.5,3.00,High,608.00,,,,23.0
2019-12-31,LifetimeOne,Generic,Australian Catholic Superannuation and Retirement Fund,24680629023,Industry,5006.3,,,,,,,
2019-12-31,ADF MySuper,Generic,Australian Defence Force Superannuation Scheme,90302247344,Public Sector,365.2,3.50,Medium to high,574.00,11.0,1.0,,19.0
2019-12-31,Balanced (accumulation),Generic,Australian Ethical Retail Superannuation Fund,49633667743,Retail,1240.0,3.50,Medium to high,657.00,10.0,5.0,,
2019-12-31,AMIST MySuper,Generic,Australian Meat Industry Superannuation Trust,28342064803,Industry,2050.7,3.00,Medium to high,469.00,15.0,10.0,,5.0
2019-12-31,QSuper Lifetime,Generic,Australian Retirement Trust,60905115063,Public Sector,45985.6,,,,,,,
2019-12-31,AustralianSuper MySuper,Generic,AustralianSuper,65714394898,Industry,131949.3,3.84,High,417.00,7.0,13.0,,0.0
2019-12-31,AvSuper Growth (MySuper),Generic,AvSuper Fund,84421446069,Public Sector,769.7,3.50,Medium to high,560.00,10.0,8.0,,1.0
2019-12-31,MySuper Lifecycle,Generic,Aware Super,53226460365,Public Sector,56776.5,,,,,,,
2019-12-31,BOC MySuper,Generic,Boc Gases Superannuation Fund,49620344668,Corporate,473.4,2.60,High,644.00,11.0,8.4,,6.4
2019-12-31,BUSSQ MySuper,Generic,Building Unions Superannuation Scheme (Queensland),85571332201,Industry,3677.2,4.00,Medium to high,647.00,13.0,12.5,4.0,
2019-12-31,CareSuper,Generic,Care Super,98172275725,Industry,12540.0,5.70,Medium,583.00,12.0,8.0,,
2019-12-31,My Ethical Super,Generic,Christian Super,66628776348,Industry,988.2,2.60,High,700.00,10.1,6.0,,1.3
2019-12-31,Club Plus Super _ MySuper,Generic,Club Plus Superannuation Scheme,95275115088,Industry,2407.5,2.67,High,574.00,11.0,6.0,,16.0
2019-12-31,FirstChoice Employer Super,Generic,Colonial First State FirstChoice Superannuation Trust,26458298557,Retail,10226.1,,,,,,,
2019-12-31,Accumulate Plus Balanced,Generic,Commonwealth Bank Group Super,24248426878,Corporate,6258.3,2.00,High,412.65,8.1,7.2,,2.7
2019-12-31,Growth (Cbus MySuper),Generic,CONSTRUCTION AND BUILDING UNIONS SUPERANNUATION FUND,75493363262,Industry,47987.8,3.60,Medium to high,498.00,13.0,11.0,,5.0
2019-12-31,Balanced (MySuper),Generic,Energy Industries Superannuation Scheme-Pool A,22277243559,Public Sector,1090.8,3.00,Medium to high,475.00,10.0,10.0,,10.0
2019-12-31,MySuper,Generic,Energy Super,33761363685,Industry,2364.8,5.01,Medium to high,497.00,12.0,8.0,,13.0
2019-12-31,Equipsuper MySuper,Generic,equipsuper,33813823017,Industry,6482.2,5.35,Medium to high,482.00,7.0,7.0,,13.0
2019-12-31,Essential Super,Generic,Essential Super,56601925435,Retail,3669.0,,,,,,,
2019-12-31,First Super MySuper,Generic,First Super,56286625181,Industry,2864.7,3.50,Medium,818.00,10.0,10.0,,2.0
2019-12-31,Goldman Sachs & JBWere Superannuation Fund_MySuper Product,Generic,Goldman Sachs & JBWere Superannuation Fund,55697537183,Corporate,429.0,4.00,Very high,745.00,,,,7.0
2019-12-31,Guild Retirement Fund (MySuper),Generic,Guild Retirement Fund,22599554834,Retail,1529.3,,,,,,,
2019-12-31,HESTA MySuper,Generic,HESTA,64971749321,Industry,44032.6,3.79,Medium to high,515.00,9.5,12.0,,5.5
2019-12-31,Balanced option,Generic,HOSTPLUS Superannuation Fund,68657495890,Industry,38101.4,3.00,Medium to high,533.00,13.0,12.0,0.0,8.0
2019-12-31,MySuper,Generic,IAG & NRMA Superannuation Plan,58244115920,Corporate,1563.9,2.66,High,660.00,7.0,3.0,,20.0
2019-12-31,Active Balanced,Generic,Incitec Pivot Employees Superannuation Fund,68569795856,Retail,55.6,2.60,High,674.00,13.0,3.4,,8.4
2019-12-31,Intrust MySuper,Generic,Intrust Super Fund,65704511371,Industry,2146.0,4.69,Medium to high,633.00,10.0,5.0,,13.0
2019-12-31,IOOF MySuper,Generic,IOOF Portfolio Service Superannuation Fund,70815369818,Retail,3355.1,3.00,High,632.00,10.0,2.7,,3.6
2019-12-31,MySuper Balanced,Generic,Labour Union Co-Operative Retirement Fund,26382680883,Industry,5651.3,2.90,Medium to high,489.81,10.0,8.0,,7.0
2019-12-31,MySuper Balanced,Generic,legalsuper,60346078879,Industry,2175.3,3.00,Medium to high,632.60,12.0,9.8,,
2019-12-31,LESF MySuper,Generic,LESF Super,13704288646,Retail,146.3,2.50,High,645.00,3.0,3.0,,
2019-12-31,LGIASuper MySuper Lifecycle,Generic,LGIAsuper,23053121564,Public Sector,8151.7,,,,,,,
2019-12-31,Vision MySuper,Generic,Local Authorities Superannuation Fund,24496637884,Public Sector,4709.8,3.00,High,488.00,11.0,11.0,,0.0
2019-12-31,Active Super Lifestage Product,Generic,Local Government Super,28901371321,Public Sector,4308.9,,,,,,,
2019-12-31,Balanced Option_MySuper Compliant,Generic,Lutheran Super,93371348387,Corporate,302.5,3.00,Medium to high,536.00,10.0,10.0,,5.0
2019-12-31,MYSUPER INVESTMENT OPTION,Generic,Maritime Super,77455663441,Industry,1015.2,,,,,,,
2019-12-31,Max Super Fund MySuper Plan,Generic,Max Super Fund,22508720840,Retail,24.7,4.00,High,564.00,12.0,,,
2019-12-31,MIESF MySuper,Generic,Meat Industry Employees Superannuation Fund,17317520544,Industry,865.7,2.30,Medium,397.00,22.0,10.0,,
2019-12-31,Balanced investment option (accumulation),Generic,Media Super,42574421650,Industry,4446.5,3.30,Medium to high,480.00,10.0,12.0,,8.0
2019-12-31,Mercer Santos MySuper,Large employer,Mercer Super Trust,19905422981,Retail,244.0,4.70,Medium to high,472.92,8.0,6.5,0.5,5.7
2019-12-31,Mercer SmartPath,Generic,Mercer Super Trust,19905422981,Retail,9020.9,,,,,,,
2019-12-31,Mercer Tailored (CRG) MySuper,Large employer,Mercer Super Trust,19905422981,Retail,989.5,,,,,,,
2019-12-31,Mercer WGSP MySuper,Large employer,Mercer Super Trust,19905422981,Retail,1113.6,,,,,,,
2019-12-31,Virgin Money MySuper,Material goodwill,Mercer Super Trust,19905422981,Retail,585.3,,,,,,,
2019-12-31,MySuper Balanced,Generic,Mercy Super,11789425178,Corporate,1104.6,3.50,Medium to high,660.20,12.0,12.0,,6.0
2019-12-31,Default Lifecycle,Generic,Mine Superannuation Fund,16457520308,Industry,6864.0,,,,,,,
2019-12-31,MySuper,Generic,MLC Super Fund,70732426024,Retail,26735.9,,,,,,,
2019-12-31,NAB Staff MySuper,Large employer,MLC Super Fund,70732426024,Retail,2685.9,4.70,Medium to high,558.00,10.0,5.0,,8.0
2019-12-31,MyCatholicSuper,Generic,MyLifeMyMoney Superannuation Fund,50237896957,Industry,6268.8,,,,,,,
2019-12-31,NESS MySuper,Generic,NESS Super,72229227691,Industry,711.3,3.00,Medium to high,557.00,12.0,7.5,,0.0
2019-12-31,Diversified (MySuper),Generic,NGS Super,73549180515,Industry,7955.4,3.70,Medium to high,460.00,9.0,10.0,,10.0
2019-12-31,MySuper Passive Balanced,Generic,OneSuper,43905581638,Retail,43.2,2.50,High,561.00,3.0,3.0,,
2019-12-31,Perpetual MySuper,Generic,Perpetual's Select Superannuation Fund,51068260563,Retail,224.4,3.00,High,550.00,6.0,0.0,0.0,12.0
2019-12-31,Pitcher Retirement Plan MySuper,Generic,Pitcher Retirement Plan,15828677472,Corporate,33.7,2.40,Medium,965.00,8.0,4.0,,
2019-12-31,MySuper,Generic,Prime Super,60562335823,Industry,4572.1,3.00,Medium to high,604.00,7.5,14.0,,0.0
2019-12-31,PSSap MySuper Balanced,Generic,Public Sector Superannuation Accumulation Plan,65127917725,Public Sector,12852.6,3.50,Medium to high,574.00,11.0,1.0,,19.0
2019-12-31,Glidepath,Generic,Qantas Superannuation Plan,41272198829,Corporate,1132.0,,,,,,,
2019-12-31,Balanced,Generic,Rei Super,76641658449,Industry,1358.0,3.00,Medium to high,600.80,11.0,3.0,,0.0
2019-12-31,REST Super,Generic,Retail Employees Superannuation Trust,62653671394,Industry,50627.6,4.60,Medium to high,452.60,11.0,11.0,1.0,6.0
2019-12-31,ANZ Smart Choice Super for employers and their employees,Generic,Retirement Portfolio Service,61808189263,Retail,11019.9,,,,,,,
2019-12-31,ANZ Smart Choice Super for QBE Management Services Pty Ltd and their employees,Large employer,Retirement Portfolio Service,61808189263,Retail,364.5,,,,,,,
2019-12-31,BT Super MySuper,Generic,Retirement Wrap,39827542991,Retail,12705.0,,,,,,,
2019-12-31,Westpac Group Plan MySuper,Large employer,Retirement Wrap,39827542991,Retail,2846.4,,,,,,,
2019-12-31,General Division,Generic,Russell Investments Master Trust,89384753567,Retail,3645.6,4.00,Medium to high,693.00,9.7,7.7,2.0,2.0
2019-12-31,smartMonday Lifecycle,Generic,Smart Future Trust,68964712340,Retail,2416.3,,,,,,,
2019-12-31,Balanced (MySuper),Generic,Spirit Super,74559365913,Industry,11273.6,3.30,Medium to high,443.00,10.5,15.5,,0.0
2019-12-31,Suncorp Lifestage Funds,Generic,SPSL Master Trust,98350952022,Retail,2036.4,,,,,,,
2019-12-31,Statewide MySuper,Generic,Statewide Superannuation Trust,54145196298,Industry,6360.0,3.00,High,523.00,9.0,9.0,,
2019-12-31,Sunsuper for Life,Generic,Sunsuper Superannuation Fund,98503137921,Industry,43375.4,,,,,,,
2019-12-31,Tasplan MySuper,Generic,Tasplan Superannuation Fund,14602032302,Industry,6542.5,,,,,,,
2019-12-31,Telstra Super MySuper,Generic,Telstra Superannuation Scheme,85502108833,Corporate,7718.7,,,,,,,
2019-12-31,Bendigo MySuper,Generic,The Bendigo Superannuation Plan,57526653420,Retail,318.9,,,,,,,
2019-12-31,VISSF Balanced Option (MySuper Product),Generic,The Victorian Independent Schools Superannuation Fund,37024873660,Industry,449.2,3.00,High,527.00,5.0,3.0,,
2019-12-31,MySuper Growth,Generic,Toyota Super,58208377062,Corporate,565.0,4.00,High,608.00,6.0,2.6,,9.6
2019-12-31,Balanced (MySuper),Generic,TWU Superannuation Fund,77343563307,Industry,5317.9,4.43,Medium to high,758.00,9.0,8.0,,6.0
2019-12-31,UniSuper Balanced,Generic,Unisuper,91385943850,Industry,22380.2,4.60,High,371.00,9.0,2.5,,0.0
2019-12-31,Balanced,Generic,United Technologies Corporation Retirement Plan,33227241196,Retail,51.4,2.60,High,594.00,10.0,,,20.0
2019-12-31,Growth (MySuper),Generic,Victorian Superannuation Fund,85977964496,Public Sector,14427.0,3.50,Medium to high,583.00,8.5,8.0,,5.0
2019-12-31,My WA Super,Generic,WA Local Government Superannuation Plan,18159499614,Public Sector,1886.0,2.50,High,553.00,10.0,8.0,0.0,12.0
2019-12-31,BT Business MySuper,Generic,Westpac Mastertrust - Superannuation Division,81236903448,Retail,4699.5,,,,,,,
2019-09-30,AMG MySuper,Generic,AMG Super,30099320583,Retail,192.4,2.42,High,520.00,10.0,,,
2019-09-30,AMP MySuper No.1,Generic,AMP Retirement Trust,73310248809,Retail,1149.4,4.60,High,452.52,6.0,6.0,,0.0
2019-09-30,AMP MySuper No.3,Generic,AMP Super Fund,78421957449,Retail,1195.9,,,,,,,
2019-09-30,AFLPA & AFL Industry MySuper,Large employer,AMP Superannuation Savings Trust,76514770399,Retail,149.3,,,,,,,
2019-09-30,AMP MySuper No.2,Generic,AMP Superannuation Savings Trust,76514770399,Retail,14973.1,,,,,,,
2019-09-30,Anglican National MySuper,Large employer,AMP Superannuation Savings Trust,76514770399,Retail,159.3,,,,,,,
2019-09-30,Australia Post MySuper,Large employer,AMP Superannuation Savings Trust,76514770399,Retail,282.2,,,,,,,
2019-09-30,Brookfield Australia MySuper,Large employer,AMP Superannuation Savings Trust,76514770399,Retail,138.2,4.40,High,270.00,8.0,5.0,,8.0
2019-09-30,CCA MySuper,Large employer,AMP Superannuation Savings Trust,76514770399,Retail,382.8,,,,,,,
2019-09-30,Macquarie Group MySuper,Large employer,AMP Superannuation Savings Trust,76514770399,Retail,425.0,4.50,Medium to high,470.00,,,,12.5
2019-09-30,Water Corporation MySuper,Large employer,AMP Superannuation Savings Trust,76514770399,Retail,303.6,,,,,,,
2019-09-30,Woolworths Group MySuper,Large employer,AMP Superannuation Savings Trust,76514770399,Retail,3077.2,5.00,Medium to high,463.50,6.0,5.0,,6.0
2019-09-30,ANZ Staff MySuper,Generic,ANZ Australian Staff Superannuation Scheme,83810127567,Corporate,2323.5,2.90,Medium to high,325.00,9.5,6.0,,16.0
2019-09-30,Asgard Employee MySuper,Generic,ASGARD Independence Plan Division Two,90194410365,Retail,2675.0,,,,,,,
2019-09-30,BALANCED,Generic,Australia Post Superannuation Scheme,42045077895,Public Sector,982.4,3.00,High,613.00,,,,23.0
2019-09-30,LifetimeOne,Generic,Australian Catholic Superannuation and Retirement Fund,24680629023,Industry,4890.4,,,,,,,
2019-09-30,ADF MySuper,Generic,Australian Defence Force Superannuation Scheme,90302247344,Public Sector,312.5,3.50,Medium to high,574.00,10.0,1.0,,15.0
2019-09-30,Balanced (accumulation),Generic,Australian Ethical Retail Superannuation Fund,49633667743,Retail,1159.0,3.50,Medium to high,657.00,10.0,5.0,,
2019-09-30,AMIST MySuper,Generic,Australian Meat Industry Superannuation Trust,28342064803,Industry,1986.8,3.00,Medium to high,469.00,15.0,10.0,,5.0
2019-09-30,QSuper Lifetime,Generic,Australian Retirement Trust,60905115063,Public Sector,45899.8,,,,,,,
2019-09-30,AustralianSuper MySuper,Generic,AustralianSuper,65714394898,Industry,125116.0,3.84,High,417.00,7.0,13.0,,0.0
2019-09-30,AvSuper Growth (MySuper),Generic,AvSuper Fund,84421446069,Public Sector,745.1,3.50,Medium to high,560.00,10.0,8.0,,1.0
2019-09-30,MySuper Lifecycle,Generic,Aware Super,53226460365,Public Sector,55477.0,,,,,,,
2019-09-30,BOC MySuper,Generic,Boc Gases Superannuation Fund,49620344668,Corporate,462.0,2.60,High,649.00,11.0,7.4,,7.4
2019-09-30,BUSSQ MySuper,Generic,Building Unions Superannuation Scheme (Queensland),85571332201,Industry,3570.9,4.00,Medium to high,647.00,13.0,12.5,4.0,
2019-09-30,CareSuper,Generic,Care Super,98172275725,Industry,12211.1,5.70,Medium,583.00,12.0,8.0,,
2019-09-30,My Ethical Super,Generic,Christian Super,66628776348,Industry,972.3,2.60,High,700.00,10.0,6.0,,0.3
2019-09-30,Club Plus Super _ MySuper,Generic,Club Plus Superannuation Scheme,95275115088,Industry,2374.5,2.67,High,599.00,11.0,6.0,,16.0
2019-09-30,Club MySuper,Generic,Club Super,12737334298,Industry,487.1,3.51,Medium to high,746.00,11.0,10.0,,10.0
2019-09-30,FirstChoice Employer Super,Generic,Colonial First State FirstChoice Superannuation Trust,26458298557,Retail,10017.5,,,,,,,
2019-09-30,Accumulate Plus Balanced,Generic,Commonwealth Bank Group Super,24248426878,Corporate,6086.3,2.00,High,412.65,8.1,7.2,,2.7
2019-09-30,Growth (Cbus MySuper),Generic,CONSTRUCTION AND BUILDING UNIONS SUPERANNUATION FUND,75493363262,Industry,46169.9,3.60,Medium to high,478.00,13.0,11.0,,5.0
2019-09-30,Balanced (MySuper),Generic,Energy Industries Superannuation Scheme-Pool A,22277243559,Public Sector,1425.7,2.50,Medium,420.00,10.0,10.0,,17.0
2019-09-30,MySuper,Generic,Energy Super,33761363685,Industry,2274.8,4.94,Medium to high,532.00,12.0,8.0,,13.0
2019-09-30,Equipsuper MySuper,Generic,equipsuper,33813823017,Industry,6355.1,3.75,Medium,432.00,7.0,7.0,,13.0
2019-09-30,Essential Super,Generic,Essential Super,56601925435,Retail,3598.6,,,,,,,
2019-09-30,First Super MySuper,Generic,First Super,56286625181,Industry,2847.1,3.50,Medium,818.00,10.0,10.0,,2.0
2019-09-30,Goldman Sachs & JBWere Superannuation Fund_MySuper Product,Generic,Goldman Sachs & JBWere Superannuation Fund,55697537183,Corporate,435.6,4.00,Very high,745.00,,,,7.0
2019-09-30,Guild Retirement Fund (MySuper),Generic,Guild Retirement Fund,22599554834,Retail,1460.2,,,,,,,
2019-09-30,HESTA MySuper,Generic,HESTA,64971749321,Industry,42808.1,3.79,Medium to high,515.00,9.5,12.0,,5.5
2019-09-30,Balanced option,Generic,HOSTPLUS Superannuation Fund,68657495890,Industry,35353.7,3.00,Medium to high,533.00,13.0,12.0,0.0,8.0
2019-09-30,MySuper,Generic,IAG & NRMA Superannuation Plan,58244115920,Corporate,1530.5,2.66,High,660.00,7.0,3.0,,20.0
2019-09-30,Active Balanced,Generic,Incitec Pivot Employees Superannuation Fund,68569795856,Retail,55.1,2.60,High,674.00,13.0,3.4,,8.4
2019-09-30,Intrust MySuper,Generic,Intrust Super Fund,65704511371,Industry,2090.6,4.69,Medium to high,558.00,10.0,5.0,,13.0
2019-09-30,IOOF MySuper,Generic,IOOF Portfolio Service Superannuation Fund,70815369818,Retail,3332.8,3.00,High,632.00,10.0,2.7,,3.6
2019-09-30,MySuper Balanced,Generic,Labour Union Co-Operative Retirement Fund,26382680883,Industry,5559.8,2.90,Medium to high,489.81,10.0,8.0,,7.0
2019-09-30,MySuper Balanced,Generic,legalsuper,60346078879,Industry,2187.6,3.00,Medium to high,632.60,12.0,9.8,,
2019-09-30,LESF MySuper,Generic,LESF Super,13704288646,Retail,149.2,2.50,High,645.00,3.0,3.0,,
2019-09-30,LGIASuper MySuper Lifecycle,Generic,LGIAsuper,23053121564,Public Sector,7939.2,,,,,,,
2019-09-30,Vision MySuper,Generic,Local Authorities Superannuation Fund,24496637884,Public Sector,4568.2,3.00,High,498.00,11.1,11.0,,5.0
2019-09-30,Active Super Lifestage Product,Generic,Local Government Super,28901371321,Public Sector,4188.3,,,,,,,
2019-09-30,Balanced Option_MySuper Compliant,Generic,Lutheran Super,93371348387,Corporate,292.9,3.00,Medium to high,536.00,10.0,10.0,,5.0
2019-09-30,Moderate investment option,Generic,Maritime Super,77455663441,Industry,999.6,4.00,Medium,853.00,7.0,4.0,,10.0
2019-09-30,Max Super Fund MySuper Plan,Generic,Max Super Fund,22508720840,Retail,24.7,4.00,High,564.00,12.0,,,
2019-09-30,MIESF MySuper,Generic,Meat Industry Employees Superannuation Fund,17317520544,Industry,848.0,2.30,Medium,397.00,22.0,10.0,,
2019-09-30,Balanced investment option (accumulation),Generic,Media Super,42574421650,Industry,4416.8,3.30,Medium to high,500.00,10.0,12.0,,8.0
2019-09-30,Mercer Santos MySuper,Large employer,Mercer Super Trust,19905422981,Retail,214.4,4.70,Medium to high,512.92,8.0,6.5,0.5,10.5
2019-09-30,Mercer SmartPath,Generic,Mercer Super Trust,19905422981,Retail,8998.3,,,,,,,
2019-09-30,Mercer Tailored (CRG) MySuper,Large employer,Mercer Super Trust,19905422981,Retail,990.7,,,,,,,
2019-09-30,Mercer WGSP MySuper,Large employer,Mercer Super Trust,19905422981,Retail,1109.0,,,,,,,
2019-09-30,Virgin Money MySuper,Material goodwill,Mercer Super Trust,19905422981,Retail,575.0,,,,,,,
2019-09-30,MySuper Balanced,Generic,Mercy Super,11789425178,Corporate,1070.9,3.50,Medium to high,660.20,12.0,12.0,,6.0
2019-09-30,Default Lifecycle,Generic,Mine Superannuation Fund,16457520308,Industry,6811.4,,,,,,,
2019-09-30,MySuper,Generic,MLC Super Fund,70732426024,Retail,26243.3,,,,,,,
2019-09-30,NAB Staff MySuper,Large employer,MLC Super Fund,70732426024,Retail,2611.4,4.70,Medium to high,573.00,10.0,5.0,,8.0
2019-09-30,MyCatholicSuper,Generic,MyLifeMyMoney Superannuation Fund,50237896957,Industry,6118.8,,,,,,,
2019-09-30,NESS MySuper,Generic,NESS Super,72229227691,Industry,694.8,3.00,Medium to high,557.00,12.0,7.5,,0.0
2019-09-30,Diversified (MySuper),Generic,NGS Super,73549180515,Industry,7618.1,3.70,Medium to high,615.00,9.0,10.0,,10.0
2019-09-30,MySuper Passive Balanced,Generic,OneSuper,43905581638,Retail,42.6,2.50,High,561.00,3.0,3.0,,
2019-09-30,Perpetual MySuper,Generic,Perpetual's Select Superannuation Fund,51068260563,Retail,231.8,3.00,High,550.00,6.0,0.0,0.0,12.0
2019-09-30,Pitcher Retirement Plan MySuper,Generic,Pitcher Retirement Plan,15828677472,Corporate,32.6,2.40,Medium,965.00,8.0,4.0,,
2019-09-30,MySuper,Generic,Prime Super,60562335823,Industry,4434.1,3.00,Medium to high,604.00,7.5,14.0,,0.0
2019-09-30,PSSap MySuper Balanced,Generic,Public Sector Superannuation Accumulation Plan,65127917725,Public Sector,12402.6,3.50,Medium to high,574.00,10.0,1.0,,15.0
2019-09-30,Glidepath,Generic,Qantas Superannuation Plan,41272198829,Corporate,1127.1,,,,,,,
2019-09-30,Balanced,Generic,Rei Super,76641658449,Industry,1326.1,3.00,Medium to high,660.80,11.0,3.0,,0.0
2019-09-30,REST Super,Generic,Retail Employees Superannuation Trust,62653671394,Industry,49983.6,4.60,Medium to high,452.60,11.0,11.0,1.0,6.0
2019-09-30,ANZ Smart Choice Super for employers and their employees,Generic,Retirement Portfolio Service,61808189263,Retail,10929.3,,,,,,,
2019-09-30,ANZ Smart Choice Super for QBE Management Services Pty Ltd and their employees,Large employer,Retirement Portfolio Service,61808189263,Retail,358.6,,,,,,,
2019-09-30,BT Super MySuper,Generic,Retirement Wrap,39827542991,Retail,12350.5,,,,,,,
2019-09-30,Westpac Group Plan MySuper,Large employer,Retirement Wrap,39827542991,Retail,2729.9,,,,,,,
2019-09-30,General Division,Generic,Russell Investments Master Trust,89384753567,Retail,3593.8,4.00,Medium to high,693.00,10.0,7.5,2.0,2.0
2019-09-30,smartMonday Lifecycle,Generic,Smart Future Trust,68964712340,Retail,2389.1,,,,,,,
2019-09-30,Balanced (MySuper),Generic,Spirit Super,74559365913,Industry,10927.8,3.30,Medium to high,443.00,10.5,15.5,,0.0
2019-09-30,Suncorp Lifestage Funds,Generic,SPSL Master Trust,98350952022,Retail,1988.1,,,,,,,
2019-09-30,Statewide MySuper,Generic,Statewide Superannuation Trust,54145196298,Industry,6155.5,3.00,High,523.00,9.0,9.0,,
2019-09-30,Sunsuper for Life,Generic,Sunsuper Superannuation Fund,98503137921,Industry,42686.1,,,,,,,
2019-09-30,Tasplan MySuper,Generic,Tasplan Superannuation Fund,14602032302,Industry,6343.6,,,,,,,
2019-09-30,Telstra Super MySuper,Generic,Telstra Superannuation Scheme,85502108833,Corporate,7555.6,,,,,,,
2019-09-30,Bendigo MySuper,Generic,The Bendigo Superannuation Plan,57526653420,Retail,307.5,,,,,,,
2019-09-30,VISSF Balanced Option (MySuper Product),Generic,The Victorian Independent Schools Superannuation Fund,37024873660,Industry,448.1,3.00,High,527.00,5.0,3.0,,
2019-09-30,MySuper Growth,Generic,Toyota Super,58208377062,Corporate,561.7,4.00,High,608.00,6.0,2.6,,9.6
2019-09-30,Balanced (MySuper),Generic,TWU Superannuation Fund,77343563307,Industry,5173.7,4.27,Medium to high,808.00,9.0,8.0,,6.0
2019-09-30,UniSuper Balanced,Generic,Unisuper,91385943850,Industry,21401.8,4.60,High,371.00,9.0,2.5,,
2019-09-30,Balanced,Generic,United Technologies Corporation Retirement Plan,33227241196,Retail,51.7,2.60,High,594.00,10.0,,,20.0
2019-09-30,Growth (MySuper),Generic,Victorian Superannuation Fund,85977964496,Public Sector,13936.2,3.50,Medium to high,583.00,8.5,8.0,,5.0
2019-09-30,My WA Super,Generic,WA Local Government Superannuation Plan,18159499614,Public Sector,1852.5,2.50,High,553.00,10.0,8.0,0.0,12.0
2019-09-30,BT Business MySuper,Generic,Westpac Mastertrust - Superannuation Division,81236903448,Retail,4593.0,,,,,,,
2019-06-30,AMG MySuper,Generic,AMG Super,30099320583,Retail,192.0,2.42,High,520.00,10.0,,,
2019-06-30,AMP MySuper No.1,Generic,AMP Retirement Trust,73310248809,Retail,1108.2,4.20,Medium to high,432.52,6.0,6.0,,0.0
2019-06-30,AMP MySuper No.3,Generic,AMP Super Fund,78421957449,Retail,1237.0,,,,,,,
2019-06-30,AFLPA & AFL Industry MySuper,Large employer,AMP Superannuation Savings Trust,76514770399,Retail,144.7,,,,,,,
2019-06-30,AMP MySuper No.2,Generic,AMP Superannuation Savings Trust,76514770399,Retail,14868.9,,,,,,,
2019-06-30,Anglican National MySuper,Large employer,AMP Superannuation Savings Trust,76514770399,Retail,155.8,,,,,,,
2019-06-30,Australia Post MySuper,Large employer,AMP Superannuation Savings Trust,76514770399,Retail,267.0,,,,,,,
2019-06-30,Brookfield Australia MySuper,Large employer,AMP Superannuation Savings Trust,76514770399,Retail,135.0,4.40,Medium to high,275.00,8.0,4.0,,8.0
2019-06-30,CCA MySuper,Large employer,AMP Superannuation Savings Trust,76514770399,Retail,383.1,,,,,,,
2019-06-30,Macquarie Group MySuper,Large employer,AMP Superannuation Savings Trust,76514770399,Retail,416.4,4.10,Medium to high,495.00,,,,12.5
2019-06-30,Water Corporation MySuper,Large employer,AMP Superannuation Savings Trust,76514770399,Retail,304.0,,,,,,,
2019-06-30,Woolworths Group MySuper,Large employer,AMP Superannuation Savings Trust,76514770399,Retail,3072.4,4.60,Medium to high,468.50,6.0,5.0,,6.0
2019-06-30,ANZ Staff MySuper,Generic,ANZ Australian Staff Superannuation Scheme,83810127567,Corporate,2158.2,3.60,Medium to high,325.00,9.5,6.0,,16.0
2019-06-30,Asgard Employee MySuper,Generic,ASGARD Independence Plan Division Two,90194410365,Retail,2648.5,,,,,,,
2019-06-30,BALANCED,Generic,Australia Post Superannuation Scheme,42045077895,Public Sector,976.0,3.00,High,658.00,,,,23.0
2019-06-30,LifetimeOne,Generic,Australian Catholic Superannuation and Retirement Fund,24680629023,Industry,4666.8,,,,,,,
2019-06-30,ADF MySuper,Generic,Australian Defence Force Superannuation Scheme,90302247344,Public Sector,262.7,3.50,Medium to high,535.00,10.0,1.0,,15.0
2019-06-30,Balanced (accumulation),Generic,Australian Ethical Retail Superannuation Fund,49633667743,Retail,1041.8,3.50,Medium to high,662.00,10.0,,,
2019-06-30,AMIST MySuper,Generic,Australian Meat Industry Superannuation Trust,28342064803,Industry,1950.3,2.00,Medium to high,469.00,15.0,10.0,,5.0
2019-06-30,QSuper Lifetime,Generic,Australian Retirement Trust,60905115063,Public Sector,44033.5,,,,,,,
2019-06-30,AustralianSuper MySuper,Generic,AustralianSuper,65714394898,Industry,119403.5,3.84,High,447.00,7.0,12.0,,0.0
2019-06-30,AvSuper Growth (MySuper),Generic,AvSuper Fund,84421446069,Public Sector,737.7,3.50,Medium to high,560.00,10.0,8.0,,1.0
2019-06-30,MySuper Lifecycle,Generic,Aware Super,53226460365,Public Sector,54853.9,,,,,,,
2019-06-30,BOC MySuper,Generic,Boc Gases Superannuation Fund,49620344668,Corporate,462.2,2.60,High,654.00,11.0,7.4,,7.4
2019-06-30,BUSSQ MySuper,Generic,Building Unions Superannuation Scheme (Queensland),85571332201,Industry,3510.9,4.00,Medium,598.00,13.0,12.5,4.0,
2019-06-30,CareSuper,Generic,Care Super,98172275725,Industry,12075.9,5.70,Medium,583.00,12.0,7.0,,
2019-06-30,My Ethical Super,Generic,Christian Super,66628776348,Industry,970.6,2.62,High,711.00,10.6,2.8,,0.3
2019-06-30,Club Plus Super _ MySuper,Generic,Club Plus Superannuation Scheme,95275115088,Industry,2349.8,2.68,High,599.00,11.0,6.0,,16.0
2019-06-30,Club MySuper,Generic,Club Super,12737334298,Industry,480.8,3.43,High,786.00,11.0,10.0,,10.0
2019-06-30,FirstChoice Employer Super,Generic,Colonial First State FirstChoice Superannuation Trust,26458298557,Retail,9813.8,,,,,,,
2019-06-30,Accumulate Plus Balanced,Generic,Commonwealth Bank Group Super,24248426878,Corporate,5974.1,2.50,High,443.00,8.1,7.2,,2.7
2019-06-30,Growth (Cbus MySuper),Generic,CONSTRUCTION AND BUILDING UNIONS SUPERANNUATION FUND,75493363262,Industry,44866.8,3.60,Medium to high,538.00,13.0,11.0,,5.0
2019-06-30,Balanced (MySuper),Generic,Energy Industries Superannuation Scheme-Pool A,22277243559,Public Sector,1420.7,2.50,Medium,460.00,10.0,10.0,,17.0
2019-06-30,MySuper,Generic,Energy Super,33761363685,Industry,2239.4,4.62,Medium to high,642.00,12.0,8.0,,13.0
2019-06-30,Equipsuper MySuper,Generic,equipsuper,33813823017,Industry,6272.9,3.75,Medium,442.00,7.0,7.0,,13.0
2019-06-30,Essential Super,Generic,Essential Super,56601925435,Retail,3488.6,,,,,,,
2019-06-30,First Super MySuper,Generic,First Super,56286625181,Industry,2793.0,3.50,Medium,633.49,10.0,10.0,,2.0
2019-06-30,Goldman Sachs & JBWere Superannuation Fund_MySuper Product,Generic,Goldman Sachs & JBWere Superannuation Fund,55697537183,Corporate,443.2,4.00,Very high,750.00,,,,7.0
2019-06-30,Guild Retirement Fund (MySuper),Generic,Guild Retirement Fund,22599554834,Retail,1411.4,,,,,,,
2019-06-30,HESTA MySuper,Generic,HESTA,64971749321,Industry,40202.0,4.88,Medium to high,555.00,9.5,12.0,0.0,8.5
2019-06-30,Balanced option,Generic,HOSTPLUS Superannuation Fund,68657495890,Industry,33839.6,3.00,High,608.00,13.0,12.0,0.0,8.0
2019-06-30,MySuper,Generic,IAG & NRMA Superannuation Plan,58244115920,Corporate,1503.7,2.66,High,785.00,7.0,3.0,,20.0
2019-06-30,Active Balanced,Generic,Incitec Pivot Employees Superannuation Fund,68569795856,Retail,54.7,2.60,High,674.00,13.0,3.4,,8.4
2019-06-30,Intrust MySuper,Generic,Intrust Super Fund,65704511371,Industry,2057.3,5.00,Medium to high,568.00,10.0,5.0,,13.0
2019-06-30,IOOF MySuper,Generic,IOOF Portfolio Service Superannuation Fund,70815369818,Retail,3303.2,3.00,Medium to high,632.00,10.0,2.7,,3.6
2019-06-30,MySuper Balanced,Generic,Labour Union Co-Operative Retirement Fund,26382680883,Industry,5454.6,3.00,Medium to high,488.12,10.0,8.0,,7.0
2019-06-30,MySuper Balanced,Generic,legalsuper,60346078879,Industry,2059.7,3.00,Medium to high,658.00,12.0,7.0,,
2019-06-30,LESF MySuper,Generic,LESF Super,13704288646,Retail,150.1,2.50,High,645.00,3.0,3.0,,
2019-06-30,LGIASuper MySuper Lifecycle,Generic,LGIAsuper,23053121564,Public Sector,7757.3,,,,,,,
2019-06-30,Vision MySuper,Generic,Local Authorities Superannuation Fund,24496637884,Public Sector,4237.5,2.90,High,508.00,11.0,11.0,,5.0
2019-06-30,Active Super Lifestage Product,Generic,Local Government Super,28901371321,Public Sector,4051.2,,,,,,,
2019-06-30,Balanced Option_MySuper Compliant,Generic,Lutheran Super,93371348387,Corporate,290.0,4.00,Medium to high,511.00,10.0,10.0,,5.0
2019-06-30,Moderate investment option,Generic,Maritime Super,77455663441,Industry,994.1,4.00,Medium,958.00,7.0,4.0,,10.0
2019-06-30,Max Super Fund MySuper Plan,Generic,Max Super Fund,22508720840,Retail,23.9,4.00,Medium to high,564.00,12.0,,,
2019-06-30,MIESF MySuper,Generic,Meat Industry Employees Superannuation Fund,17317520544,Industry,848.1,2.70,Medium,342.00,22.0,10.0,,
2019-06-30,Balanced investment option (accumulation),Generic,Media Super,42574421650,Industry,4225.1,3.40,Medium to high,515.00,10.0,12.0,,8.0
2019-06-30,Mercer Santos MySuper,Large employer,Mercer Super Trust,19905422981,Retail,211.2,4.70,Medium to high,509.92,8.0,6.5,0.5,10.3
2019-06-30,Mercer SmartPath,Generic,Mercer Super Trust,19905422981,Retail,8577.1,,,,,,,
2019-06-30,Mercer Tailored (CRG) MySuper,Large employer,Mercer Super Trust,19905422981,Retail,940.3,,,,,,,
2019-06-30,Mercer WGSP MySuper,Large employer,Mercer Super Trust,19905422981,Retail,1052.1,,,,,,,
2019-06-30,Virgin Money MySuper,Material goodwill,Mercer Super Trust,19905422981,Retail,547.6,,,,,,,
2019-06-30,MySuper Balanced,Generic,Mercy Super,11789425178,Corporate,1045.4,3.50,Medium,675.20,12.0,12.0,,6.0
2019-06-30,Default Lifecycle,Generic,Mine Superannuation Fund,16457520308,Industry,6700.8,,,,,,,
2019-06-30,MySuper,Generic,MLC Super Fund,70732426024,Retail,25830.0,,,,,,,
2019-06-30,NAB Staff MySuper,Large employer,MLC Super Fund,70732426024,Retail,2587.1,4.70,Medium to high,573.00,10.0,5.0,,8.0
2019-06-30,MyCatholicSuper,Generic,MyLifeMyMoney Superannuation Fund,50237896957,Industry,6018.5,,,,,,,
2019-06-30,NESS MySuper,Generic,NESS Super,72229227691,Industry,680.1,3.00,Medium to high,557.00,12.0,7.5,,
2019-06-30,Diversified (MySuper),Generic,NGS Super,73549180515,Industry,7499.1,3.80,Medium to high,665.00,9.0,10.0,,10.0
2019-06-30,MySuper Passive Balanced,Generic,OneSuper,43905581638,Retail,41.4,2.50,High,561.63,3.0,3.0,,
2019-06-30,Perpetual MySuper,Generic,Perpetual's Select Superannuation Fund,51068260563,Retail,232.4,3.00,High,565.00,6.0,0.0,0.0,12.0
2019-06-30,Pitcher Retirement Plan MySuper,Generic,Pitcher Retirement Plan,15828677472,Corporate,31.8,2.40,Medium,961.00,8.0,4.0,,
2019-06-30,MySuper,Generic,Prime Super,60562335823,Industry,4428.8,3.00,Medium to high,679.00,6.5,13.0,,0.0
2019-06-30,PSSap MySuper Balanced,Generic,Public Sector Superannuation Accumulation Plan,65127917725,Public Sector,12000.1,3.50,Medium to high,535.00,10.0,1.0,,15.0
2019-06-30,Glidepath,Generic,Qantas Superannuation Plan,41272198829,Corporate,1087.2,,,,,,,
2019-06-30,Balanced,Generic,Rei Super,76641658449,Industry,1304.4,3.00,Medium to high,660.80,11.0,3.0,,0.0
2019-06-30,REST Super,Generic,Retail Employees Superannuation Trust,62653671394,Industry,48961.0,4.80,Medium to high,497.60,9.0,8.0,1.0,10.0
2019-06-30,ANZ Smart Choice Super for employers and their employees,Generic,Retirement Portfolio Service,61808189263,Retail,10795.5,,,,,,,
2019-06-30,ANZ Smart Choice Super for QBE Management Services Pty Ltd and their employees,Large employer,Retirement Portfolio Service,61808189263,Retail,351.9,,,,,,,
2019-06-30,BT Super MySuper,Generic,Retirement Wrap,39827542991,Retail,12078.7,,,,,,,
2019-06-30,Westpac Group Plan MySuper,Large employer,Retirement Wrap,39827542991,Retail,2627.5,,,,,,,
2019-06-30,General Division,Generic,Russell Investments Master Trust,89384753567,Retail,3583.6,4.00,Medium to high,804.79,10.0,7.5,2.0,2.0
2019-06-30,smartMonday Lifecycle,Generic,Smart Future Trust,68964712340,Retail,2334.9,,,,,,,
2019-06-30,Balanced (MySuper),Generic,Spirit Super,74559365913,Industry,10757.7,3.20,Medium to high,503.00,9.5,14.0,,0.0
2019-06-30,Suncorp Lifestage Funds,Generic,SPSL Master Trust,98350952022,Retail,1939.4,,,,,,,
2019-06-30,Statewide MySuper,Generic,Statewide Superannuation Trust,54145196298,Industry,6037.1,5.08,High,523.00,9.0,9.0,,
2019-06-30,Sunsuper for Life,Generic,Sunsuper Superannuation Fund,98503137921,Industry,41611.2,,,,,,,
2019-06-30,Tasplan MySuper,Generic,Tasplan Superannuation Fund,14602032302,Industry,6059.8,,,,,,,
2019-06-30,Telstra Super MySuper,Generic,Telstra Superannuation Scheme,85502108833,Corporate,7376.4,,,,,,,
2019-06-30,Bendigo MySuper,Generic,The Bendigo Superannuation Plan,57526653420,Retail,292.6,,,,,,,
2019-06-30,VISSF Balanced Option (MySuper Product),Generic,The Victorian Independent Schools Superannuation Fund,37024873660,Industry,433.4,3.00,High,567.00,5.0,3.0,,
2019-06-30,MySuper Growth,Generic,Toyota Super,58208377062,Corporate,559.4,4.00,High,608.00,8.0,2.2,,9.2
2019-06-30,Balanced (MySuper),Generic,TWU Superannuation Fund,77343563307,Industry,5117.9,4.51,Medium to high,808.00,9.0,8.0,,6.0
2019-06-30,UniSuper Balanced,Generic,Unisuper,91385943850,Industry,20902.3,4.60,High,361.00,9.0,2.5,,
2019-06-30,Balanced,Generic,United Technologies Corporation Retirement Plan,33227241196,Retail,52.3,2.60,High,575.00,10.0,,,20.0
2019-06-30,Growth (MySuper),Generic,Victorian Superannuation Fund,85977964496,Public Sector,13492.0,3.50,Medium to high,563.00,8.0,6.0,,7.0
2019-06-30,My WA Super,Generic,WA Local Government Superannuation Plan,18159499614,Public Sector,1796.0,2.50,High,553.00,10.0,8.0,0.0,12.0
2019-06-30,BT Business MySuper,Generic,Westpac Mastertrust - Superannuation Division,81236903448,Retail,4506.2,,,,,,,
2019-03-31,AMG MySuper,Generic,AMG Super,30099320583,Retail,192.1,2.42,High,520.00,10.0,,,
2019-03-31,AMP MySuper No.1,Generic,AMP Retirement Trust,73310248809,Retail,1036.1,4.20,Medium to high,432.52,6.0,6.0,,0.0
2019-03-31,AMP MySuper No.3,Generic,AMP Super Fund,78421957449,Retail,1214.7,,,,,,,
2019-03-31,AFLPA & AFL Industry MySuper,Large employer,AMP Superannuation Savings Trust,76514770399,Retail,136.8,,,,,,,
2019-03-31,AMP MySuper No.2,Generic,AMP Superannuation Savings Trust,76514770399,Retail,14433.4,,,,,,,
2019-03-31,Anglican National MySuper,Large employer,AMP Superannuation Savings Trust,76514770399,Retail,147.4,,,,,,,
2019-03-31,Australia Post MySuper,Large employer,AMP Superannuation Savings Trust,76514770399,Retail,245.7,,,,,,,
2019-03-31,Brookfield Australia MySuper,Large employer,AMP Superannuation Savings Trust,76514770399,Retail,128.4,4.40,Medium to high,275.00,8.0,4.0,,8.0
2019-03-31,CCA MySuper,Large employer,AMP Superannuation Savings Trust,76514770399,Retail,370.3,,,,,,,
2019-03-31,Macquarie Group MySuper,Large employer,AMP Superannuation Savings Trust,76514770399,Retail,395.5,4.10,Medium to high,495.00,,,,12.5
2019-03-31,Water Corporation MySuper,Large employer,AMP Superannuation Savings Trust,76514770399,Retail,297.6,,,,,,,
2019-03-31,Woolworths Group MySuper,Large employer,AMP Superannuation Savings Trust,76514770399,Retail,2982.9,4.60,Medium to high,468.50,6.0,5.0,,6.0
2019-03-31,ANZ Staff MySuper,Generic,ANZ Australian Staff Superannuation Scheme,83810127567,Corporate,2063.7,3.60,Medium to high,325.00,9.5,6.0,,16.0
2019-03-31,Asgard Employee MySuper,Generic,ASGARD Independence Plan Division Two,90194410365,Retail,2556.5,,,,,,,
2019-03-31,BALANCED,Generic,Australia Post Superannuation Scheme,42045077895,Public Sector,958.9,3.00,High,658.00,,,,23.0
2019-03-31,LifetimeOne,Generic,Australian Catholic Superannuation and Retirement Fund,24680629023,Industry,4502.3,,,,,,,
2019-03-31,ADF MySuper,Generic,Australian Defence Force Superannuation Scheme,90302247344,Public Sector,216.0,3.50,Medium to high,535.00,10.0,1.0,,15.0
2019-03-31,Balanced (accumulation),Generic,Australian Ethical Retail Superannuation Fund,49633667743,Retail,971.0,3.50,Medium to high,662.00,10.0,5.0,,
2019-03-31,AMIST MySuper,Generic,Australian Meat Industry Superannuation Trust,28342064803,Industry,1880.1,2.00,Medium to high,469.00,15.0,10.0,,5.0
2019-03-31,QSuper Lifetime,Generic,Australian Retirement Trust,60905115063,Public Sector,41564.9,,,,,,,
2019-03-31,AustralianSuper MySuper,Generic,AustralianSuper,65714394898,Industry,102994.3,3.84,High,447.00,7.0,12.0,,0.0
2019-03-31,AvSuper Growth (MySuper),Generic,AvSuper Fund,84421446069,Public Sector,711.8,3.50,Medium to high,560.00,10.0,8.0,,1.0
2019-03-31,MySuper Lifecycle,Generic,Aware Super,53226460365,Public Sector,52338.3,,,,,,,
2019-03-31,BOC MySuper,Generic,Boc Gases Superannuation Fund,49620344668,Corporate,445.1,2.60,High,654.00,11.0,7.4,,7.4
2019-03-31,BUSSQ MySuper,Generic,Building Unions Superannuation Scheme (Queensland),85571332201,Industry,3426.3,4.00,Medium,598.00,13.0,12.5,4.0,
2019-03-31,CareSuper,Generic,Care Super,98172275725,Industry,11557.1,5.70,Medium,603.00,12.0,7.0,,
2019-03-31,Growth MySuper,Generic,CBH Superannuation Fund,84433159328,Corporate,15.9,3.75,High,460.00,15.0,,,0.0
2019-03-31,My Ethical Super,Generic,Christian Super,66628776348,Industry,925.1,2.62,High,711.00,10.0,3.2,,0.1
2019-03-31,Club Plus Super _ MySuper,Generic,Club Plus Superannuation Scheme,95275115088,Industry,2266.1,2.68,High,599.00,11.0,6.0,,16.0
2019-03-31,Club MySuper,Generic,Club Super,12737334298,Industry,474.2,3.43,High,786.00,11.0,10.0,,10.0
2019-03-31,FirstChoice Employer Super,Generic,Colonial First State FirstChoice Superannuation Trust,26458298557,Retail,9378.5,,,,,,,
2019-03-31,Accumulate Plus Balanced,Generic,Commonwealth Bank Group Super,24248426878,Corporate,5784.5,2.50,High,443.00,8.1,7.2,,2.7
2019-03-31,Growth (Cbus MySuper),Generic,CONSTRUCTION AND BUILDING UNIONS SUPERANNUATION FUND,75493363262,Industry,42465.2,3.60,Medium to high,538.00,13.0,11.0,,5.0
2019-03-31,Balanced (MySuper),Generic,Energy Industries Superannuation Scheme-Pool A,22277243559,Public Sector,1380.5,2.50,Medium,460.00,10.0,10.0,,17.0
2019-03-31,MySuper,Generic,Energy Super,33761363685,Industry,2175.3,4.62,Medium to high,642.00,12.0,8.0,,13.0
2019-03-31,Equipsuper MySuper,Generic,equipsuper,33813823017,Industry,6073.8,3.75,Medium,442.00,7.0,7.0,,13.0
2019-03-31,Essential Super,Generic,Essential Super,56601925435,Retail,3328.0,,,,,,,
2019-03-31,First Super MySuper,Generic,First Super,56286625181,Industry,2689.6,3.50,Medium,633.49,10.0,10.0,,2.0
2019-03-31,Goldman Sachs & JBWere Superannuation Fund_MySuper Product,Generic,Goldman Sachs & JBWere Superannuation Fund,55697537183,Corporate,397.2,4.00,Very high,750.00,,,,7.0
2019-03-31,Guild Retirement Fund (MySuper),Generic,Guild Retirement Fund,22599554834,Retail,1340.9,,,,,,,
2019-03-31,HESTA MySuper,Generic,HESTA,64971749321,Industry,39393.7,4.88,Medium to high,555.00,9.5,12.0,,5.5
2019-03-31,Balanced option,Generic,HOSTPLUS Superannuation Fund,68657495890,Industry,31822.3,3.00,High,608.00,13.0,12.0,0.0,8.0
2019-03-31,MySuper,Generic,IAG & NRMA Superannuation Plan,58244115920,Corporate,1451.8,2.66,High,785.00,7.0,3.0,,20.0
2019-03-31,Active Balanced,Generic,Incitec Pivot Employees Superannuation Fund,68569795856,Retail,51.7,2.60,High,674.00,13.0,3.4,,8.4
2019-03-31,Intrust MySuper,Generic,Intrust Super Fund,65704511371,Industry,1962.0,5.00,Medium to high,568.00,10.0,5.0,,13.0
2019-03-31,IOOF MySuper,Generic,IOOF Portfolio Service Superannuation Fund,70815369818,Retail,3153.8,3.00,Medium to high,662.00,10.0,1.5,,2.0
2019-03-31,MySuper Balanced,Generic,Labour Union Co-Operative Retirement Fund,26382680883,Industry,5285.9,3.00,Medium to high,488.12,10.0,8.0,,7.0
2019-03-31,MySuper Balanced,Generic,legalsuper,60346078879,Industry,1974.7,3.00,High,658.00,12.0,5.0,,
2019-03-31,LESF MySuper,Generic,LESF Super,13704288646,Retail,150.9,3.00,High,655.00,3.0,3.0,,
2019-03-31,LGIASuper MySuper Lifecycle,Generic,LGIAsuper,23053121564,Public Sector,7488.3,,,,,,,
2019-03-31,Vision MySuper,Generic,Local Authorities Superannuation Fund,24496637884,Public Sector,4063.2,2.90,High,508.00,11.0,11.0,,5.0
2019-03-31,Active Super Lifestage Product,Generic,Local Government Super,28901371321,Public Sector,3880.2,,,,,,,
2019-03-31,Balanced Option_MySuper Compliant,Generic,Lutheran Super,93371348387,Corporate,278.4,4.00,Medium to high,511.00,10.0,10.0,,5.0
2019-03-31,Moderate investment option,Generic,Maritime Super,77455663441,Industry,972.7,4.00,Medium,958.00,7.0,4.0,,10.0
2019-03-31,Max Super Fund MySuper Plan,Generic,Max Super Fund,22508720840,Retail,23.1,4.00,Medium to high,564.00,12.0,,,
2019-03-31,MIESF MySuper,Generic,Meat Industry Employees Superannuation Fund,17317520544,Industry,802.7,2.70,Medium,342.00,22.0,10.0,,
2019-03-31,Balanced investment option (accumulation),Generic,Media Super,42574421650,Industry,4073.0,3.40,Medium to high,555.00,10.0,12.0,,8.0
2019-03-31,Mercer Santos MySuper,Large employer,Mercer Super Trust,19905422981,Retail,205.9,4.70,Medium to high,509.92,8.0,6.5,0.5,10.3
2019-03-31,Mercer SmartPath,Generic,Mercer Super Trust,19905422981,Retail,8408.5,,,,,,,
2019-03-31,Mercer WGSP MySuper,Large employer,Mercer Super Trust,19905422981,Retail,1956.5,,,,,,,
2019-03-31,Virgin Money MySuper,Material goodwill,Mercer Super Trust,19905422981,Retail,775.7,,,,,,,
2019-03-31,MySuper Balanced,Generic,Mercy Super,11789425178,Corporate,1015.1,3.50,Medium,675.20,12.0,12.0,,6.0
2019-03-31,Default Lifecycle,Generic,Mine Superannuation Fund,16457520308,Industry,6450.3,,,,,,,
2019-03-31,MySuper,Generic,MLC Super Fund,70732426024,Retail,24879.1,,,,,,,
2019-03-31,NAB Staff MySuper,Large employer,MLC Super Fund,70732426024,Retail,2493.0,4.70,Medium to high,573.00,10.0,5.0,,8.0
2019-03-31,MyCatholicSuper,Generic,MyLifeMyMoney Superannuation Fund,50237896957,Industry,5814.7,,,,,,,
2019-03-31,NESS MySuper,Generic,NESS Super,72229227691,Industry,655.0,3.00,Medium to high,557.00,14.0,1.0,,2.0
2019-03-31,Diversified (MySuper),Generic,NGS Super,73549180515,Industry,6031.6,3.80,Medium to high,665.00,9.0,10.0,,10.0
2019-03-31,ANZ Smart Choice Super,Generic,OnePath Masterfund,53789980697,Retail,10457.0,,,,,,,
2019-03-31,ANZ Smart Choice Super_For QBE Management Services PTY LTD and their employees,Large employer,OnePath Masterfund,53789980697,Retail,337.1,,,,,,,
2019-03-31,MySuper Passive Balanced,Generic,OneSuper,43905581638,Retail,41.5,2.00,Medium,536.00,3.0,3.0,,
2019-03-31,Perpetual MySuper,Generic,Perpetual's Select Superannuation Fund,51068260563,Retail,224.1,3.00,High,565.00,6.0,0.0,0.0,12.0
2019-03-31,Pitcher Retirement Plan MySuper,Generic,Pitcher Retirement Plan,15828677472,Corporate,31.2,2.40,Medium,961.00,8.0,4.0,,
2019-03-31,MySuper,Generic,Prime Super,60562335823,Industry,4249.5,3.00,Medium to high,679.00,6.5,13.0,,0.0
2019-03-31,PSSap MySuper Balanced,Generic,Public Sector Superannuation Accumulation Plan,65127917725,Public Sector,11407.4,3.50,Medium to high,535.00,10.0,1.0,,15.0
2019-03-31,Glidepath,Generic,Qantas Superannuation Plan,41272198829,Corporate,1053.0,,,,,,,
2019-03-31,QIEC MySuper,Generic,Queensland Independent Education & Care Superannuation Trust,15549636673,Industry,1222.6,3.67,Medium to high,816.00,12.0,12.0,,7.0
2019-03-31,Balanced,Generic,Rei Super,76641658449,Industry,1265.9,3.00,Medium to high,660.80,11.0,3.0,,0.0
2019-03-31,REST Super,Generic,Retail Employees Superannuation Trust,62653671394,Industry,47202.7,4.80,Medium to high,497.60,9.0,8.0,1.0,10.0
2019-03-31,BT Super MySuper,Generic,Retirement Wrap,39827542991,Retail,11592.7,,,,,,,
2019-03-31,Westpac Group Plan MySuper,Large employer,Retirement Wrap,39827542991,Retail,2508.7,,,,,,,
2019-03-31,General Division,Generic,Russell Investments Master Trust,89384753567,Retail,3516.8,4.00,Medium to high,804.79,10.0,7.5,2.0,2.0
2019-03-31,smartMonday Lifecycle,Generic,Smart Future Trust,68964712340,Retail,2225.9,,,,,,,
2019-03-31,Balanced (MySuper),Generic,Spirit Super,74559365913,Industry,10369.5,3.20,Medium to high,503.00,9.5,14.0,,0.0
2019-03-31,Suncorp Lifestage Funds,Generic,SPSL Master Trust,98350952022,Retail,1873.9,,,,,,,
2019-03-31,Statewide MySuper,Generic,Statewide Superannuation Trust,54145196298,Industry,5291.8,5.08,High,523.00,9.0,9.0,,
2019-03-31,Sunsuper for Life,Generic,Sunsuper Superannuation Fund,98503137921,Industry,39601.3,,,,,,,
2019-03-31,Tasplan MySuper,Generic,Tasplan Superannuation Fund,14602032302,Industry,5739.3,,,,,,,
2019-03-31,Telstra Super MySuper,Generic,Telstra Superannuation Scheme,85502108833,Corporate,7555.6,,,,,,,
2019-03-31,Bendigo MySuper,Generic,The Bendigo Superannuation Plan,57526653420,Retail,273.4,,,,,,,
2019-03-31,VISSF Balanced Option (MySuper Product),Generic,The Victorian Independent Schools Superannuation Fund,37024873660,Industry,423.6,3.00,High,567.00,5.0,3.0,,
2019-03-31,MySuper Growth,Generic,Toyota Super,58208377062,Corporate,550.4,4.00,High,608.00,6.0,2.6,,9.6
2019-03-31,Balanced (MySuper),Generic,TWU Superannuation Fund,77343563307,Industry,4909.8,4.51,Medium to high,808.00,9.0,8.0,,6.0
2019-03-31,UniSuper Balanced,Generic,Unisuper,91385943850,Industry,19501.1,4.60,High,361.00,9.0,2.5,,
2019-03-31,Balanced,Generic,United Technologies Corporation Retirement Plan,33227241196,Retail,51.7,2.60,High,575.00,10.0,,,20.0
2019-03-31,Growth (MySuper),Generic,Victorian Superannuation Fund,85977964496,Public Sector,12820.7,3.50,Medium to high,563.00,8.0,6.0,,7.0
2019-03-31,My WA Super,Generic,WA Local Government Superannuation Plan,18159499614,Public Sector,1726.5,2.50,High,553.00,10.0,8.0,0.0,12.0
2019-03-31,BT Business MySuper,Generic,Westpac Mastertrust - Superannuation Division,81236903448,Retail,4372.5,,,,,,,
2018-12-31,AMG MySuper,Generic,AMG Super,30099320583,Retail,179.4,2.42,High,520.00,10.0,,,
2018-12-31,AMP MySuper No.1,Generic,AMP Retirement Trust,73310248809,Retail,942.1,4.10,Medium to high,452.52,6.0,6.0,,0.0
2018-12-31,AMP MySuper No.3,Generic,AMP Super Fund,78421957449,Retail,1145.7,,,,,,,
2018-12-31,AFLPA & AFL Industry MySuper,Large employer,AMP Superannuation Savings Trust,76514770399,Retail,125.5,,,,,,,
2018-12-31,AMP MySuper No.2,Generic,AMP Superannuation Savings Trust,76514770399,Retail,13603.5,,,,,,,
2018-12-31,Anglican National MySuper,Large employer,AMP Superannuation Savings Trust,76514770399,Retail,135.8,,,,,,,
2018-12-31,Australia Post MySuper,Large employer,AMP Superannuation Savings Trust,76514770399,Retail,223.4,,,,,,,
2018-12-31,Brookfield Australia MySuper,Large employer,AMP Superannuation Savings Trust,76514770399,Retail,117.5,4.40,Medium to high,275.00,8.0,4.0,,8.0
2018-12-31,CCA MySuper,Large employer,AMP Superannuation Savings Trust,76514770399,Retail,345.3,,,,,,,
2018-12-31,Macquarie Group MySuper,Large employer,AMP Superannuation Savings Trust,76514770399,Retail,370.9,4.10,Medium to high,495.00,,,,12.5
2018-12-31,Water Corporation MySuper,Large employer,AMP Superannuation Savings Trust,76514770399,Retail,283.4,,,,,,,
2018-12-31,Woolworths Group MySuper,Large employer,AMP Superannuation Savings Trust,76514770399,Retail,2831.7,4.60,Medium to high,485.50,6.0,5.0,,6.0
2018-12-31,ANZ Staff MySuper,Generic,ANZ Australian Staff Superannuation Scheme,83810127567,Corporate,2089.0,3.60,Medium to high,325.00,9.5,6.0,,16.0
2018-12-31,Asgard Employee MySuper,Generic,ASGARD Independence Plan Division Two,90194410365,Retail,2382.6,,,,,,,
2018-12-31,BALANCED,Generic,Australia Post Superannuation Scheme,42045077895,Public Sector,926.4,3.00,High,658.00,,,,23.0
2018-12-31,LifetimeOne,Generic,Australian Catholic Superannuation and Retirement Fund,24680629023,Industry,4249.5,,,,,,,
2018-12-31,ADF MySuper,Generic,Australian Defence Force Superannuation Scheme,90302247344,Public Sector,174.4,3.50,Medium to high,535.00,10.0,1.0,,15.0
2018-12-31,Balanced (accumulation),Generic,Australian Ethical Retail Superannuation Fund,49633667743,Retail,856.4,3.50,Medium to high,662.00,10.0,5.0,,
2018-12-31,AMIST MySuper,Generic,Australian Meat Industry Superannuation Trust,28342064803,Industry,1752.4,2.00,Medium to high,469.00,15.0,10.0,,5.0
2018-12-31,QSuper Lifetime,Generic,Australian Retirement Trust,60905115063,Public Sector,39286.6,,,,,,,
2018-12-31,AustralianSuper MySuper,Generic,AustralianSuper,65714394898,Industry,100779.9,3.84,High,408.00,7.0,12.0,,0.0
2018-12-31,MySuper (Balanced),Generic,Austsafe Superannuation Fund,92398191503,Industry,2126.4,3.95,Medium to high,669.60,10.0,9.0,,10.0
2018-12-31,AvSuper Growth (MySuper),Generic,AvSuper Fund,84421446069,Public Sector,671.0,3.50,Medium to high,560.00,10.0,8.0,,1.0
2018-12-31,MySuper Lifecycle,Generic,Aware Super,53226460365,Public Sector,48940.4,,,,,,,
2018-12-31,BOC MySuper,Generic,Boc Gases Superannuation Fund,49620344668,Corporate,421.8,2.60,High,654.00,11.0,7.4,,7.4
2018-12-31,BUSSQ MySuper,Generic,Building Unions Superannuation Scheme (Queensland),85571332201,Industry,3286.7,4.00,Medium,598.00,13.0,12.5,4.0,
2018-12-31,CareSuper,Generic,Care Super,98172275725,Industry,10879.3,5.00,Medium to high,608.00,12.0,7.0,,
2018-12-31,Growth MySuper,Generic,CBH Superannuation Fund,84433159328,Corporate,14.0,3.75,High,460.00,15.0,,,0.0
2018-12-31,My Ethical Super,Generic,Christian Super,66628776348,Industry,881.4,2.62,High,711.00,10.0,3.3,,0.1
2018-12-31,Club Plus Super _ MySuper,Generic,Club Plus Superannuation Scheme,95275115088,Industry,2150.5,2.68,High,599.00,11.0,6.0,,16.0
2018-12-31,Club MySuper,Generic,Club Super,12737334298,Industry,449.3,3.43,High,786.00,11.0,10.0,,10.0
2018-12-31,FirstChoice Employer Super,Generic,Colonial First State FirstChoice Superannuation Trust,26458298557,Retail,8642.5,,,,,,,
2018-12-31,Accumulate Plus Balanced,Generic,Commonwealth Bank Group Super,24248426878,Corporate,5473.7,2.50,High,443.00,8.1,7.2,,2.7
2018-12-31,Growth (Cbus MySuper),Generic,CONSTRUCTION AND BUILDING UNIONS SUPERANNUATION FUND,75493363262,Industry,39764.0,3.60,Medium to high,538.00,13.0,11.0,,5.0
2018-12-31,Balanced (MySuper),Generic,Energy Industries Superannuation Scheme-Pool A,22277243559,Public Sector,1308.2,2.50,Medium,460.00,10.0,10.0,,17.0
2018-12-31,MySuper,Generic,Energy Super,33761363685,Industry,2020.7,4.34,Medium to high,582.00,10.0,8.0,,9.0
2018-12-31,Equipsuper MySuper,Generic,equipsuper,33813823017,Industry,5718.9,3.75,Medium,442.00,7.0,7.0,,13.0
2018-12-31,Essential Super,Generic,Essential Super,56601925435,Retail,3086.6,,,,,,,
2018-12-31,First Super MySuper,Generic,First Super,56286625181,Industry,2574.7,3.50,Medium,633.49,10.0,10.0,,2.0
2018-12-31,Goldman Sachs & JBWere Superannuation Fund_MySuper Product,Generic,Goldman Sachs & JBWere Superannuation Fund,55697537183,Corporate,402.5,4.00,Very high,750.00,,,,0.0
2018-12-31,Guild Retirement Fund (MySuper),Generic,Guild Retirement Fund,22599554834,Retail,1215.4,,,,,,,
2018-12-31,HESTA MySuper,Generic,HESTA,64971749321,Industry,37661.3,4.88,Medium to high,555.00,9.5,12.0,,5.5
2018-12-31,Balanced option,Generic,HOSTPLUS Superannuation Fund,68657495890,Industry,28461.5,3.00,High,608.00,13.0,12.0,0.0,8.0
2018-12-31,MySuper,Generic,IAG & NRMA Superannuation Plan,58244115920,Corporate,1374.6,2.66,High,785.00,7.0,3.0,,20.0
2018-12-31,Active Balanced,Generic,Incitec Pivot Employees Superannuation Fund,68569795856,Retail,51.7,2.60,High,674.00,13.0,3.4,,8.4
2018-12-31,Intrust MySuper,Generic,Intrust Super Fund,65704511371,Industry,1835.0,5.00,Medium to high,568.00,10.0,5.0,,13.0
2018-12-31,IOOF MySuper,Generic,IOOF Portfolio Service Superannuation Fund,70815369818,Retail,2946.1,3.00,Medium to high,662.00,10.0,1.5,,2.0
2018-12-31,MySuper Balanced,Generic,Labour Union Co-Operative Retirement Fund,26382680883,Industry,5005.4,3.00,Medium to high,488.12,10.0,8.1,,7.0
2018-12-31,MySuper Balanced,Generic,legalsuper,60346078879,Industry,1853.0,3.00,High,658.00,12.0,5.0,,
2018-12-31,LESF MySuper,Generic,LESF Super,13704288646,Retail,137.2,3.00,High,655.00,,,,
2018-12-31,LGIASuper MySuper Lifecycle,Generic,LGIAsuper,23053121564,Public Sector,7038.5,,,,,,,
2018-12-31,Vision MySuper,Generic,Local Authorities Superannuation Fund,24496637884,Public Sector,3842.3,2.90,High,508.00,11.0,11.0,,5.0
2018-12-31,Active Super Lifestage Product,Generic,Local Government Super,28901371321,Public Sector,3692.1,,,,,,,
2018-12-31,Balanced Option_MySuper Compliant,Generic,Lutheran Super,93371348387,Corporate,260.8,4.00,Medium to high,511.00,10.0,10.0,,5.0
2018-12-31,Moderate investment option,Generic,Maritime Super,77455663441,Industry,935.8,4.00,Medium,958.00,7.0,4.0,,10.0
2018-12-31,Max Super Fund MySuper Plan,Generic,Max Super Fund,22508720840,Retail,21.8,4.00,Medium to high,564.00,12.0,,,
2018-12-31,MIESF MySuper,Generic,Meat Industry Employees Superannuation Fund,17317520544,Industry,774.7,2.70,Medium,342.00,22.0,10.0,,
2018-12-31,Balanced investment option (accumulation),Generic,Media Super,42574421650,Industry,3814.8,3.40,Medium to high,525.00,10.0,12.0,,8.0
2018-12-31,Mercer Santos MySuper,Large employer,Mercer Super Trust,19905422981,Retail,192.5,3.90,Medium to high,508.12,6.5,6.5,1.0,9.6
2018-12-31,Mercer SmartPath,Generic,Mercer Super Trust,19905422981,Retail,7773.2,,,,,,,
2018-12-31,Mercer WGSP MySuper,Large employer,Mercer Super Trust,19905422981,Retail,1788.1,,,,,,,
2018-12-31,Virgin Money MySuper,Material goodwill,Mercer Super Trust,19905422981,Retail,725.8,,,,,,,
2018-12-31,MySuper Balanced,Generic,Mercy Super,11789425178,Corporate,947.5,3.50,Medium,675.20,12.0,12.0,,6.0
2018-12-31,Default Lifecycle,Generic,Mine Superannuation Fund,16457520308,Industry,6127.1,,,,,,,
2018-12-31,MySuper,Generic,MLC Super Fund,70732426024,Retail,23391.0,4.20,Medium to high,703.00,5.0,2.0,,3.0
2018-12-31,NAB Staff MySuper,Large employer,MLC Super Fund,70732426024,Retail,2336.4,4.70,Medium to high,573.00,10.0,5.0,,8.0
2018-12-31,MyCatholicSuper,Generic,MyLifeMyMoney Superannuation Fund,50237896957,Industry,5539.9,,,,,,,
2018-12-31,NESS MySuper,Generic,NESS Super,72229227691,Industry,614.0,3.00,Medium to high,557.00,14.0,1.0,,2.0
2018-12-31,Diversified (MySuper),Generic,NGS Super,73549180515,Industry,5699.3,3.80,Medium to high,665.00,9.0,10.0,,10.0
2018-12-31,ANZ Smart Choice Super,Generic,OnePath Masterfund,53789980697,Retail,9653.1,,,,,,,
2018-12-31,ANZ Smart Choice Super_For QBE Management Services PTY LTD and their employees,Large employer,OnePath Masterfund,53789980697,Retail,311.5,,,,,,,
2018-12-31,MySuper Passive Balanced,Generic,OneSuper,43905581638,Retail,39.4,2.00,Medium,536.00,4.0,,,
2018-12-31,Perpetual MySuper,Generic,Perpetual's Select Superannuation Fund,51068260563,Retail,210.1,3.00,High,565.00,6.0,0.0,0.0,12.0
2018-12-31,Pitcher Retirement Plan MySuper,Generic,Pitcher Retirement Plan,15828677472,Corporate,30.2,2.40,Medium,961.00,8.0,4.0,,
2018-12-31,MySuper,Generic,Prime Super,60562335823,Industry,3427.1,3.00,Medium to high,679.00,6.5,13.0,,0.0
2018-12-31,PSSap MySuper Balanced,Generic,Public Sector Superannuation Accumulation Plan,65127917725,Public Sector,10673.5,3.50,Medium to high,535.00,10.0,1.0,,15.0
2018-12-31,Glidepath,Generic,Qantas Superannuation Plan,41272198829,Corporate,1011.3,,,,,,,
2018-12-31,QIEC MySuper,Generic,Queensland Independent Education & Care Superannuation Trust,15549636673,Industry,1171.9,3.67,High,816.00,12.0,12.0,,7.0
2018-12-31,Balanced,Generic,Rei Super,76641658449,Industry,1180.8,3.00,Medium to high,660.80,11.0,3.0,,0.0
2018-12-31,REST Super,Generic,Retail Employees Superannuation Trust,62653671394,Industry,44263.8,4.80,Medium to high,497.60,9.0,8.0,1.0,10.0
2018-12-31,BT Super MySuper,Generic,Retirement Wrap,39827542991,Retail,10622.2,,,,,,,
2018-12-31,Westpac Group Plan MySuper,Large employer,Retirement Wrap,39827542991,Retail,2269.6,,,,,,,
2018-12-31,General Division,Generic,Russell Investments Master Trust,89384753567,Retail,3361.8,4.00,Medium to high,804.79,10.0,7.5,2.0,2.0
2018-12-31,smartMonday Lifecycle,Generic,Smart Future Trust,68964712340,Retail,2049.1,,,,,,,
2018-12-31,Balanced (MySuper),Generic,Spirit Super,74559365913,Industry,9607.8,3.20,Medium to high,508.00,9.5,14.0,,0.0
2018-12-31,Suncorp Lifestage Funds,Generic,SPSL Master Trust,98350952022,Retail,1758.0,,,,,,,
2018-12-31,Statewide MySuper,Generic,Statewide Superannuation Trust,54145196298,Industry,4956.7,5.08,High,523.00,9.0,9.0,,
2018-12-31,Sunsuper for Life,Generic,Sunsuper Superannuation Fund,98503137921,Industry,34873.9,,,,,,,
2018-12-31,Tasplan MySuper,Generic,Tasplan Superannuation Fund,14602032302,Industry,5326.8,,,,,,,
2018-12-31,Telstra Super MySuper,Generic,Telstra Superannuation Scheme,85502108833,Corporate,6708.8,,,,,,,
2018-12-31,Bendigo MySuper,Generic,The Bendigo Superannuation Plan,57526653420,Retail,249.0,,,,,,,
2018-12-31,VISSF Balanced Option (MySuper Product),Generic,The Victorian Independent Schools Superannuation Fund,37024873660,Industry,418.5,3.00,High,567.00,5.0,3.0,,
2018-12-31,MySuper Growth,Generic,Toyota Super,58208377062,Corporate,518.7,4.00,High,608.00,8.0,2.2,,9.2
2018-12-31,Balanced (MySuper),Generic,TWU Superannuation Fund,77343563307,Industry,4655.9,4.51,Medium to high,808.00,9.0,8.0,,6.0
2018-12-31,UniSuper Balanced,Generic,Unisuper,91385943850,Industry,17712.7,4.60,High,361.00,9.0,2.5,,
2018-12-31,Balanced,Generic,United Technologies Corporation Retirement Plan,33227241196,Retail,49.1,2.60,High,575.00,10.0,,,20.0
2018-12-31,Growth (MySuper),Generic,Victorian Superannuation Fund,85977964496,Public Sector,11879.0,3.50,Medium to high,563.00,8.0,6.0,,7.0
2018-12-31,My WA Super,Generic,WA Local Government Superannuation Plan,18159499614,Public Sector,1619.9,2.50,High,553.00,10.0,8.0,0.0,12.0
2018-12-31,BT Business MySuper,Generic,Westpac Mastertrust - Superannuation Division,81236903448,Retail,4049.8,,,,,,,
2018-09-30,AMG MySuper,Generic,AMG Super,30099320583,Retail,168.3,2.42,High,560.00,10.0,,,
2018-09-30,AMP MySuper No.1,Generic,AMP Retirement Trust,73310248809,Retail,972.1,4.10,Medium to high,452.52,6.0,6.0,,0.0
2018-09-30,AMP MySuper No.3,Generic,AMP Super Fund,78421957449,Retail,1242.2,,,,,,,
2018-09-30,AFLPA & AFL Industry MySuper,Large employer,AMP Superannuation Savings Trust,76514770399,Retail,133.7,,,,,,,
2018-09-30,AMP MySuper No.2,Generic,AMP Superannuation Savings Trust,76514770399,Retail,14639.4,,,,,,,
2018-09-30,Anglican National MySuper,Large employer,AMP Superannuation Savings Trust,76514770399,Retail,145.6,,,,,,,
2018-09-30,Australia Post MySuper,Large employer,AMP Superannuation Savings Trust,76514770399,Retail,229.7,,,,,,,
2018-09-30,Brookfield Australia MySuper,Large employer,AMP Superannuation Savings Trust,76514770399,Retail,123.1,4.40,Medium to high,275.00,8.0,4.0,,8.0
2018-09-30,CCA MySuper,Large employer,AMP Superannuation Savings Trust,76514770399,Retail,372.0,,,,,,,
2018-09-30,Macquarie Group MySuper,Large employer,AMP Superannuation Savings Trust,76514770399,Retail,380.8,4.10,Medium to high,495.00,,,,12.5
2018-09-30,Water Corporation MySuper,Large employer,AMP Superannuation Savings Trust,76514770399,Retail,311.2,,,,,,,
2018-09-30,Woolworths Group MySuper,Large employer,AMP Superannuation Savings Trust,76514770399,Retail,3004.4,4.60,Medium to high,485.50,6.5,3.0,,6.5
2018-09-30,ANZ Staff MySuper,Generic,ANZ Australian Staff Superannuation Scheme,83810127567,Corporate,2078.1,3.60,Medium to high,325.00,9.5,6.0,,16.0
2018-09-30,Asgard Employee MySuper,Generic,ASGARD Independence Plan Division Two,90194410365,Retail,2581.4,,,,,,,
2018-09-30,BALANCED,Generic,Australia Post Superannuation Scheme,42045077895,Public Sector,965.4,3.00,High,668.00,,,,30.0
2018-09-30,LifetimeOne,Generic,Australian Catholic Superannuation and Retirement Fund,24680629023,Industry,4480.1,,,,,,,
2018-09-30,ADF MySuper,Generic,Australian Defence Force Superannuation Scheme,90302247344,Public Sector,146.0,3.50,Medium to high,535.00,10.0,1.0,,15.0
2018-09-30,Balanced (accumulation),Generic,Australian Ethical Retail Superannuation Fund,49633667743,Retail,878.5,3.50,Medium to high,622.00,10.0,5.0,,
2018-09-30,AMIST MySuper,Generic,Australian Meat Industry Superannuation Trust,28342064803,Industry,1836.5,2.00,Medium to high,469.00,15.0,10.0,,5.0
2018-09-30,QSuper Lifetime,Generic,Australian Retirement Trust,60905115063,Public Sector,39339.6,,,,,,,
2018-09-30,AustralianSuper MySuper,Generic,AustralianSuper,65714394898,Industry,98977.0,3.84,High,408.00,7.0,12.0,,0.0
2018-09-30,MySuper (Balanced),Generic,Austsafe Superannuation Fund,92398191503,Industry,2252.2,3.95,Medium to high,669.60,10.0,9.0,,10.0
2018-09-30,AvSuper Growth (MySuper),Generic,AvSuper Fund,84421446069,Public Sector,716.5,3.50,Medium to high,560.00,10.0,8.0,,1.0
2018-09-30,MySuper Lifecycle,Generic,Aware Super,53226460365,Public Sector,50526.5,,,,,,,
2018-09-30,BOC MySuper,Generic,Boc Gases Superannuation Fund,49620344668,Corporate,445.9,2.60,High,654.00,11.0,7.4,,7.4
2018-09-30,BUSSQ MySuper,Generic,Building Unions Superannuation Scheme (Queensland),85571332201,Industry,3443.0,4.00,Medium,598.00,13.0,12.5,4.0,
2018-09-30,CareSuper,Generic,Care Super,98172275725,Industry,11382.4,5.00,Medium to high,608.00,12.0,7.0,,
2018-09-30,Growth MySuper,Generic,CBH Superannuation Fund,84433159328,Corporate,14.4,3.75,High,460.00,15.0,,,0.0
2018-09-30,My Ethical Super,Generic,Christian Super,66628776348,Industry,918.0,2.62,High,711.00,10.0,3.6,,0.1
2018-09-30,Club Plus Super _ MySuper,Generic,Club Plus Superannuation Scheme,95275115088,Industry,2209.0,2.68,High,599.00,11.0,6.0,,16.0
2018-09-30,Club MySuper,Generic,Club Super,12737334298,Industry,480.0,3.43,High,786.00,11.0,10.0,,10.0
2018-09-30,FirstChoice Employer Super,Generic,Colonial First State FirstChoice Superannuation Trust,26458298557,Retail,9192.0,,,,,,,
2018-09-30,Combined Fund MySuper,Generic,Combined Super Fund,46921400504,Industry,416.1,3.00,High,598.00,10.0,7.0,,25.0
2018-09-30,Accumulate Plus Balanced,Generic,Commonwealth Bank Group Super,24248426878,Corporate,5694.4,2.50,High,443.00,8.1,7.2,,2.7
2018-09-30,Growth (Cbus MySuper),Generic,CONSTRUCTION AND BUILDING UNIONS SUPERANNUATION FUND,75493363262,Industry,41483.0,4.75,Medium to high,558.00,13.0,11.0,,5.0
2018-09-30,Active Balanced,Generic,DuluxGroup Employees Superannuation Fund,91132102426,Retail,45.9,2.70,High,596.00,13.0,3.4,,8.4
2018-09-30,Balanced (MySuper),Generic,Energy Industries Superannuation Scheme-Pool A,22277243559,Public Sector,1356.6,2.50,Medium,460.00,5.0,4.0,,25.0
2018-09-30,MySuper,Generic,Energy Super,33761363685,Industry,2162.5,4.34,Medium to high,582.00,10.0,8.0,,9.0
2018-09-30,Equipsuper MySuper,Generic,equipsuper,33813823017,Industry,6071.0,3.75,Medium,442.00,7.0,7.0,,13.0
2018-09-30,Essential Super,Generic,Essential Super,56601925435,Retail,3248.1,,,,,,,
2018-09-30,First Super MySuper,Generic,First Super,56286625181,Industry,2687.0,3.50,Medium,633.49,10.0,10.0,,2.0
2018-09-30,Goldman Sachs & JBWere Superannuation Fund_MySuper Product,Generic,Goldman Sachs & JBWere Superannuation Fund,55697537183,Corporate,406.7,4.00,Very high,750.00,,,,0.0
2018-09-30,Guild Retirement Fund (MySuper),Generic,Guild Retirement Fund,22599554834,Retail,1280.8,,,,,,,
2018-09-30,HESTA MySuper,Generic,HESTA,64971749321,Industry,39212.8,4.88,Medium to high,555.00,11.5,12.5,,
2018-09-30,Balanced option,Generic,HOSTPLUS Superannuation Fund,68657495890,Industry,29342.9,3.00,High,608.00,13.0,12.0,0.0,8.0
2018-09-30,MySuper,Generic,IAG & NRMA Superannuation Plan,58244115920,Corporate,1451.3,2.66,High,785.00,7.0,3.0,,20.0
2018-09-30,Active Balanced,Generic,Incitec Pivot Employees Superannuation Fund,68569795856,Retail,55.1,2.60,High,641.00,13.0,3.4,,8.4
2018-09-30,Intrust MySuper,Generic,Intrust Super Fund,65704511371,Industry,1942.7,5.00,Medium to high,568.00,10.0,5.0,,13.0
2018-09-30,IOOF MySuper,Generic,IOOF Portfolio Service Superannuation Fund,70815369818,Retail,3128.6,3.00,Medium to high,662.00,10.0,1.5,,2.0
2018-09-30,MySuper Balanced,Generic,Labour Union Co-Operative Retirement Fund,26382680883,Industry,5277.4,3.00,Medium to high,488.12,10.0,8.0,,7.0
2018-09-30,MySuper Balanced,Generic,legalsuper,60346078879,Industry,1925.3,3.00,High,658.00,12.0,5.0,,
2018-09-30,LESF MySuper,Generic,LESF Super,13704288646,Retail,147.3,3.00,High,655.00,,,,
2018-09-30,LGIASuper MySuper Lifecycle,Generic,LGIAsuper,23053121564,Public Sector,7417.5,,,,,,,
2018-09-30,Vision MySuper,Generic,Local Authorities Superannuation Fund,24496637884,Public Sector,4019.1,2.90,High,543.00,11.0,11.0,,5.0
2018-09-30,Active Super Lifestage Product,Generic,Local Government Super,28901371321,Public Sector,3792.0,,,,,,,
2018-09-30,Balanced Option_MySuper Compliant,Generic,Lutheran Super,93371348387,Corporate,285.7,4.00,Medium to high,511.00,10.0,10.0,,5.0
2018-09-30,Moderate investment option,Generic,Maritime Super,77455663441,Industry,983.0,4.00,Medium,958.00,7.0,4.0,,10.0
2018-09-30,Max Super Fund MySuper Plan,Generic,Max Super Fund,22508720840,Retail,22.8,4.00,Medium to high,564.00,12.0,,,
2018-09-30,MIESF MySuper,Generic,Meat Industry Employees Superannuation Fund,17317520544,Industry,801.2,2.70,Medium,342.00,22.0,10.0,,
2018-09-30,Balanced investment option (accumulation),Generic,Media Super,42574421650,Industry,4042.6,3.40,Medium to high,530.00,10.0,12.0,,8.0
2018-09-30,Mercer Santos MySuper,Large employer,Mercer Super Trust,19905422981,Retail,212.2,3.90,Medium to high,488.12,6.5,6.5,1.0,9.8
2018-09-30,Mercer SmartPath,Generic,Mercer Super Trust,19905422981,Retail,8438.8,,,,,,,
2018-09-30,Mercer WGSP MySuper,Large employer,Mercer Super Trust,19905422981,Retail,1953.6,,,,,,,
2018-09-30,Virgin Money MySuper,Material goodwill,Mercer Super Trust,19905422981,Retail,520.9,,,,,,,
2018-09-30,MySuper Balanced,Generic,Mercy Super,11789425178,Corporate,991.3,3.50,Medium,675.20,12.0,12.0,,6.0
2018-09-30,Default Lifecycle,Generic,Mine Superannuation Fund,16457520308,Industry,6556.0,,,,,,,
2018-09-30,MySuper,Generic,MLC Super Fund,70732426024,Retail,24800.3,4.20,Medium to high,678.00,5.0,2.0,,3.0
2018-09-30,NAB Staff MySuper,Large employer,MLC Super Fund,70732426024,Retail,2469.5,4.80,High,573.00,10.0,5.0,,8.0
2018-09-30,MyCatholicSuper,Generic,MyLifeMyMoney Superannuation Fund,50237896957,Industry,5901.7,,,,,,,
2018-09-30,Nationwide MySuper,Generic,Nationwide Superannuation Fund,15201768813,Industry,566.6,3.00,Medium to high,915.00,10.0,7.0,,5.0
2018-09-30,NESS MySuper,Generic,NESS Super,72229227691,Industry,649.0,3.00,Medium to high,557.00,14.0,1.0,,2.0
2018-09-30,Diversified (MySuper),Generic,NGS Super,73549180515,Industry,5902.3,3.80,Medium to high,665.00,9.0,10.0,,10.0
2018-09-30,ANZ Smart Choice Super,Generic,OnePath Masterfund,53789980697,Retail,10261.8,,,,,,,
2018-09-30,ANZ Smart Choice Super_For QBE Management Services PTY LTD and their employees,Large employer,OnePath Masterfund,53789980697,Retail,329.9,,,,,,,
2018-09-30,MySuper Passive Balanced,Generic,OneSuper,43905581638,Retail,41.9,2.00,Medium,536.00,4.0,,,
2018-09-30,Perpetual MySuper,Generic,Perpetual's Select Superannuation Fund,51068260563,Retail,224.4,3.00,High,515.00,6.0,0.0,0.0,12.0
2018-09-30,Pitcher Retirement Plan MySuper,Generic,Pitcher Retirement Plan,15828677472,Corporate,31.8,2.40,Medium,961.00,8.0,4.0,,
2018-09-30,MySuper,Generic,Prime Super,60562335823,Industry,3588.0,3.00,Medium to high,679.00,6.5,13.0,,0.0
2018-09-30,PSSap MySuper Balanced,Generic,Public Sector Superannuation Accumulation Plan,65127917725,Public Sector,10914.9,3.50,Medium to high,535.00,10.0,1.0,,15.0
2018-09-30,Glidepath,Generic,Qantas Superannuation Plan,41272198829,Corporate,1048.4,,,,,,,
2018-09-30,QIEC MySuper,Generic,Queensland Independent Education & Care Superannuation Trust,15549636673,Industry,1233.0,3.67,High,816.00,12.0,12.0,,7.0
2018-09-30,Balanced,Generic,Rei Super,76641658449,Industry,1262.6,3.00,Medium to high,660.80,11.0,3.0,,0.0
2018-09-30,REST Super,Generic,Retail Employees Superannuation Trust,62653671394,Industry,46401.6,4.80,Medium to high,497.60,9.0,8.0,1.0,10.0
2018-09-30,BT Super MySuper,Generic,Retirement Wrap,39827542991,Retail,11434.8,,,,,,,
2018-09-30,Westpac Group Plan MySuper,Large employer,Retirement Wrap,39827542991,Retail,2429.8,,,,,,,
2018-09-30,General Division,Generic,Russell Investments Master Trust,89384753567,Retail,2982.7,4.00,Medium to high,804.79,6.5,7.7,0.5,2.7
2018-09-30,smartMonday Lifecycle,Generic,Smart Future Trust,68964712340,Retail,1396.2,,,,,,,
2018-09-30,Balanced (MySuper),Generic,Spirit Super,74559365913,Industry,10163.3,3.20,Medium to high,508.00,9.5,14.0,,0.0
2018-09-30,Suncorp Lifestage Funds,Generic,SPSL Master Trust,98350952022,Retail,1848.3,,,,,,,
2018-09-30,Statewide MySuper,Generic,Statewide Superannuation Trust,54145196298,Industry,5210.0,5.08,High,523.00,9.0,9.0,,
2018-09-30,Sunsuper for Life,Generic,Sunsuper Superannuation Fund,98503137921,Industry,36179.4,,,,,,,
2018-09-30,Tasplan MySuper,Generic,Tasplan Superannuation Fund,14602032302,Industry,5580.8,,,,,,,
2018-09-30,Telstra Super MySuper,Generic,Telstra Superannuation Scheme,85502108833,Corporate,7104.2,,,,,,,
2018-09-30,Bendigo MySuper,Generic,The Bendigo Superannuation Plan,57526653420,Retail,260.1,,,,,,,
2018-09-30,MySuper MyLife,Generic,The Executive Superannuation Fund,60998717367,Retail,1142.7,2.60,High,762.26,2.0,2.0,,10.0
2018-09-30,VISSF Balanced Option (MySuper Product),Generic,The Victorian Independent Schools Superannuation Fund,37024873660,Industry,431.3,3.00,High,567.00,5.0,3.0,,
2018-09-30,MySuper Growth,Generic,Toyota Super,58208377062,Corporate,560.2,4.00,High,608.00,8.0,2.2,,9.2
2018-09-30,Balanced (MySuper),Generic,TWU Superannuation Fund,77343563307,Industry,4932.2,4.51,Medium to high,738.00,9.0,8.0,,6.0
2018-09-30,UniSuper Balanced,Generic,Unisuper,91385943850,Industry,18577.2,4.60,High,361.00,9.0,2.5,,
2018-09-30,Balanced,Generic,United Technologies Corporation Retirement Plan,33227241196,Retail,51.7,2.60,High,600.00,10.0,,,20.0
2018-09-30,Growth (MySuper),Generic,Victorian Superannuation Fund,85977964496,Public Sector,12345.1,3.50,Medium to high,563.00,8.0,6.0,,7.0
2018-09-30,My WA Super,Generic,WA Local Government Superannuation Plan,18159499614,Public Sector,1667.1,2.50,High,553.00,10.0,8.0,0.0,12.0
2018-09-30,BT Business MySuper,Generic,Westpac Mastertrust - Superannuation Division,81236903448,Retail,4378.3,,,,,,,
2018-06-30,AMG MySuper,Generic,AMG Super,30099320583,Retail,163.4,2.42,High,560.00,10.0,,,
2018-06-30,AMP MySuper No.1,Generic,AMP Retirement Trust,73310248809,Retail,936.7,4.00,Medium to high,445.60,6.0,6.0,,0.0
2018-06-30,AMP MySuper No.3,Generic,AMP Super Fund,78421957449,Retail,1244.5,,,,,,,
2018-06-30,AFLPA & AFL Industry MySuper,Large employer,AMP Superannuation Savings Trust,76514770399,Retail,129.2,,,,,,,
2018-06-30,AMP MySuper No.2,Generic,AMP Superannuation Savings Trust,76514770399,Retail,14468.3,,,,,,,
2018-06-30,Anglican National MySuper,Large employer,AMP Superannuation Savings Trust,76514770399,Retail,140.7,,,,,,,
2018-06-30,Australia Post MySuper,Large employer,AMP Superannuation Savings Trust,76514770399,Retail,218.3,,,,,,,
2018-06-30,Brookfield Australia MySuper,Large employer,AMP Superannuation Savings Trust,76514770399,Retail,119.7,4.00,Medium to high,255.00,8.0,3.0,,8.0
2018-06-30,CCA MySuper,Large employer,AMP Superannuation Savings Trust,76514770399,Retail,370.2,,,,,,,
2018-06-30,Macquarie Group MySuper,Large employer,AMP Superannuation Savings Trust,76514770399,Retail,375.2,3.50,Medium to high,580.00,,,,12.5
2018-06-30,Water Corporation MySuper,Large employer,AMP Superannuation Savings Trust,76514770399,Retail,310.8,,,,,,,
2018-06-30,Woolworths Group MySuper,Large employer,AMP Superannuation Savings Trust,76514770399,Retail,2980.3,4.50,Medium to high,575.50,6.5,3.0,,6.5
2018-06-30,ANZ Staff MySuper,Generic,ANZ Australian Staff Superannuation Scheme,83810127567,Corporate,2148.9,3.60,Medium to high,410.00,9.5,6.0,,16.0
2018-06-30,Asgard Employee MySuper,Generic,ASGARD Independence Plan Division Two,90194410365,Retail,2550.4,,,,,,,
2018-06-30,BALANCED,Generic,Australia Post Superannuation Scheme,42045077895,Public Sector,950.5,3.00,High,713.00,,,,30.0
2018-06-30,LifetimeOne,Generic,Australian Catholic Superannuation and Retirement Fund,24680629023,Industry,4395.9,,,,,,,
2018-06-30,ADF MySuper,Generic,Australian Defence Force Superannuation Scheme,90302247344,Public Sector,116.9,3.50,Medium to high,540.00,10.0,1.0,,15.0
2018-06-30,Balanced (accumulation),Generic,Australian Ethical Retail Superannuation Fund,49633667743,Retail,806.7,3.50,Medium to high,622.00,10.0,,,
2018-06-30,AMIST MySuper,Generic,Australian Meat Industry Superannuation Trust,28342064803,Industry,1807.2,2.00,Medium to high,379.00,15.0,10.0,,5.0
2018-06-30,QSuper Lifetime,Generic,Australian Retirement Trust,60905115063,Public Sector,38490.1,,,,,,,
2018-06-30,AustralianSuper MySuper,Generic,AustralianSuper,65714394898,Industry,97302.9,3.86,High,453.00,7.0,13.0,,0.0
2018-06-30,MySuper (Balanced),Generic,Austsafe Superannuation Fund,92398191503,Industry,2191.5,4.40,Medium to high,509.60,10.0,9.0,,10.0
2018-06-30,AvSuper Growth (MySuper),Generic,AvSuper Fund,84421446069,Public Sector,710.9,3.50,Medium to high,560.00,10.0,8.0,,1.0
2018-06-30,MySuper Lifecycle,Generic,Aware Super,53226460365,Public Sector,49724.5,,,,,,,
2018-06-30,BOC MySuper,Generic,Boc Gases Superannuation Fund,49620344668,Corporate,442.8,3.60,High,636.00,11.0,7.4,,7.4
2018-06-30,BUSSQ MySuper,Generic,Building Unions Superannuation Scheme (Queensland),85571332201,Industry,3440.1,4.00,Medium,553.00,13.0,12.5,4.0,
2018-06-30,CareSuper,Generic,Care Super,98172275725,Industry,11044.4,5.00,Medium to high,608.00,12.0,7.0,,
2018-06-30,Growth MySuper,Generic,CBH Superannuation Fund,84433159328,Corporate,12.6,3.75,High,370.00,15.0,,,0.0
2018-06-30,My Ethical Super,Generic,Christian Super,66628776348,Industry,870.7,3.32,High,711.00,10.0,3.6,,0.0
2018-06-30,Club Plus Super _ MySuper,Generic,Club Plus Superannuation Scheme,95275115088,Industry,2216.6,2.72,High,710.00,11.0,6.0,,16.0
2018-06-30,Club MySuper,Generic,Club Super,12737334298,Industry,466.3,3.71,High,821.00,11.0,10.0,,10.0
2018-06-30,FirstChoice Employer Super,Generic,Colonial First State FirstChoice Superannuation Trust,26458298557,Retail,9044.6,,,,,,,
2018-06-30,Combined Fund MySuper,Generic,Combined Super Fund,46921400504,Industry,406.9,3.20,Medium to high,525.00,10.0,7.0,,25.0
2018-06-30,Accumulate Plus Balanced,Generic,Commonwealth Bank Group Super,24248426878,Corporate,5628.9,2.70,High,403.00,8.1,7.2,,2.7
2018-06-30,Growth (Cbus MySuper),Generic,CONSTRUCTION AND BUILDING UNIONS SUPERANNUATION FUND,75493363262,Industry,40253.9,4.75,Medium to high,558.00,13.0,11.0,,5.0
2018-06-30,Active Balanced,Generic,DuluxGroup Employees Superannuation Fund,91132102426,Retail,44.3,2.70,High,596.00,13.0,3.4,,8.4
2018-06-30,Balanced (MySuper),Generic,Energy Industries Superannuation Scheme-Pool A,22277243559,Public Sector,1350.8,2.50,Medium,370.00,5.0,4.0,,25.0
2018-06-30,MySuper,Generic,Energy Super,33761363685,Industry,2126.5,3.91,Medium to high,567.00,10.0,8.0,,10.0
2018-06-30,Equipsuper MySuper,Generic,equipsuper,33813823017,Industry,2501.1,3.72,Medium,463.00,10.0,3.0,,2.0
2018-06-30,RT Growth (MySuper),Large employer,equipsuper,33813823017,Industry,3141.6,4.20,High,665.50,10.0,6.0,,3.0
2018-06-30,Essential Super,Generic,Essential Super,56601925435,Retail,3153.6,,,,,,,
2018-06-30,First Super MySuper,Generic,First Super,56286625181,Industry,2614.5,3.50,Medium,566.03,10.0,10.0,,2.0
2018-06-30,Goldman Sachs & JBWere Superannuation Fund_MySuper Product,Generic,Goldman Sachs & JBWere Superannuation Fund,55697537183,Corporate,411.8,4.00,Very high,750.00,,,,0.0
2018-06-30,Guild Retirement Fund (MySuper),Generic,Guild Retirement Fund,22599554834,Retail,1236.6,,,,,,,
2018-06-30,HESTA MySuper,Generic,HESTA,64971749321,Industry,37440.5,5.03,Medium to high,630.00,11.5,12.5,0.0,0.0
2018-06-30,Balanced option,Generic,HOSTPLUS Superannuation Fund,68657495890,Industry,27316.2,3.50,High,803.00,13.0,12.0,0.0,6.0
2018-06-30,MySuper,Generic,IAG & NRMA Superannuation Plan,58244115920,Corporate,1423.8,2.66,High,785.00,7.0,3.0,,20.0
2018-06-30,Active Balanced,Generic,Incitec Pivot Employees Superannuation Fund,68569795856,Retail,55.3,2.60,High,641.00,13.0,3.4,,8.4
2018-06-30,Intrust MySuper,Generic,Intrust Super Fund,65704511371,Industry,1903.5,5.00,Medium to high,683.00,10.0,5.0,,13.0
2018-06-30,IOOF MySuper,Generic,IOOF Portfolio Service Superannuation Fund,70815369818,Retail,3096.2,3.00,Medium to high,541.00,10.0,1.5,,2.0
2018-06-30,MySuper Balanced,Generic,Labour Union Co-Operative Retirement Fund,26382680883,Industry,5197.5,3.00,High,627.00,10.4,5.1,,11.9
2018-06-30,MySuper Balanced,Generic,legalsuper,60346078879,Industry,1869.0,3.00,High,552.60,12.0,2.0,,
2018-06-30,LESF MySuper,Generic,LESF Super,13704288646,Retail,145.8,3.00,High,665.00,,,,
2018-06-30,LGIASuper MySuper Lifecycle,Generic,LGIAsuper,23053121564,Public Sector,7220.5,,,,,,,
2018-06-30,Vision MySuper,Generic,Local Authorities Superannuation Fund,24496637884,Public Sector,3915.0,3.50,Medium to high,543.00,11.0,11.0,,5.0
2018-06-30,Active Super Lifestage Product,Generic,Local Government Super,28901371321,Public Sector,3681.7,,,,,,,
2018-06-30,Balanced Option_MySuper Compliant,Generic,Lutheran Super,93371348387,Corporate,265.7,3.00,Medium to high,511.00,10.0,10.0,,5.0
2018-06-30,Moderate investment option,Generic,Maritime Super,77455663441,Industry,978.9,4.00,Medium,618.00,7.0,4.0,,10.0
2018-06-30,Max Super Fund MySuper Plan,Generic,Max Super Fund,22508720840,Retail,22.3,4.00,Medium to high,564.00,12.0,,,
2018-06-30,MIESF MySuper,Generic,Meat Industry Employees Superannuation Fund,17317520544,Industry,798.7,2.50,Medium,366.00,22.0,10.0,,
2018-06-30,Balanced investment option (accumulation),Generic,Media Super,42574421650,Industry,3918.8,4.00,Medium to high,630.00,10.0,11.0,,8.0
2018-06-30,Mercer Santos MySuper,Large employer,Mercer Super Trust,19905422981,Retail,208.7,3.90,Medium to high,488.12,6.5,6.5,1.0,9.6
2018-06-30,Mercer SmartPath,Generic,Mercer Super Trust,19905422981,Retail,8005.5,,,,,,,
2018-06-30,Mercer WGSP MySuper,Large employer,Mercer Super Trust,19905422981,Retail,1815.5,,,,,,,
2018-06-30,Virgin Money MySuper,Material goodwill,Mercer Super Trust,19905422981,Retail,491.8,,,,,,,
2018-06-30,MySuper Balanced,Generic,Mercy Super,11789425178,Corporate,953.8,5.25,Medium,675.20,12.0,12.0,,5.0
2018-06-30,Default Lifecycle,Generic,Mine Superannuation Fund,16457520308,Industry,6532.8,,,,,,,
2018-06-30,MySuper,Generic,MLC Super Fund,70732426024,Retail,24228.0,4.20,Medium to high,678.00,5.0,2.0,,3.0
2018-06-30,NAB Staff MySuper,Large employer,MLC Super Fund,70732426024,Retail,2433.3,4.90,High,573.00,12.0,3.5,,4.0
2018-06-30,MyCatholicSuper,Generic,MyLifeMyMoney Superannuation Fund,50237896957,Industry,5823.3,,,,,,,
2018-06-30,Nationwide MySuper,Generic,Nationwide Superannuation Fund,15201768813,Industry,560.9,3.00,Medium to high,570.00,10.0,7.0,,5.0
2018-06-30,NESS MySuper,Generic,NESS Super,72229227691,Industry,633.3,3.00,Medium to high,557.00,14.0,1.0,,2.0
2018-06-30,Diversified (MySuper),Generic,NGS Super,73549180515,Industry,5795.0,3.00,Medium to high,665.00,10.0,10.0,,8.0
2018-06-30,ANZ Smart Choice Super,Generic,OnePath Masterfund,53789980697,Retail,10395.0,,,,,,,
2018-06-30,ANZ Smart Choice Super_For QBE Management Services PTY LTD and their employees,Large employer,OnePath Masterfund,53789980697,Retail,327.8,,,,,,,
2018-06-30,MySuper Passive Balanced,Generic,OneSuper,43905581638,Retail,41.4,2.00,Medium,536.00,4.0,,,
2018-06-30,Perpetual MySuper,Generic,Perpetual's Select Superannuation Fund,51068260563,Retail,219.5,3.00,High,721.25,6.0,0.0,0.0,12.0
2018-06-30,Pitcher Retirement Plan MySuper,Generic,Pitcher Retirement Plan,15828677472,Corporate,31.9,2.40,Medium,932.00,8.0,4.0,,
2018-06-30,MySuper,Generic,Prime Super,60562335823,Industry,3536.5,4.00,Medium to high,758.56,6.5,13.0,,0.0
2018-06-30,PSSap MySuper Balanced,Generic,Public Sector Superannuation Accumulation Plan,65127917725,Public Sector,10554.2,3.50,Medium to high,540.00,10.0,1.0,,15.0
2018-06-30,Glidepath,Generic,Qantas Superannuation Plan,41272198829,Corporate,1025.4,,,,,,,
2018-06-30,QIEC MySuper,Generic,Queensland Independent Education & Care Superannuation Trust,15549636673,Industry,1211.9,4.07,High,741.00,12.0,12.0,,7.0
2018-06-30,Balanced,Generic,Rei Super,76641658449,Industry,1243.2,4.50,Medium to high,675.80,11.0,3.0,,0.0
2018-06-30,REST Super,Generic,Retail Employees Superannuation Trust,62653671394,Industry,45830.4,4.80,Medium to high,407.20,9.0,8.0,1.0,10.0
2018-06-30,BT Super MySuper,Generic,Retirement Wrap,39827542991,Retail,11174.6,,,,,,,
2018-06-30,Westpac Group Plan MySuper,Large employer,Retirement Wrap,39827542991,Retail,2344.5,,,,,,,
2018-06-30,General Division,Generic,Russell Investments Master Trust,89384753567,Retail,2932.1,4.00,Medium to high,669.00,6.5,7.7,0.5,2.7
2018-06-30,smartMonday Lifecycle,Generic,Smart Future Trust,68964712340,Retail,1363.8,,,,,,,
2018-06-30,Balanced (MySuper),Generic,Spirit Super,74559365913,Industry,9964.0,3.75,Medium to high,488.20,8.5,15.0,,0.0
2018-06-30,Suncorp Lifestage Funds,Generic,SPSL Master Trust,98350952022,Retail,1816.1,,,,,,,
2018-06-30,Statewide MySuper,Generic,Statewide Superannuation Trust,54145196298,Industry,5065.4,3.50,High,491.11,10.0,10.0,,
2018-06-30,Sunsuper for Life,Generic,Sunsuper Superannuation Fund,98503137921,Industry,34788.5,,,,,,,
2018-06-30,Tasplan MySuper,Generic,Tasplan Superannuation Fund,14602032302,Industry,5410.6,,,,,,,
2018-06-30,Telstra Super MySuper,Generic,Telstra Superannuation Scheme,85502108833,Corporate,7003.7,,,,,,,
2018-06-30,Bendigo MySuper,Generic,The Bendigo Superannuation Plan,57526653420,Retail,248.5,,,,,,,
2018-06-30,MySuper MyLife,Generic,The Executive Superannuation Fund,60998717367,Retail,1148.5,2.60,High,747.26,2.0,2.0,,10.0
2018-06-30,VISSF Balanced Option (MySuper Product),Generic,The Victorian Independent Schools Superannuation Fund,37024873660,Industry,418.6,3.00,High,482.00,5.0,3.0,,
2018-06-30,MySuper Growth,Generic,Toyota Super,58208377062,Corporate,564.3,4.00,High,608.00,8.0,2.2,,9.2
2018-06-30,Balanced (MySuper),Generic,TWU Superannuation Fund,77343563307,Industry,4824.4,4.51,Medium to high,613.00,9.0,8.0,,6.0
2018-06-30,UniSuper Balanced,Generic,Unisuper,91385943850,Industry,18130.8,4.60,High,376.00,3.0,4.4,,
2018-06-30,Balanced,Generic,United Technologies Corporation Retirement Plan,33227241196,Retail,47.6,2.60,High,600.00,10.0,,,20.0
2018-06-30,Growth (MySuper),Generic,Victorian Superannuation Fund,85977964496,Public Sector,11945.0,4.60,Medium to high,643.00,8.0,6.0,,7.0
2018-06-30,My WA Super,Generic,WA Local Government Superannuation Plan,18159499614,Public Sector,1644.7,2.50,High,552.80,10.0,8.0,,12.0
2018-06-30,BT Business MySuper,Generic,Westpac Mastertrust - Superannuation Division,81236903448,Retail,4307.9,,,,,,,
2018-03-31,AMG MySuper,Generic,AMG Super,30099320583,Retail,42.9,2.42,High,560.00,10.0,,,
2018-03-31,AMP MySuper No.1,Generic,AMP Retirement Trust,73310248809,Retail,875.7,4.00,Medium to high,455.60,6.0,6.0,,0.0
2018-03-31,AMP MySuper No.3,Generic,AMP Super Fund,78421957449,Retail,1218.9,,,,,,,
2018-03-31,AFLPA & AFL Industry MySuper,Large employer,AMP Superannuation Savings Trust,76514770399,Retail,122.0,,,,,,,
2018-03-31,AMP MySuper No.2,Generic,AMP Superannuation Savings Trust,76514770399,Retail,14039.2,,,,,,,
2018-03-31,Anglican National MySuper,Large employer,AMP Superannuation Savings Trust,76514770399,Retail,135.1,,,,,,,
2018-03-31,Australia Post MySuper,Large employer,AMP Superannuation Savings Trust,76514770399,Retail,199.9,,,,,,,
2018-03-31,Brookfield Australia MySuper,Large employer,AMP Superannuation Savings Trust,76514770399,Retail,113.6,4.00,Medium to high,325.00,8.0,,,9.0
2018-03-31,CCA MySuper,Large employer,AMP Superannuation Savings Trust,76514770399,Retail,361.1,,,,,,,
2018-03-31,Macquarie Group MySuper,Large employer,AMP Superannuation Savings Trust,76514770399,Retail,357.3,3.50,Medium to high,580.00,,,,12.5
2018-03-31,Water Corporation MySuper,Large employer,AMP Superannuation Savings Trust,76514770399,Retail,306.2,,,,,,,
2018-03-31,Woolworths Group MySuper,Large employer,AMP Superannuation Savings Trust,76514770399,Retail,2898.6,4.50,Medium to high,575.50,6.5,3.0,,6.5
2018-03-31,ANZ Staff MySuper,Generic,ANZ Australian Staff Superannuation Scheme,83810127567,Corporate,2089.7,3.60,Medium to high,410.00,9.5,6.0,,16.0
2018-03-31,Asgard Employee MySuper,Generic,ASGARD Independence Plan Division Two,90194410365,Retail,2434.4,,,,,,,
2018-03-31,BALANCED,Generic,Australia Post Superannuation Scheme,42045077895,Public Sector,941.5,3.00,High,713.00,,,,30.0
2018-03-31,MySuper Balanced,Generic,Australian Catholic Superannuation and Retirement Fund,24680629023,Industry,4977.5,3.60,High,653.00,11.0,11.0,,22.0
2018-03-31,ADF MySuper,Generic,Australian Defence Force Superannuation Scheme,90302247344,Public Sector,90.0,3.50,Medium to high,540.00,10.0,1.0,,15.0
2018-03-31,Balanced (accumulation),Generic,Australian Ethical Retail Superannuation Fund,49633667743,Retail,762.6,3.50,Medium to high,622.00,10.0,5.0,,
2018-03-31,AMIST MySuper,Generic,Australian Meat Industry Superannuation Trust,28342064803,Industry,2030.3,2.00,Medium to high,379.00,15.0,10.0,,5.0
2018-03-31,QSuper Lifetime,Generic,Australian Retirement Trust,60905115063,Public Sector,37295.2,,,,,,,
2018-03-31,AustralianSuper MySuper,Generic,AustralianSuper,65714394898,Industry,86162.7,3.86,High,453.00,7.0,13.0,,0.0
2018-03-31,MySuper (Balanced),Generic,Austsafe Superannuation Fund,92398191503,Industry,2094.2,4.40,Medium to high,509.60,10.0,9.0,,10.0
2018-03-31,AvSuper Growth (MySuper),Generic,AvSuper Fund,84421446069,Public Sector,682.3,3.50,Medium to high,560.00,10.0,8.0,,1.0
2018-03-31,MySuper Lifecycle,Generic,Aware Super,53226460365,Public Sector,48154.0,,,,,,,
2018-03-31,BOC MySuper,Generic,Boc Gases Superannuation Fund,49620344668,Corporate,426.7,3.60,High,636.00,11.0,7.4,,7.4
2018-03-31,BUSSQ MySuper,Generic,Building Unions Superannuation Scheme (Queensland),85571332201,Industry,3253.3,4.00,Medium,553.00,13.0,12.5,4.0,
2018-03-31,CareSuper,Generic,Care Super,98172275725,Industry,10633.5,5.00,Medium to high,608.00,12.0,7.0,,
2018-03-31,Growth MySuper,Generic,CBH Superannuation Fund,84433159328,Corporate,11.0,3.75,High,370.00,15.0,,,0.0
2018-03-31,My Ethical Super,Generic,Christian Super,66628776348,Industry,835.0,3.32,High,711.00,10.0,3.7,,0.0
2018-03-31,Club Plus Super _ MySuper,Generic,Club Plus Superannuation Scheme,95275115088,Industry,2146.7,2.72,High,710.00,11.0,6.0,,16.0
2018-03-31,Club MySuper,Generic,Club Super,12737334298,Industry,456.3,3.71,High,821.00,11.0,10.0,,10.0
2018-03-31,FirstChoice Employer Super,Generic,Colonial First State FirstChoice Superannuation Trust,26458298557,Retail,8618.9,,,,,,,
2018-03-31,Combined Fund MySuper,Generic,Combined Super Fund,46921400504,Industry,400.0,3.20,Medium to high,525.00,10.0,7.0,,25.0
2018-03-31,Accumulate Plus Balanced,Generic,Commonwealth Bank Group Super,24248426878,Corporate,5465.4,2.70,High,403.00,8.1,7.2,,2.7
2018-03-31,Growth (Cbus MySuper),Generic,CONSTRUCTION AND BUILDING UNIONS SUPERANNUATION FUND,75493363262,Industry,38143.6,4.75,Medium to high,583.00,13.0,11.0,,5.0
2018-03-31,Active Balanced,Generic,DuluxGroup Employees Superannuation Fund,91132102426,Retail,42.5,2.70,High,596.00,13.0,3.4,,8.4
2018-03-31,Balanced,Generic,Elphinstone Group Superannuation Fund,77408077215,Corporate,52.7,0.50,Very high,810.00,1.8,,,
2018-03-31,EmPlus MySuper,Generic,EmPlus Superannuation Fund,18838658991,Retail,118.0,2.74,Medium to high,552.80,9.0,,,
2018-03-31,Balanced (MySuper),Generic,Energy Industries Superannuation Scheme-Pool A,22277243559,Public Sector,1316.0,2.50,Medium,370.00,5.0,4.0,,25.0
2018-03-31,MySuper,Generic,Energy Super,33761363685,Industry,2050.6,3.91,Medium to high,567.00,10.0,8.0,,10.0
2018-03-31,Equipsuper MySuper,Generic,equipsuper,33813823017,Industry,2427.5,3.72,Medium,463.00,10.0,3.0,,2.0
2018-03-31,RT Growth (MySuper),Large employer,equipsuper,33813823017,Industry,3158.5,4.20,High,665.50,10.0,6.0,,3.0
2018-03-31,Essential Super,Generic,Essential Super,56601925435,Retail,2904.3,,,,,,,
2018-03-31,First Super MySuper,Generic,First Super,56286625181,Industry,2506.3,3.50,Medium,566.03,10.0,10.0,,2.0
2018-03-31,Goldman Sachs & JBWere Superannuation Fund_MySuper Product,Generic,Goldman Sachs & JBWere Superannuation Fund,55697537183,Corporate,360.0,4.00,Very high,750.00,,,,0.0
2018-03-31,Guild Retirement Fund (MySuper),Generic,Guild Retirement Fund,22599554834,Retail,1161.1,,,,,,,
2018-03-31,HESTA MySuper,Generic,HESTA,64971749321,Industry,36249.1,5.03,Medium to high,630.00,11.5,12.5,,
2018-03-31,Balanced option,Generic,HOSTPLUS Superannuation Fund,68657495890,Industry,25303.5,3.50,High,803.00,13.0,12.0,0.0,6.0
2018-03-31,MySuper,Generic,IAG & NRMA Superannuation Plan,58244115920,Corporate,1399.9,2.66,High,785.00,7.0,3.0,,20.0
2018-03-31,Active Balanced,Generic,Incitec Pivot Employees Superannuation Fund,68569795856,Retail,53.8,2.60,High,641.00,13.0,3.4,,8.4
2018-03-31,Intrust MySuper,Generic,Intrust Super Fund,65704511371,Industry,1829.8,5.00,Medium to high,683.00,10.0,5.0,,13.0
2018-03-31,IOOF MySuper,Generic,IOOF Portfolio Service Superannuation Fund,70815369818,Retail,2944.6,3.00,Medium to high,541.00,10.0,1.5,,2.0
2018-03-31,Kinetic Super _ Growth (MySuper),Generic,Kinetic Superannuation Fund,78984178687,Industry,3241.7,2.50,High,445.60,13.0,8.0,,
2018-03-31,MySuper Balanced,Generic,Labour Union Co-Operative Retirement Fund,26382680883,Industry,5007.7,3.00,High,627.00,10.0,5.0,,12.0
2018-03-31,MySuper Balanced,Generic,legalsuper,60346078879,Industry,1786.6,3.00,High,552.60,12.0,2.0,,
2018-03-31,LESF MySuper,Generic,LESF Super,13704288646,Retail,140.5,3.00,High,665.00,,,,
2018-03-31,LGIASuper MySuper Lifecycle,Generic,LGIAsuper,23053121564,Public Sector,7002.3,,,,,,,
2018-03-31,Vision MySuper,Generic,Local Authorities Superannuation Fund,24496637884,Public Sector,3800.0,3.50,Medium to high,543.00,11.0,11.0,,5.0
2018-03-31,Active Super Lifestage Product,Generic,Local Government Super,28901371321,Public Sector,3553.7,,,,,,,
2018-03-31,Balanced Option_MySuper Compliant,Generic,Lutheran Super,93371348387,Corporate,258.3,3.00,Medium to high,511.00,10.0,10.0,,5.0
2018-03-31,Moderate investment option,Generic,Maritime Super,77455663441,Industry,948.7,4.00,Medium,618.00,7.0,4.0,,10.0
2018-03-31,Max Super Fund MySuper Plan,Generic,Max Super Fund,22508720840,Retail,21.4,4.00,Medium to high,564.00,12.0,,,
2018-03-31,MIESF MySuper,Generic,Meat Industry Employees Superannuation Fund,17317520544,Industry,757.5,2.50,Medium,366.00,22.0,10.0,,
2018-03-31,Balanced investment option (accumulation),Generic,Media Super,42574421650,Industry,3787.9,4.00,Medium to high,760.00,10.0,11.0,,8.0
2018-03-31,Mercer Santos MySuper,Large employer,Mercer Super Trust,19905422981,Retail,207.5,3.90,Medium to high,488.12,6.5,6.5,1.0,9.6
2018-03-31,Mercer SmartPath,Generic,Mercer Super Trust,19905422981,Retail,7749.7,,,,,,,
2018-03-31,Mercer WGSP MySuper,Large employer,Mercer Super Trust,19905422981,Retail,1788.6,,,,,,,
2018-03-31,Virgin Money MySuper,Material goodwill,Mercer Super Trust,19905422981,Retail,476.7,,,,,,,
2018-03-31,MySuper Balanced,Generic,Mercy Super,11789425178,Corporate,927.1,5.25,Medium,675.20,12.0,12.0,,6.0
2018-03-31,Default Lifecycle,Generic,Mine Superannuation Fund,16457520308,Industry,6386.5,,,,,,,
2018-03-31,MySuper,Generic,MLC Super Fund,70732426024,Retail,23594.3,4.20,Medium to high,678.00,5.0,2.0,,3.0
2018-03-31,NAB Staff MySuper,Large employer,MLC Super Fund,70732426024,Retail,2346.3,4.90,High,573.00,12.0,3.5,,4.0
2018-03-31,MyCatholicSuper,Generic,MyLifeMyMoney Superannuation Fund,50237896957,Industry,5647.5,,,,,,,
2018-03-31,Nationwide MySuper,Generic,Nationwide Superannuation Fund,15201768813,Industry,567.5,3.00,Medium to high,570.00,10.0,7.0,,5.0
2018-03-31,NESS MySuper,Generic,NESS Super,72229227691,Industry,608.3,3.00,Medium to high,557.00,14.0,1.0,,2.0
2018-03-31,Diversified (MySuper),Generic,NGS Super,73549180515,Industry,5602.1,3.00,Medium to high,665.00,10.0,10.0,,8.0
2018-03-31,ANZ Smart Choice Super,Generic,OnePath Masterfund,53789980697,Retail,10075.5,,,,,,,
2018-03-31,ANZ Smart Choice Super_For QBE Management Services PTY LTD and their employees,Large employer,OnePath Masterfund,53789980697,Retail,316.2,,,,,,,
2018-03-31,MySuper Passive Balanced,Generic,OneSuper,43905581638,Retail,39.3,2.00,Medium,536.00,4.0,,,
2018-03-31,Perpetual MySuper,Generic,Perpetual's Select Superannuation Fund,51068260563,Retail,212.6,3.00,High,790.00,6.0,0.0,0.0,12.0
2018-03-31,Pitcher Retirement Plan MySuper,Generic,Pitcher Retirement Plan,15828677472,Corporate,30.5,2.40,Medium,932.00,8.0,4.0,,
2018-03-31,MySuper,Generic,Prime Super,60562335823,Industry,3297.4,4.00,Medium to high,758.56,6.5,13.0,,0.0
2018-03-31,PSSap MySuper Balanced,Generic,Public Sector Superannuation Accumulation Plan,65127917725,Public Sector,10096.5,3.50,Medium to high,540.00,10.0,1.0,,15.0
2018-03-31,Glidepath,Generic,Qantas Superannuation Plan,41272198829,Corporate,999.3,,,,,,,
2018-03-31,QIEC MySuper,Generic,Queensland Independent Education & Care Superannuation Trust,15549636673,Industry,1175.3,4.07,High,741.00,12.0,12.0,,7.0
2018-03-31,Balanced,Generic,Rei Super,76641658449,Industry,1211.2,4.50,Medium to high,675.80,11.0,3.0,,0.0
2018-03-31,REST Super,Generic,Retail Employees Superannuation Trust,62653671394,Industry,44012.2,4.80,Medium to high,407.20,9.0,8.0,1.0,10.0
2018-03-31,BT Super MySuper,Generic,Retirement Wrap,39827542991,Retail,10529.3,,,,,,,
2018-03-31,Westpac Group Plan MySuper,Large employer,Retirement Wrap,39827542991,Retail,2209.5,,,,,,,
2018-03-31,General Division,Generic,Russell Investments Master Trust,89384753567,Retail,2244.4,4.00,Medium to high,669.00,6.5,7.7,0.5,2.7
2018-03-31,smartMonday Lifecycle,Generic,Smart Future Trust,68964712340,Retail,1309.7,,,,,,,
2018-03-31,Balanced (MySuper),Generic,Spirit Super,74559365913,Industry,9570.3,3.75,Medium to high,488.20,8.5,15.0,,0.0
2018-03-31,Suncorp Lifestage Funds,Generic,SPSL Master Trust,98350952022,Retail,1751.3,,,,,,,
2018-03-31,Statewide MySuper,Generic,Statewide Superannuation Trust,54145196298,Industry,4841.1,3.50,High,491.11,10.0,10.0,,
2018-03-31,Sunsuper for Life,Generic,Sunsuper Superannuation Fund,98503137921,Industry,29708.4,,,,,,,
2018-03-31,Tasplan MySuper,Generic,Tasplan Superannuation Fund,14602032302,Industry,5192.8,,,,,,,
2018-03-31,Telstra Super MySuper,Generic,Telstra Superannuation Scheme,85502108833,Corporate,6801.9,,,,,,,
2018-03-31,Bendigo MySuper,Generic,The Bendigo Superannuation Plan,57526653420,Retail,222.1,,,,,,,
2018-03-31,MySuper MyLife,Generic,The Executive Superannuation Fund,60998717367,Retail,1116.4,2.60,High,747.26,2.0,2.0,,10.0
2018-03-31,VISSF Balanced Option (MySuper Product),Generic,The Victorian Independent Schools Superannuation Fund,37024873660,Industry,428.3,3.00,High,482.00,5.0,3.0,,
2018-03-31,MySuper Growth,Generic,Toyota Super,58208377062,Corporate,557.1,4.00,High,608.00,8.0,2.2,,9.2
2018-03-31,Balanced (MySuper),Generic,TWU Superannuation Fund,77343563307,Industry,4684.1,4.51,Medium to high,613.00,9.0,8.0,,6.0
2018-03-31,UniSuper Balanced,Generic,Unisuper,91385943850,Industry,17069.0,4.60,High,376.00,3.0,4.4,,
2018-03-31,Balanced,Generic,United Technologies Corporation Retirement Plan,33227241196,Retail,50.4,2.60,High,600.00,10.0,,,20.0
2018-03-31,Growth (MySuper),Generic,Victorian Superannuation Fund,85977964496,Public Sector,11475.0,4.60,Medium to high,643.00,5.8,6.4,,
2018-03-31,My WA Super,Generic,WA Local Government Superannuation Plan,18159499614,Public Sector,1577.6,2.50,High,552.80,9.9,8.1,0.0,12.0
2018-03-31,BT Business MySuper,Generic,Westpac Mastertrust - Superannuation Division,81236903448,Retail,4148.5,,,,,,,
2017-12-31,AMG MySuper,Generic,AMG Super,30099320583,Retail,45.1,2.42,High,560.00,10.0,,,
2017-12-31,AMP MySuper No.1,Generic,AMP Retirement Trust,73310248809,Retail,859.9,4.00,Medium to high,455.60,6.0,6.0,,0.0
2017-12-31,AMP MySuper No.3,Generic,AMP Super Fund,78421957449,Retail,1241.0,,,,,,,
2017-12-31,AFLPA & AFL Industry MySuper,Large employer,AMP Superannuation Savings Trust,76514770399,Retail,120.6,,,,,,,
2017-12-31,AMP MySuper No.2,Generic,AMP Superannuation Savings Trust,76514770399,Retail,14092.2,,,,,,,
2017-12-31,Anglican National MySuper,Large employer,AMP Superannuation Savings Trust,76514770399,Retail,135.5,,,,,,,
2017-12-31,Australia Post MySuper,Large employer,AMP Superannuation Savings Trust,76514770399,Retail,191.8,,,,,,,
2017-12-31,Brookfield Australia MySuper,Large employer,AMP Superannuation Savings Trust,76514770399,Retail,113.0,4.00,Medium to high,325.00,8.0,,,9.0
2017-12-31,CCA MySuper,Large employer,AMP Superannuation Savings Trust,76514770399,Retail,362.6,,,,,,,
2017-12-31,Macquarie Group MySuper,Large employer,AMP Superannuation Savings Trust,76514770399,Retail,355.1,3.50,Medium to high,580.00,,,,12.5
2017-12-31,Water Corporation MySuper,Large employer,AMP Superannuation Savings Trust,76514770399,Retail,306.5,,,,,,,
2017-12-31,Woolworths Group MySuper,Large employer,AMP Superannuation Savings Trust,76514770399,Retail,2916.5,4.50,Medium to high,575.50,6.5,3.0,,6.5
2017-12-31,ANZ Staff MySuper,Generic,ANZ Australian Staff Superannuation Scheme,83810127567,Corporate,2105.7,3.60,Medium to high,410.00,9.5,6.0,,16.0
2017-12-31,Asgard Employee MySuper,Generic,ASGARD Independence Plan Division Two,90194410365,Retail,2461.9,,,,,,,
2017-12-31,BALANCED,Generic,Australia Post Superannuation Scheme,42045077895,Public Sector,949.1,3.00,High,713.00,,,,30.0
2017-12-31,MySuper Balanced,Generic,Australian Catholic Superannuation and Retirement Fund,24680629023,Industry,4880.6,3.60,High,653.00,11.0,11.0,,22.0
2017-12-31,ADF MySuper,Generic,Australian Defence Force Superannuation Scheme,90302247344,Public Sector,71.4,3.50,Medium to high,540.00,10.0,1.0,,15.0
2017-12-31,Balanced (accumulation),Generic,Australian Ethical Retail Superannuation Fund,49633667743,Retail,735.2,3.50,Medium to high,622.00,10.0,5.0,,
2017-12-31,AMIST MySuper,Generic,Australian Meat Industry Superannuation Trust,28342064803,Industry,2024.0,2.00,Medium to high,379.00,15.0,5.0,,5.0
2017-12-31,QSuper Lifetime,Generic,Australian Retirement Trust,60905115063,Public Sector,36807.4,,,,,,,
2017-12-31,AustralianSuper MySuper,Generic,AustralianSuper,65714394898,Industry,85337.3,3.86,High,453.00,7.0,13.0,,0.0
2017-12-31,MySuper (Balanced),Generic,Austsafe Superannuation Fund,92398191503,Industry,2079.3,4.40,Medium to high,509.60,10.0,9.0,,10.0
2017-12-31,AvSuper Growth (MySuper),Generic,AvSuper Fund,84421446069,Public Sector,684.3,3.50,Medium to high,560.00,10.0,8.0,,1.0
2017-12-31,MySuper Lifecycle,Generic,Aware Super,53226460365,Public Sector,46832.5,,,,,,,
2017-12-31,BOC MySuper,Generic,Boc Gases Superannuation Fund,49620344668,Corporate,430.8,3.60,High,636.00,11.0,7.4,,7.4
2017-12-31,BUSSQ MySuper,Generic,Building Unions Superannuation Scheme (Queensland),85571332201,Industry,3241.0,4.00,Medium,553.00,12.0,12.0,3.0,
2017-12-31,CareSuper,Generic,Care Super,98172275725,Industry,10535.1,5.00,Medium to high,608.00,12.0,7.0,,
2017-12-31,Growth MySuper,Generic,CBH Superannuation Fund,84433159328,Corporate,7.7,3.75,High,370.00,15.0,,,0.0
2017-12-31,My Ethical Super,Generic,Christian Super,66628776348,Industry,830.9,3.72,High,646.00,10.0,3.4,,0.3
2017-12-31,Club Plus Super _ MySuper,Generic,Club Plus Superannuation Scheme,95275115088,Industry,2150.1,2.72,High,710.00,11.0,6.0,,16.0
2017-12-31,Club MySuper,Generic,Club Super,12737334298,Industry,458.6,3.71,Medium to high,821.00,11.0,10.0,,10.0
2017-12-31,FirstChoice Employer Super,Generic,Colonial First State FirstChoice Superannuation Trust,26458298557,Retail,8696.4,,,,,,,
2017-12-31,Combined Fund MySuper,Generic,Combined Super Fund,46921400504,Industry,399.8,3.20,Medium to high,525.00,11.0,10.0,,21.0
2017-12-31,Accumulate Plus Balanced,Generic,Commonwealth Bank Group Super,24248426878,Corporate,5393.9,2.70,High,403.00,8.1,7.2,,2.7
2017-12-31,MySuper Balanced,Generic,Concept One The Industry Superannuation Fund,21059451252,Industry,458.2,3.00,Medium to high,586.00,15.0,12.0,,
2017-12-31,Growth (Cbus MySuper),Generic,CONSTRUCTION AND BUILDING UNIONS SUPERANNUATION FUND,75493363262,Industry,37543.9,4.75,Medium to high,583.00,13.0,11.0,,5.0
2017-12-31,Active Balanced,Generic,DuluxGroup Employees Superannuation Fund,91132102426,Retail,42.4,2.70,High,596.00,13.0,3.4,,8.4
2017-12-31,Balanced,Generic,Elphinstone Group Superannuation Fund,77408077215,Corporate,58.7,0.50,Very high,810.00,1.8,,,
2017-12-31,EmPlus MySuper,Generic,EmPlus Superannuation Fund,18838658991,Retail,121.1,2.74,Medium to high,552.80,9.0,,,
2017-12-31,Balanced (MySuper),Generic,Energy Industries Superannuation Scheme-Pool A,22277243559,Public Sector,1319.5,2.50,Medium,370.00,5.0,4.0,,25.0
2017-12-31,MySuper,Generic,Energy Super,33761363685,Industry,2054.5,3.91,Medium to high,567.00,10.0,8.0,,10.0
2017-12-31,Equipsuper MySuper,Generic,equipsuper,33813823017,Industry,2422.1,3.72,Medium,463.00,10.0,3.0,,2.0
2017-12-31,RT Growth (MySuper),Large employer,equipsuper,33813823017,Industry,3227.7,4.20,High,665.50,10.0,6.0,,3.0
2017-12-31,Essential Super,Generic,Essential Super,56601925435,Retail,2870.8,,,,,,,
2017-12-31,First Super MySuper,Generic,First Super,56286625181,Industry,2509.7,3.50,Medium,566.03,10.0,10.0,,2.0
2017-12-31,Goldman Sachs & JBWere Superannuation Fund_MySuper Product,Generic,Goldman Sachs & JBWere Superannuation Fund,55697537183,Corporate,364.7,4.00,Very high,750.00,,,,0.0
2017-12-31,Guild Retirement Fund (MySuper),Generic,Guild Retirement Fund,22599554834,Retail,1154.9,,,,,,,
2017-12-31,HESTA MySuper,Generic,HESTA,64971749321,Industry,35646.1,5.03,Medium to high,630.00,11.5,12.5,,
2017-12-31,Balanced option,Generic,HOSTPLUS Superannuation Fund,68657495890,Industry,24331.4,3.50,High,803.00,13.0,12.0,0.0,6.0
2017-12-31,MySuper,Generic,IAG & NRMA Superannuation Plan,58244115920,Corporate,1418.4,2.66,High,785.00,7.0,3.0,,20.0
2017-12-31,Active Balanced,Generic,Incitec Pivot Employees Superannuation Fund,68569795856,Retail,55.8,2.60,High,641.00,13.0,3.4,,8.4
2017-12-31,Intrust MySuper,Generic,Intrust Super Fund,65704511371,Industry,1810.1,5.00,Medium to high,683.00,10.0,5.0,,13.0
2017-12-31,IOOF MySuper,Generic,IOOF Portfolio Service Superannuation Fund,70815369818,Retail,2972.2,3.00,Medium to high,541.00,10.0,1.5,,2.0
2017-12-31,Kinetic Super _ Growth (MySuper),Generic,Kinetic Superannuation Fund,78984178687,Industry,3249.9,2.50,High,445.60,13.0,8.0,,
2017-12-31,MySuper Balanced,Generic,Labour Union Co-Operative Retirement Fund,26382680883,Industry,4707.8,3.00,High,627.00,10.0,5.0,,12.0
2017-12-31,MySuper Balanced,Generic,legalsuper,60346078879,Industry,1785.4,3.00,High,552.60,12.0,2.0,,
2017-12-31,LESF MySuper,Generic,LESF Super,13704288646,Retail,140.4,3.00,High,665.00,,,,
2017-12-31,LGIASuper MySuper Lifecycle,Generic,LGIAsuper,23053121564,Public Sector,6907.2,,,,,,,
2017-12-31,Vision MySuper,Generic,Local Authorities Superannuation Fund,24496637884,Public Sector,3782.8,3.50,Medium to high,538.00,11.0,11.0,,5.0
2017-12-31,Active Super Lifestage Product,Generic,Local Government Super,28901371321,Public Sector,3526.7,,,,,,,
2017-12-31,Balanced Option_MySuper Compliant,Generic,Lutheran Super,93371348387,Corporate,261.2,3.00,Medium to high,511.00,10.0,10.0,,5.0
2017-12-31,Moderate investment option,Generic,Maritime Super,77455663441,Industry,946.1,4.00,Medium,618.00,7.0,4.0,,10.0
2017-12-31,Max Super Fund MySuper Plan,Generic,Max Super Fund,22508720840,Retail,21.6,4.00,Medium to high,564.00,12.0,,,
2017-12-31,MIESF MySuper,Generic,Meat Industry Employees Superannuation Fund,17317520544,Industry,753.7,2.50,Medium,366.00,22.0,10.0,,
2017-12-31,Balanced investment option (accumulation),Generic,Media Super,42574421650,Industry,3785.0,4.00,Medium to high,795.00,10.0,11.0,,8.0
2017-12-31,Mercer Santos MySuper,Large employer,Mercer Super Trust,19905422981,Retail,214.3,3.90,Medium to high,486.92,6.5,6.5,1.0,5.0
2017-12-31,Mercer SmartPath,Generic,Mercer Super Trust,19905422981,Retail,7724.3,,,,,,,
2017-12-31,Mercer WGSP MySuper,Large employer,Mercer Super Trust,19905422981,Retail,1792.3,,,,,,,
2017-12-31,Virgin Money MySuper,Material goodwill,Mercer Super Trust,19905422981,Retail,482.3,,,,,,,
2017-12-31,MySuper Balanced,Generic,Mercy Super,11789425178,Corporate,911.0,5.25,Medium,675.20,12.0,12.0,,6.0
2017-12-31,Default Lifecycle,Generic,Mine Superannuation Fund,16457520308,Industry,6474.5,,,,,,,
2017-12-31,MySuper,Generic,MLC Super Fund,70732426024,Retail,23751.5,4.20,Medium to high,678.00,5.0,2.0,,3.0
2017-12-31,NAB Staff MySuper,Large employer,MLC Super Fund,70732426024,Retail,2350.7,4.90,High,573.00,12.0,3.5,,4.0
2017-12-31,MyCatholicSuper,Generic,MyLifeMyMoney Superannuation Fund,50237896957,Industry,5682.6,,,,,,,
2017-12-31,Nationwide MySuper,Generic,Nationwide Superannuation Fund,15201768813,Industry,574.5,3.00,Medium to high,570.00,10.0,7.0,,5.0
2017-12-31,NESS MySuper,Generic,NESS Super,72229227691,Industry,611.5,3.00,Medium to high,557.00,10.0,3.0,,4.0
2017-12-31,Diversified (MySuper),Generic,NGS Super,73549180515,Industry,5535.6,3.00,Medium to high,665.00,10.0,10.0,,8.0
2017-12-31,ANZ Smart Choice Super,Generic,OnePath Masterfund,53789980697,Retail,10273.9,,,,,,,
2017-12-31,ANZ Smart Choice Super_For QBE Management Services PTY LTD and their employees,Large employer,OnePath Masterfund,53789980697,Retail,325.4,,,,,,,
2017-12-31,MySuper Passive Balanced,Generic,OneSuper,43905581638,Retail,40.2,2.00,Medium,536.00,4.0,,,
2017-12-31,Perpetual MySuper,Generic,Perpetual's Select Superannuation Fund,51068260563,Retail,217.9,3.00,High,790.00,6.0,0.0,0.0,12.0
2017-12-31,Pitcher Retirement Plan MySuper,Generic,Pitcher Retirement Plan,15828677472,Corporate,31.4,2.40,Medium,932.00,8.0,4.0,,
2017-12-31,MySuper,Generic,Prime Super,60562335823,Industry,3297.2,4.00,Medium to high,758.56,6.5,13.0,,0.0
2017-12-31,PSSap MySuper Balanced,Generic,Public Sector Superannuation Accumulation Plan,65127917725,Public Sector,9952.7,3.50,Medium to high,540.00,10.0,1.0,,15.0
2017-12-31,Glidepath,Generic,Qantas Superannuation Plan,41272198829,Corporate,984.6,,,,,,,
2017-12-31,QIEC MySuper,Generic,Queensland Independent Education & Care Superannuation Trust,15549636673,Industry,1171.3,4.07,High,741.00,12.0,12.0,,7.0
2017-12-31,Balanced,Generic,Rei Super,76641658449,Industry,1218.4,4.50,Medium to high,675.80,11.0,3.0,,0.0
2017-12-31,REST Super,Generic,Retail Employees Superannuation Trust,62653671394,Industry,43497.2,4.80,Medium to high,407.20,9.0,8.0,1.0,10.0
2017-12-31,BT Super MySuper,Generic,Retirement Wrap,39827542991,Retail,10565.7,,,,,,,
2017-12-31,Westpac Group Plan MySuper,Large employer,Retirement Wrap,39827542991,Retail,2194.8,,,,,,,
2017-12-31,General Division,Generic,Russell Investments Master Trust,89384753567,Retail,2280.3,4.00,Medium to high,669.00,6.5,7.7,0.5,2.7
2017-12-31,smartMonday Lifecycle,Generic,Smart Future Trust,68964712340,Retail,1340.7,,,,,,,
2017-12-31,Balanced (MySuper),Generic,Spirit Super,74559365913,Industry,9560.7,3.75,Medium to high,488.20,8.5,15.0,,0.0
2017-12-31,Suncorp Lifestage Funds,Generic,SPSL Master Trust,98350952022,Retail,1762.2,,,,,,,
2017-12-31,Statewide MySuper,Generic,Statewide Superannuation Trust,54145196298,Industry,4790.0,3.50,High,491.11,9.0,10.0,,
2017-12-31,Sunsuper for Life,Generic,Sunsuper Superannuation Fund,98503137921,Industry,29254.8,,,,,,,
2017-12-31,Tasplan MySuper,Generic,Tasplan Superannuation Fund,14602032302,Industry,5168.3,,,,,,,
2017-12-31,Telstra Super MySuper,Generic,Telstra Superannuation Scheme,85502108833,Corporate,6825.2,,,,,,,
2017-12-31,Bendigo MySuper,Generic,The Bendigo Superannuation Plan,57526653420,Retail,218.2,,,,,,,
2017-12-31,MySuper MyLife,Generic,The Executive Superannuation Fund,60998717367,Retail,1136.5,2.60,High,747.26,2.0,2.0,,10.0
2017-12-31,VISSF Balanced Option (MySuper Product),Generic,The Victorian Independent Schools Superannuation Fund,37024873660,Industry,426.4,3.00,High,482.00,5.0,3.0,,
2017-12-31,MySuper Growth,Generic,Toyota Super,58208377062,Corporate,590.5,4.00,High,608.00,9.0,2.2,,9.2
2017-12-31,Balanced (MySuper),Generic,TWU Superannuation Fund,77343563307,Industry,4699.2,4.51,Medium to high,613.00,9.0,8.0,,6.0
2017-12-31,UniSuper Balanced,Generic,Unisuper,91385943850,Industry,16858.3,4.60,High,376.00,3.0,4.4,,
2017-12-31,Balanced,Generic,United Technologies Corporation Retirement Plan,33227241196,Retail,49.2,2.60,High,600.00,10.0,,,20.0
2017-12-31,Growth (MySuper),Generic,Victorian Superannuation Fund,85977964496,Public Sector,11461.8,4.60,Medium to high,643.00,5.8,6.4,,
2017-12-31,My WA Super,Generic,WA Local Government Superannuation Plan,18159499614,Public Sector,1106.7,2.50,High,552.80,10.0,8.0,0.0,12.0
2017-12-31,BT Business MySuper,Generic,Westpac Mastertrust - Superannuation Division,81236903448,Retail,4186.5,,,,,,,
2017-09-30,AMG MySuper,Generic,AMG Super,30099320583,Retail,44.0,3.00,High,560.00,10.0,,,
2017-09-30,AMP MySuper No.1,Generic,AMP Retirement Trust,73310248809,Retail,803.5,4.00,High,455.60,6.0,6.0,,0.0
2017-09-30,AMP MySuper No.3,Generic,AMP Super Fund,78421957449,Retail,1194.9,,,,,,,
2017-09-30,AFLPA & AFL Industry MySuper,Large employer,AMP Superannuation Savings Trust,76514770399,Retail,113.0,,,,,,,
2017-09-30,AMP MySuper No.2,Generic,AMP Superannuation Savings Trust,76514770399,Retail,13741.3,,,,,,,
2017-09-30,Anglican National MySuper,Large employer,AMP Superannuation Savings Trust,76514770399,Retail,128.7,,,,,,,
2017-09-30,Australia Post MySuper,Large employer,AMP Superannuation Savings Trust,76514770399,Retail,169.7,,,,,,,
2017-09-30,Brookfield Australia MySuper,Large employer,AMP Superannuation Savings Trust,76514770399,Retail,107.1,4.00,Medium to high,325.00,5.0,,,10.0
2017-09-30,CCA MySuper,Large employer,AMP Superannuation Savings Trust,76514770399,Retail,346.6,,,,,,,
2017-09-30,Macquarie Group MySuper,Large employer,AMP Superannuation Savings Trust,76514770399,Retail,337.2,4.00,Medium,580.00,,0.0,,12.5
2017-09-30,Water Corporation MySuper,Large employer,AMP Superannuation Savings Trust,76514770399,Retail,0.0,,,,,,,
2017-09-30,Woolworths Group MySuper,Large employer,AMP Superannuation Savings Trust,76514770399,Retail,2798.5,4.50,Medium to high,575.50,6.5,3.0,,6.5
2017-09-30,ANZ Staff MySuper,Generic,ANZ Australian Staff Superannuation Scheme,83810127567,Corporate,2233.8,3.00,High,265.00,11.5,6.0,,8.0
2017-09-30,Asgard Employee MySuper,Generic,ASGARD Independence Plan Division Two,90194410365,Retail,2365.4,,,,,,,
2017-09-30,BALANCED,Generic,Australia Post Superannuation Scheme,42045077895,Public Sector,936.3,3.00,High,450.00,,,,22.5
2017-09-30,MySuper Balanced,Generic,Australian Catholic Superannuation and Retirement Fund,24680629023,Industry,4705.5,3.60,High,653.00,11.0,11.0,,22.0
2017-09-30,ADF MySuper,Generic,Australian Defence Force Superannuation Scheme,90302247344,Public Sector,49.2,3.50,Medium to high,540.00,10.0,1.0,,15.0
2017-09-30,Balanced (accumulation),Generic,Australian Ethical Retail Superannuation Fund,49633667743,Retail,684.2,3.50,Medium to high,622.00,10.0,5.0,,
2017-09-30,AMIST MySuper,Generic,Australian Meat Industry Superannuation Trust,28342064803,Industry,1901.8,2.00,Medium to high,379.00,15.0,5.0,,5.0
2017-09-30,QSuper Lifetime,Generic,Australian Retirement Trust,60905115063,Public Sector,35746.3,,,,,,,
2017-09-30,AustralianSuper MySuper,Generic,AustralianSuper,65714394898,Industry,84157.4,3.86,High,448.00,7.0,13.0,,0.0
2017-09-30,IBM Super Plan MySuper,Large employer,AustralianSuper,65714394898,Industry,0.0,0.00,High,1.00,7.0,13.0,,0.0
2017-09-30,Komatsu Super Plan MySuper,Large employer,AustralianSuper,65714394898,Industry,0.0,0.00,High,1.00,7.0,13.0,,0.0
2017-09-30,MySuper (Balanced),Generic,Austsafe Superannuation Fund,92398191503,Industry,1988.7,4.40,Medium to high,509.60,10.0,9.0,,10.0
2017-09-30,AvSuper Growth (MySuper),Generic,AvSuper Fund,84421446069,Public Sector,665.9,3.50,Medium to high,560.00,10.0,8.0,,1.0
2017-09-30,MySuper Lifecycle,Generic,Aware Super,53226460365,Public Sector,45157.1,,,,,,,
2017-09-30,BOC MySuper,Generic,Boc Gases Superannuation Fund,49620344668,Corporate,418.4,3.60,High,636.00,11.0,7.4,,7.4
2017-09-30,BUSSQ MySuper,Generic,Building Unions Superannuation Scheme (Queensland),85571332201,Industry,3091.1,4.00,Medium,553.00,12.0,12.0,3.0,
2017-09-30,CareSuper,Generic,Care Super,98172275725,Industry,10021.5,5.00,Medium to high,608.00,12.0,7.0,,
2017-09-30,Growth MySuper,Generic,CBH Superannuation Fund,84433159328,Corporate,5.6,3.75,High,370.00,15.0,,,0.0
2017-09-30,My Ethical Super,Generic,Christian Super,66628776348,Industry,790.5,3.72,High,646.00,10.0,3.4,,0.7
2017-09-30,Club Plus Super _ MySuper,Generic,Club Plus Superannuation Scheme,95275115088,Industry,2057.1,2.72,High,403.60,11.0,6.0,,16.0
2017-09-30,Club MySuper,Generic,Club Super,12737334298,Industry,442.8,3.71,Medium to high,646.00,11.0,10.0,,10.0
2017-09-30,FirstChoice Employer Super,Generic,Colonial First State FirstChoice Superannuation Trust,26458298557,Retail,8309.7,,,,,,,
2017-09-30,Combined Fund MySuper,Generic,Combined Super Fund,46921400504,Industry,366.9,3.20,Medium to high,525.00,10.0,7.0,,25.0
2017-09-30,Accumulate Plus Balanced,Generic,Commonwealth Bank Group Super,24248426878,Corporate,5297.2,2.70,High,403.00,8.1,7.2,,2.7
2017-09-30,MySuper Balanced,Generic,Concept One The Industry Superannuation Fund,21059451252,Industry,440.5,3.00,Medium to high,586.00,15.0,12.0,,
2017-09-30,Growth (Cbus MySuper),Generic,CONSTRUCTION AND BUILDING UNIONS SUPERANNUATION FUND,75493363262,Industry,35578.0,4.75,Medium to high,483.00,13.0,11.0,,5.0
2017-09-30,Active Balanced,Generic,DuluxGroup Employees Superannuation Fund,91132102426,Retail,40.5,2.70,High,611.00,13.0,3.4,,8.4
2017-09-30,Balanced,Generic,Elphinstone Group Superannuation Fund,77408077215,Corporate,56.4,0.50,Very high,810.00,1.8,,,
2017-09-30,EmPlus MySuper,Generic,EmPlus Superannuation Fund,18838658991,Retail,116.8,2.74,Medium to high,552.80,9.0,,,
2017-09-30,Balanced (MySuper),Generic,Energy Industries Superannuation Scheme-Pool A,22277243559,Public Sector,1274.7,2.50,Medium,370.00,5.0,4.0,,25.0
2017-09-30,MySuper,Generic,Energy Super,33761363685,Industry,1972.1,3.91,Medium to high,567.00,10.0,8.0,,10.0
2017-09-30,Equipsuper MySuper,Generic,equipsuper,33813823017,Industry,2316.2,3.72,Medium,463.00,10.0,3.0,0.0,4.0
2017-09-30,RT Growth (MySuper),Large employer,equipsuper,33813823017,Industry,3278.8,4.20,High,665.50,10.0,6.0,0.0,3.0
2017-09-30,Essential Super,Generic,Essential Super,56601925435,Retail,2639.3,,,,,,,
2017-09-30,First Super MySuper,Generic,First Super,56286625181,Industry,2398.9,3.50,Medium,566.03,10.0,10.0,,2.0
2017-09-30,Goldman Sachs & JBWere Superannuation Fund_MySuper Product,Generic,Goldman Sachs & JBWere Superannuation Fund,55697537183,Corporate,374.1,4.00,Very high,750.00,,,,0.0
2017-09-30,Guild Retirement Fund (MySuper),Generic,Guild Retirement Fund,22599554834,Retail,1083.8,,,,,,,
2017-09-30,HESTA MySuper,Generic,HESTA,64971749321,Industry,33699.1,5.03,Medium to high,630.00,11.5,12.5,,
2017-09-30,Balanced option,Generic,HOSTPLUS Superannuation Fund,68657495890,Industry,22119.3,3.50,High,803.00,13.0,12.0,0.0,6.0
2017-09-30,MySuper,Generic,IAG & NRMA Superannuation Plan,58244115920,Corporate,1376.0,2.66,High,785.00,7.0,3.0,,20.0
2017-09-30,Active Balanced,Generic,Incitec Pivot Employees Superannuation Fund,68569795856,Retail,54.0,2.60,High,638.00,13.0,3.4,,8.4
2017-09-30,Intrust MySuper,Generic,Intrust Super Fund,65704511371,Industry,1724.7,5.00,Medium to high,683.00,10.0,,,18.0
2017-09-30,IOOF MySuper,Generic,IOOF Portfolio Service Superannuation Fund,70815369818,Retail,2850.3,3.00,Medium to high,541.00,10.0,1.5,,2.0
2017-09-30,Kinetic Super _ Growth (MySuper),Generic,Kinetic Superannuation Fund,78984178687,Industry,3075.5,2.50,High,445.60,13.0,8.0,,
2017-09-30,MySuper Balanced,Generic,Labour Union Co-Operative Retirement Fund,26382680883,Industry,4496.9,3.00,High,627.00,10.0,5.0,,12.0
2017-09-30,MySuper Balanced,Generic,legalsuper,60346078879,Industry,1690.0,3.00,High,552.60,12.0,2.0,,
2017-09-30,LESF MySuper,Generic,LESF Super,13704288646,Retail,140.4,3.00,High,665.00,,,,
2017-09-30,LGIASuper MySuper Lifecycle,Generic,LGIAsuper,23053121564,Public Sector,6587.1,,,,,,,
2017-09-30,Vision MySuper,Generic,Local Authorities Superannuation Fund,24496637884,Public Sector,3619.3,3.50,Medium to high,468.00,11.0,11.0,,5.0
2017-09-30,Active Super Lifestage Product,Generic,Local Government Super,28901371321,Public Sector,3387.6,,,,,,,
2017-09-30,Balanced Option_MySuper Compliant,Generic,Lutheran Super,93371348387,Corporate,260.1,3.00,Medium to high,511.00,4.5,4.5,,4.8
2017-09-30,Moderate investment option,Generic,Maritime Super,77455663441,Industry,909.3,4.00,Medium,618.00,7.0,4.0,,10.0
2017-09-30,Max Super Fund MySuper Plan,Generic,Max Super Fund,22508720840,Retail,20.7,4.00,Medium to high,564.00,12.0,,,
2017-09-30,MIESF MySuper,Generic,Meat Industry Employees Superannuation Fund,17317520544,Industry,733.3,2.50,Medium,366.00,22.0,10.0,,
2017-09-30,Balanced investment option (accumulation),Generic,Media Super,42574421650,Industry,3625.8,4.00,Medium to high,505.00,10.0,11.0,,8.0
2017-09-30,Mercer Santos MySuper,Large employer,Mercer Super Trust,19905422981,Retail,207.8,3.90,Medium to high,541.92,6.5,6.5,1.0,9.4
2017-09-30,Mercer SmartPath,Generic,Mercer Super Trust,19905422981,Retail,7400.1,,,,,,,
2017-09-30,Mercer WGSP MySuper,Large employer,Mercer Super Trust,19905422981,Retail,1703.9,,,,,,,
2017-09-30,Virgin Money MySuper,Material goodwill,Mercer Super Trust,19905422981,Retail,464.6,,,,,,,
2017-09-30,MySuper Balanced,Generic,Mercy Super,11789425178,Corporate,870.5,5.25,Medium,675.20,12.0,12.0,,6.0
2017-09-30,Default Lifecycle,Generic,Mine Superannuation Fund,16457520308,Industry,6336.0,,,,,,,
2017-09-30,MySuper,Generic,MLC Super Fund,70732426024,Retail,22572.8,4.20,Medium to high,678.00,5.0,2.0,,3.0
2017-09-30,NAB Staff MySuper,Large employer,MLC Super Fund,70732426024,Retail,2206.0,4.90,High,573.00,12.0,3.5,,4.0
2017-09-30,MyCatholicSuper,Generic,MyLifeMyMoney Superannuation Fund,50237896957,Industry,4919.0,3.90,Medium to high,784.00,8.0,6.0,,13.0
2017-09-30,Nationwide MySuper,Generic,Nationwide Superannuation Fund,15201768813,Industry,548.5,3.00,Medium to high,570.00,10.0,7.0,,5.0
2017-09-30,NESS MySuper,Generic,NESS Super,72229227691,Industry,589.1,3.00,Medium to high,557.00,10.0,3.5,,4.5
2017-09-30,Diversified (MySuper),Generic,NGS Super,73549180515,Industry,5320.1,3.00,Medium to high,465.00,10.0,10.0,,8.0
2017-09-30,ANZ Smart Choice Super,Generic,OnePath Masterfund,53789980697,Retail,9836.3,,,,,,,
2017-09-30,ANZ Smart Choice Super_For QBE Management Services PTY LTD and their employees,Large employer,OnePath Masterfund,53789980697,Retail,313.9,,,,,,,
2017-09-30,MySuper Passive Balanced,Generic,OneSuper,43905581638,Retail,38.6,2.00,Medium,536.00,4.0,,,
2017-09-30,Perpetual MySuper,Generic,Perpetual's Select Superannuation Fund,51068260563,Retail,211.9,3.00,High,890.00,6.0,0.0,0.0,12.0
2017-09-30,Pitcher Retirement Plan MySuper,Generic,Pitcher Retirement Plan,15828677472,Corporate,32.1,2.40,Medium,932.00,8.0,4.0,,
2017-09-30,MySuper,Generic,Prime Super,60562335823,Industry,3124.5,4.00,Medium to high,758.56,6.5,13.0,,0.0
2017-09-30,PSSap MySuper Balanced,Generic,Public Sector Superannuation Accumulation Plan,65127917725,Public Sector,9455.8,3.50,Medium to high,540.00,10.0,1.0,,15.0
2017-09-30,Glidepath,Generic,Qantas Superannuation Plan,41272198829,Corporate,943.9,,,,,,,
2017-09-30,QIEC MySuper,Generic,Queensland Independent Education & Care Superannuation Trust,15549636673,Industry,1125.2,4.07,High,566.00,12.0,12.0,,7.0
2017-09-30,Balanced,Generic,Rei Super,76641658449,Industry,1167.2,4.50,Medium to high,425.80,14.0,4.0,,0.0
2017-09-30,REST Super,Generic,Retail Employees Superannuation Trust,62653671394,Industry,41577.8,4.80,Medium to high,407.20,9.0,8.0,1.0,10.0
2017-09-30,BT Super MySuper,Generic,Retirement Wrap,39827542991,Retail,9961.7,,,,,,,
2017-09-30,Westpac Group Plan MySuper,Large employer,Retirement Wrap,39827542991,Retail,2053.6,,,,,,,
2017-09-30,General Division,Generic,Russell Investments Master Trust,89384753567,Retail,2230.0,4.00,Medium to high,669.00,6.5,7.7,0.5,2.7
2017-09-30,smartMonday Lifecycle,Generic,Smart Future Trust,68964712340,Retail,1292.4,,,,,,,
2017-09-30,Balanced (MySuper),Generic,Spirit Super,74559365913,Industry,9178.2,3.75,Medium to high,488.20,8.5,15.0,,0.0
2017-09-30,Suncorp Lifestage Funds,Generic,SPSL Master Trust,98350952022,Retail,1680.2,,,,,,,
2017-09-30,Statewide MySuper,Generic,Statewide Superannuation Trust,54145196298,Industry,4543.3,3.50,High,491.11,10.0,10.0,,
2017-09-30,Sunsuper for Life,Generic,Sunsuper Superannuation Fund,98503137921,Industry,27694.8,,,,,,,
2017-09-30,Tasplan MySuper,Generic,Tasplan Superannuation Fund,14602032302,Industry,4911.7,,,,,,,
2017-09-30,Telstra Super MySuper,Generic,Telstra Superannuation Scheme,85502108833,Corporate,6517.0,,,,,,,
2017-09-30,Bendigo MySuper,Generic,The Bendigo Superannuation Plan,57526653420,Retail,197.5,,,,,,,
2017-09-30,MySuper MyLife,Generic,The Executive Superannuation Fund,60998717367,Retail,1107.3,2.60,High,742.26,2.0,2.0,,10.0
2017-09-30,VISSF Balanced Option (MySuper Product),Generic,The Victorian Independent Schools Superannuation Fund,37024873660,Industry,407.2,3.00,High,482.00,5.0,3.0,,
2017-09-30,MySuper Growth,Generic,Toyota Super,58208377062,Corporate,538.2,4.00,High,608.00,9.0,2.2,,9.2
2017-09-30,Balanced (MySuper),Generic,TWU Superannuation Fund,77343563307,Industry,4520.5,4.51,Medium to high,613.00,9.0,8.0,,6.0
2017-09-30,UniSuper Balanced,Generic,Unisuper,91385943850,Industry,15909.8,4.60,High,376.00,3.0,4.4,,
2017-09-30,Balanced,Generic,United Technologies Corporation Retirement Plan,33227241196,Retail,51.2,2.60,High,465.00,10.0,,,20.0
2017-09-30,Growth (MySuper),Generic,Victorian Superannuation Fund,85977964496,Public Sector,10901.6,4.60,Medium to high,493.00,5.0,7.2,,
2017-09-30,My WA Super,Generic,WA Local Government Superannuation Plan,18159499614,Public Sector,1061.6,2.50,High,613.00,10.0,8.0,0.0,12.0
2017-09-30,BT Business MySuper,Generic,Westpac Mastertrust - Superannuation Division,81236903448,Retail,4024.5,,,,,,,
2017-06-30,AMG MySuper,Generic,AMG Super,30099320583,Retail,42.9,3.00,High,560.00,10.0,,,
2017-06-30,AMP MySuper No.1,Generic,AMP Retirement Trust,73310248809,Retail,759.6,4.00,High,428.48,6.0,6.0,,0.0
2017-06-30,AMP MySuper No.3,Generic,AMP Super Fund,78421957449,Retail,1209.0,,,,,,,
2017-06-30,AFLPA & AFL Industry MySuper,Large employer,AMP Superannuation Savings Trust,76514770399,Retail,108.4,,,,,,,
2017-06-30,AMP MySuper No.2,Generic,AMP Superannuation Savings Trust,76514770399,Retail,13497.8,,,,,,,
2017-06-30,Anglican National MySuper,Large employer,AMP Superannuation Savings Trust,76514770399,Retail,125.4,,,,,,,
2017-06-30,Australia Post MySuper,Large employer,AMP Superannuation Savings Trust,76514770399,Retail,155.5,,,,,,,
2017-06-30,Brookfield Australia MySuper,Large employer,AMP Superannuation Savings Trust,76514770399,Retail,102.7,4.00,Medium to high,265.00,6.0,,,10.0
2017-06-30,CCA MySuper,Large employer,AMP Superannuation Savings Trust,76514770399,Retail,342.6,,,,,,,
2017-06-30,Macquarie Group MySuper,Large employer,AMP Superannuation Savings Trust,76514770399,Retail,328.4,4.00,Medium,395.00,,0.0,,12.5
2017-06-30,Water Corporation MySuper,Large employer,AMP Superannuation Savings Trust,76514770399,Retail,0.0,,,,,,,
2017-06-30,Woolworths Group MySuper,Large employer,AMP Superannuation Savings Trust,76514770399,Retail,2762.5,4.50,Medium to high,305.50,6.5,3.0,,6.5
2017-06-30,ANZ Staff MySuper,Generic,ANZ Australian Staff Superannuation Scheme,83810127567,Corporate,1793.6,3.80,High,265.00,11.5,6.0,,8.0
2017-06-30,Asgard Employee MySuper,Generic,ASGARD Independence Plan Division Two,90194410365,Retail,2338.5,,,,,,,
2017-06-30,BALANCED,Generic,Australia Post Superannuation Scheme,42045077895,Public Sector,950.6,3.00,High,550.00,,,,30.0
2017-06-30,MySuper Balanced,Generic,Australian Catholic Superannuation and Retirement Fund,24680629023,Industry,4579.5,3.60,Medium to high,478.00,9.0,9.0,,24.0
2017-06-30,ADF MySuper,Generic,Australian Defence Force Superannuation Scheme,90302247344,Public Sector,32.1,3.50,Medium to high,465.00,10.0,1.0,,15.0
2017-06-30,Balanced (accumulation),Generic,Australian Ethical Retail Superannuation Fund,49633667743,Retail,620.0,3.50,Medium to high,702.00,12.5,,,
2017-06-30,AMIST MySuper,Generic,Australian Meat Industry Superannuation Trust,28342064803,Industry,1803.5,2.00,Medium to high,379.00,15.0,5.0,,5.0
2017-06-30,QSuper Lifetime,Generic,Australian Retirement Trust,60905115063,Public Sector,34542.3,,,,,,,
2017-06-30,AustralianSuper MySuper,Generic,AustralianSuper,65714394898,Industry,82674.0,3.90,High,398.00,9.0,10.0,,0.0
2017-06-30,IBM Super Plan MySuper,Large employer,AustralianSuper,65714394898,Industry,556.0,3.70,High,476.00,9.0,10.0,,0.0
2017-06-30,Komatsu Super Plan MySuper,Large employer,AustralianSuper,65714394898,Industry,88.7,3.70,High,543.00,9.0,10.0,,0.0
2017-06-30,MySuper (Balanced),Generic,Austsafe Superannuation Fund,92398191503,Industry,1918.3,5.00,Medium to high,446.00,10.0,9.0,,10.0
2017-06-30,AvSuper Growth (MySuper),Generic,AvSuper Fund,84421446069,Public Sector,656.5,4.50,Medium to high,560.00,10.0,8.0,,1.0
2017-06-30,MySuper Lifecycle,Generic,Aware Super,53226460365,Public Sector,42942.3,,,,,,,
2017-06-30,BOC MySuper,Generic,Boc Gases Superannuation Fund,49620344668,Corporate,414.0,3.60,High,634.00,11.0,7.0,,8.0
2017-06-30,BUSSQ MySuper,Generic,Building Unions Superannuation Scheme (Queensland),85571332201,Industry,3076.6,4.00,Medium,638.00,12.0,12.0,3.0,
2017-06-30,CareSuper,Generic,Care Super,98172275725,Industry,9580.2,5.00,Medium to high,568.00,12.0,7.0,,
2017-06-30,Growth MySuper,Generic,CBH Superannuation Fund,84433159328,Corporate,3.5,3.75,High,270.00,15.0,,,0.0
2017-06-30,My Ethical Super,Generic,Christian Super,66628776348,Industry,762.7,3.13,High,634.00,10.0,3.7,,0.8
2017-06-30,Club Plus Super _ MySuper,Generic,Club Plus Superannuation Scheme,95275115088,Industry,2009.4,2.76,High,403.60,11.0,6.0,,16.0
2017-06-30,Club MySuper,Generic,Club Super,12737334298,Industry,437.2,3.68,Medium to high,636.00,11.0,10.0,,10.0
2017-06-30,FirstChoice Employer Super,Generic,Colonial First State FirstChoice Superannuation Trust,26458298557,Retail,8071.3,,,,,,,
2017-06-30,Combined Fund MySuper,Generic,Combined Super Fund,46921400504,Industry,377.9,3.20,Medium to high,526.00,10.0,7.0,,25.0
2017-06-30,Accumulate Plus Balanced,Generic,Commonwealth Bank Group Super,24248426878,Corporate,5081.8,2.20,High,368.00,8.1,6.3,,3.6
2017-06-30,MySuper Balanced,Generic,Concept One The Industry Superannuation Fund,21059451252,Industry,440.2,3.00,Medium to high,576.00,15.0,12.0,,
2017-06-30,Growth (Cbus MySuper),Generic,CONSTRUCTION AND BUILDING UNIONS SUPERANNUATION FUND,75493363262,Industry,34554.2,4.75,Medium to high,498.00,13.0,11.0,,5.0
2017-06-30,Active Balanced,Generic,DuluxGroup Employees Superannuation Fund,91132102426,Retail,38.5,2.70,High,611.00,13.0,3.4,,8.4
2017-06-30,Balanced,Generic,Elphinstone Group Superannuation Fund,77408077215,Corporate,52.8,0.50,Very high,785.00,1.8,,,
2017-06-30,EmPlus MySuper,Generic,EmPlus Superannuation Fund,18838658991,Retail,118.3,2.63,Medium to high,522.80,9.0,,,
2017-06-30,Balanced (MySuper),Generic,Energy Industries Superannuation Scheme-Pool A,22277243559,Public Sector,1265.8,3.00,Medium,315.00,5.0,4.0,,25.0
2017-06-30,MySuper,Generic,Energy Super,33761363685,Industry,1934.9,4.15,Medium to high,472.00,10.0,8.0,,10.0
2017-06-30,Equipsuper MySuper,Generic,equipsuper,33813823017,Industry,2278.6,3.72,Medium,463.00,10.0,3.0,0.0,4.0
2017-06-30,RT Growth (MySuper),Large employer,equipsuper,33813823017,Industry,0.0,4.20,High,665.50,10.0,6.0,,4.0
2017-06-30,Essential Super,Generic,Essential Super,56601925435,Retail,2517.5,,,,,,,
2017-06-30,First Super MySuper,Generic,First Super,56286625181,Industry,2363.6,3.50,Medium,443.00,10.0,10.0,,2.0
2017-06-30,Goldman Sachs & JBWere Superannuation Fund_MySuper Product,Generic,Goldman Sachs & JBWere Superannuation Fund,55697537183,Corporate,383.3,4.00,Very high,700.00,,,,2.0
2017-06-30,Guild Retirement Fund (MySuper),Generic,Guild Retirement Fund,22599554834,Retail,1053.3,,,,,,,
2017-06-30,HESTA MySuper,Generic,HESTA,64971749321,Industry,32784.2,5.60,Medium to high,480.00,11.5,12.5,0.0,0.0
2017-06-30,Balanced option,Generic,HOSTPLUS Superannuation Fund,68657495890,Industry,21587.3,3.50,High,678.00,15.0,10.0,0.0,5.0
2017-06-30,MySuper,Generic,IAG & NRMA Superannuation Plan,58244115920,Corporate,1349.0,2.66,High,520.00,7.0,3.0,,20.0
2017-06-30,Active Balanced,Generic,Incitec Pivot Employees Superannuation Fund,68569795856,Retail,55.2,2.60,High,638.00,13.0,3.4,,8.4
2017-06-30,Intrust MySuper,Generic,Intrust Super Fund,65704511371,Industry,1680.5,5.00,Medium to high,523.00,10.0,,,18.0
2017-06-30,IOOF MySuper,Generic,IOOF Portfolio Service Superannuation Fund,70815369818,Retail,2930.3,3.00,Medium to high,542.00,10.0,1.5,,2.0
2017-06-30,Kinetic Super _ Growth (MySuper),Generic,Kinetic Superannuation Fund,78984178687,Industry,3019.9,3.50,High,430.60,13.0,8.0,,
2017-06-30,MySuper Balanced,Generic,Labour Union Co-Operative Retirement Fund,26382680883,Industry,4359.1,3.20,High,423.00,10.0,5.0,,12.0
2017-06-30,MySuper Balanced,Generic,legalsuper,60346078879,Industry,1633.3,3.00,High,557.60,12.0,2.0,,
2017-06-30,LESF MySuper,Generic,LESF Super,13704288646,Retail,142.7,3.00,High,646.60,,,,
2017-06-30,LGIASuper MySuper Lifecycle,Generic,LGIAsuper,23053121564,Public Sector,6517.3,,,,,,,
2017-06-30,Vision MySuper,Generic,Local Authorities Superannuation Fund,24496637884,Public Sector,3532.7,4.00,Medium to high,473.00,11.0,11.0,,5.0
2017-06-30,Active Super Lifestage Product,Generic,Local Government Super,28901371321,Public Sector,3300.6,,,,,,,
2017-06-30,Balanced Option_MySuper Compliant,Generic,Lutheran Super,93371348387,Corporate,255.8,4.92,Medium to high,451.00,4.5,4.5,,4.8
2017-06-30,Moderate investment option,Generic,Maritime Super,77455663441,Industry,875.8,4.00,Medium,623.00,7.0,4.0,,10.0
2017-06-30,Max Super Fund MySuper Plan,Generic,Max Super Fund,22508720840,Retail,20.8,4.00,Medium to high,562.50,12.0,,,
2017-06-30,MIESF MySuper,Generic,Meat Industry Employees Superannuation Fund,17317520544,Industry,743.9,2.70,Medium,345.00,22.0,10.0,,
2017-06-30,Balanced investment option (accumulation),Generic,Media Super,42574421650,Industry,3481.4,4.25,Medium to high,442.00,10.0,10.0,,10.0
2017-06-30,Mercer Santos MySuper,Large employer,Mercer Super Trust,19905422981,Retail,208.7,4.20,Medium to high,381.92,6.5,6.5,1.0,9.6
2017-06-30,Mercer SmartPath,Generic,Mercer Super Trust,19905422981,Retail,7093.0,,,,,,,
2017-06-30,Mercer WGSP MySuper,Large employer,Mercer Super Trust,19905422981,Retail,1621.7,,,,,,,
2017-06-30,Virgin Money MySuper,Material goodwill,Mercer Super Trust,19905422981,Retail,449.2,,,,,,,
2017-06-30,MySuper Balanced,Generic,Mercy Super,11789425178,Corporate,833.9,5.25,Medium,532.20,12.0,12.0,,6.0
2017-06-30,Default Lifecycle,Generic,Mine Superannuation Fund,16457520308,Industry,6365.9,,,,,,,
2017-06-30,MySuper,Generic,MLC Super Fund,70732426024,Retail,22253.2,3.50,Medium to high,603.00,5.0,2.0,,3.0
2017-06-30,NAB Staff MySuper,Large employer,MLC Super Fund,70732426024,Retail,2169.4,3.50,High,518.00,12.0,3.5,,4.0
2017-06-30,MyCatholicSuper,Generic,MyLifeMyMoney Superannuation Fund,50237896957,Industry,4553.9,4.10,Medium to high,563.00,8.0,6.0,,13.0
2017-06-30,Nationwide MySuper,Generic,Nationwide Superannuation Fund,15201768813,Industry,541.1,2.90,Medium to high,605.00,10.0,7.0,,5.0
2017-06-30,NESS MySuper,Generic,NESS Super,72229227691,Industry,576.2,3.00,Medium to high,492.00,10.0,3.0,,4.0
2017-06-30,Diversified (MySuper),Generic,NGS Super,73549180515,Industry,5055.6,3.00,Medium to high,505.00,10.0,10.0,,8.0
2017-06-30,ANZ Smart Choice Super,Generic,OnePath Masterfund,53789980697,Retail,9553.4,,,,,,,
2017-06-30,ANZ Smart Choice Super_For QBE Management Services PTY LTD and their employees,Large employer,OnePath Masterfund,53789980697,Retail,302.5,,,,,,,
2017-06-30,MySuper Passive Balanced,Generic,OneSuper,43905581638,Retail,38.4,2.00,Medium,636.00,4.0,,,
2017-06-30,Perpetual MySuper,Generic,Perpetual's Select Superannuation Fund,51068260563,Retail,213.1,3.00,High,900.00,6.0,0.0,0.0,15.0
2017-06-30,Pitcher Retirement Plan MySuper,Generic,Pitcher Retirement Plan,15828677472,Corporate,34.1,2.40,Medium,1036.00,9.0,4.0,,
2017-06-30,MySuper,Generic,Prime Super,60562335823,Industry,3176.3,4.50,Medium to high,763.56,6.5,13.0,,0.0
2017-06-30,PSSap MySuper Balanced,Generic,Public Sector Superannuation Accumulation Plan,65127917725,Public Sector,9106.8,3.50,Medium to high,465.00,10.0,1.0,,15.0
2017-06-30,Glidepath,Generic,Qantas Superannuation Plan,41272198829,Corporate,927.1,,,,,,,
2017-06-30,QIEC MySuper,Generic,Queensland Independent Education & Care Superannuation Trust,15549636673,Industry,1098.0,4.21,High,546.00,12.0,12.0,,7.0
2017-06-30,Balanced,Generic,Rei Super,76641658449,Industry,1165.3,4.50,Medium to high,425.80,14.0,4.0,,0.0
2017-06-30,REST Super,Generic,Retail Employees Superannuation Trust,62653671394,Industry,40445.7,4.70,Medium to high,407.20,11.0,6.0,1.0,10.0
2017-06-30,BT Super MySuper,Generic,Retirement Wrap,39827542991,Retail,9730.3,,,,,,,
2017-06-30,Westpac Group Plan MySuper,Large employer,Retirement Wrap,39827542991,Retail,1981.2,,,,,,,
2017-06-30,Rio Tinto Fund Growth Option (MySuperProduct),Generic,Rio Tinto Staff Superannuation Fund,98438661856,Corporate,3183.7,4.20,High,451.00,10.0,6.0,,3.5
2017-06-30,General Division,Generic,Russell Investments Master Trust,89384753567,Retail,2203.8,4.00,Medium to high,814.18,6.5,6.2,0.5,2.7
2017-06-30,smartMonday Lifecycle,Generic,Smart Future Trust,68964712340,Retail,1281.7,,,,,,,
2017-06-30,Balanced (MySuper),Generic,Spirit Super,74559365913,Industry,8931.8,4.00,Medium to high,498.00,9.0,15.0,,0.0
2017-06-30,Suncorp Lifestage Funds,Generic,SPSL Master Trust,98350952022,Retail,1702.9,,,,,,,
2017-06-30,Statewide MySuper,Generic,Statewide Superannuation Trust,54145196298,Industry,4407.0,3.50,High,468.00,10.0,10.0,,
2017-06-30,Sunsuper for Life,Generic,Sunsuper Superannuation Fund,98503137921,Industry,26936.3,,,,,,,
2017-06-30,Tasplan MySuper,Generic,Tasplan Superannuation Fund,14602032302,Industry,4821.2,,,,,,,
2017-06-30,Telstra Super MySuper,Generic,Telstra Superannuation Scheme,85502108833,Corporate,6368.5,,,,,,,
2017-06-30,Bendigo MySuper,Generic,The Bendigo Superannuation Plan,57526653420,Retail,183.0,,,,,,,
2017-06-30,MySuper MyLife,Generic,The Executive Superannuation Fund,60998717367,Retail,1046.4,2.60,High,742.26,2.0,2.0,,10.0
2017-06-30,VISSF Balanced Option (MySuper Product),Generic,The Victorian Independent Schools Superannuation Fund,37024873660,Industry,396.4,3.00,High,457.00,5.0,3.0,,
2017-06-30,MySuper Growth,Generic,Toyota Super,58208377062,Corporate,523.8,4.00,Medium to high,492.00,10.0,5.0,,
2017-06-30,Balanced (MySuper),Generic,TWU Superannuation Fund,77343563307,Industry,4527.6,4.50,Medium to high,618.00,9.0,8.0,,6.0
2017-06-30,UniSuper Balanced,Generic,Unisuper,91385943850,Industry,15564.0,5.10,High,346.00,3.0,4.4,,
2017-06-30,Balanced,Generic,United Technologies Corporation Retirement Plan,33227241196,Retail,50.1,2.60,High,465.00,10.0,,,20.0
2017-06-30,Growth (MySuper),Generic,Victorian Superannuation Fund,85977964496,Public Sector,10451.7,4.60,Medium to high,493.00,5.0,7.2,,
2017-06-30,My WA Super,Generic,WA Local Government Superannuation Plan,18159499614,Public Sector,1040.2,2.50,High,623.00,10.0,8.0,0.0,12.0
2017-06-30,BT Business MySuper,Generic,Westpac Mastertrust - Superannuation Division,81236903448,Retail,3965.5,,,,,,,
2017-03-31,AMG MySuper,Generic,AMG Super,30099320583,Retail,44.0,3.00,High,567.00,10.0,,,
2017-03-31,AMP MySuper No.1,Generic,AMP Retirement Trust,73310248809,Retail,716.6,4.00,High,428.48,6.0,6.0,,
2017-03-31,AMP MySuper No.3,Generic,AMP Super Fund,78421957449,Retail,1217.1,,,,,,,
2017-03-31,AFLPA & AFL Industry MySuper,Large employer,AMP Superannuation Savings Trust,76514770399,Retail,102.0,,,,,,,
2017-03-31,AMP MySuper No.2,Generic,AMP Superannuation Savings Trust,76514770399,Retail,8002.0,,,,,,,
2017-03-31,Anglican National MySuper,Large employer,AMP Superannuation Savings Trust,76514770399,Retail,123.2,,,,,,,
2017-03-31,Australia Post MySuper,Large employer,AMP Superannuation Savings Trust,76514770399,Retail,135.6,,,,,,,
2017-03-31,Brookfield Australia MySuper,Large employer,AMP Superannuation Savings Trust,76514770399,Retail,98.9,4.00,Medium to high,265.00,6.0,,,10.0
2017-03-31,CCA MySuper,Large employer,AMP Superannuation Savings Trust,76514770399,Retail,329.4,,,,,,,
2017-03-31,Macquarie Group MySuper,Large employer,AMP Superannuation Savings Trust,76514770399,Retail,316.5,4.00,Medium,395.00,,,,12.5
2017-03-31,Woolworths Group MySuper,Large employer,AMP Superannuation Savings Trust,76514770399,Retail,2713.0,4.50,Medium to high,305.50,6.5,3.0,,6.5
2017-03-31,ANZ Staff MySuper,Generic,ANZ Australian Staff Superannuation Scheme,83810127567,Corporate,1732.7,3.80,High,265.00,11.5,6.0,,8.0
2017-03-31,Asgard Employee MySuper,Generic,ASGARD Independence Plan Division Two,90194410365,Retail,929.7,,,,,,,
2017-03-31,BALANCED,Generic,Australia Post Superannuation Scheme,42045077895,Public Sector,0.0,3.00,High,550.00,,,,30.0
2017-03-31,MySuper Balanced,Generic,Australian Catholic Superannuation and Retirement Fund,24680629023,Industry,4519.3,3.60,Medium to high,478.00,9.0,9.0,,24.0
2017-03-31,ADF MySuper,Generic,Australian Defence Force Superannuation Scheme,90302247344,Public Sector,18.2,3.50,Medium to high,465.00,10.0,1.0,,15.0
2017-03-31,Balanced (accumulation),Generic,Australian Ethical Retail Superannuation Fund,49633667743,Retail,570.6,3.50,Medium to high,702.00,10.0,5.0,,
2017-03-31,AMIST MySuper,Generic,Australian Meat Industry Superannuation Trust,28342064803,Industry,1741.7,2.00,Medium to high,379.00,15.0,5.0,,5.0
2017-03-31,QSuper Lifetime,Generic,Australian Retirement Trust,60905115063,Public Sector,33828.0,,,,,,,
2017-03-31,AustralianSuper MySuper,Generic,AustralianSuper,65714394898,Industry,72087.0,3.90,High,398.00,9.0,10.0,,0.0
2017-03-31,IBM Super Plan MySuper,Large employer,AustralianSuper,65714394898,Industry,554.7,3.70,High,476.00,9.0,10.0,,0.0
2017-03-31,Komatsu Super Plan MySuper,Large employer,AustralianSuper,65714394898,Industry,86.9,3.70,High,543.00,9.0,10.0,,0.0
2017-03-31,MySuper (Balanced),Generic,Austsafe Superannuation Fund,92398191503,Industry,1838.9,5.00,Medium to high,446.00,10.0,9.0,,10.0
2017-03-31,AvSuper Growth (MySuper),Generic,AvSuper Fund,84421446069,Public Sector,618.3,4.50,Medium to high,560.00,10.0,8.0,,1.0
2017-03-31,MySuper Lifecycle,Generic,Aware Super,53226460365,Public Sector,41542.9,,,,,,,
2017-03-31,Betros MySuper,Generic,Betros Bros Superannuation Fund No 2,36338171504,Corporate,2.3,2.50,Medium to high,540.00,5.0,0.0,,0.0
2017-03-31,BOC MySuper,Generic,Boc Gases Superannuation Fund,49620344668,Corporate,403.2,3.60,High,634.00,11.0,7.4,,7.4
2017-03-31,BUSSQ MySuper,Generic,Building Unions Superannuation Scheme (Queensland),85571332201,Industry,2926.5,4.00,Medium,638.00,12.0,12.0,3.0,
2017-03-31,CareSuper,Generic,Care Super,98172275725,Industry,9243.4,5.00,Medium to high,568.00,12.0,7.0,,
2017-03-31,Growth MySuper,Generic,CBH Superannuation Fund,84433159328,Corporate,0.0,3.75,High,270.00,15.0,,,0.0
2017-03-31,My Ethical Super,Generic,Christian Super,66628776348,Industry,731.5,3.13,High,634.00,10.0,3.8,,0.8
2017-03-31,Club Plus Super _ MySuper,Generic,Club Plus Superannuation Scheme,95275115088,Industry,1943.9,2.76,High,403.60,11.0,6.0,,16.0
2017-03-31,Club MySuper,Generic,Club Super,12737334298,Industry,427.5,3.68,Medium to high,636.00,11.0,10.0,,10.0
2017-03-31,FirstChoice Employer Super,Generic,Colonial First State FirstChoice Superannuation Trust,26458298557,Retail,7623.9,,,,,,,
2017-03-31,Combined Fund MySuper,Generic,Combined Super Fund,46921400504,Industry,351.9,3.20,Medium to high,526.00,10.0,7.0,,25.0
2017-03-31,Accumulate Plus Balanced,Generic,Commonwealth Bank Group Super,24248426878,Corporate,4896.7,2.20,High,368.00,8.1,6.3,,3.6
2017-03-31,MySuper Balanced,Generic,Concept One The Industry Superannuation Fund,21059451252,Industry,437.0,3.00,Medium to high,576.00,15.0,12.0,,
2017-03-31,Growth (Cbus MySuper),Generic,CONSTRUCTION AND BUILDING UNIONS SUPERANNUATION FUND,75493363262,Industry,33192.9,4.75,Medium to high,498.00,13.0,11.0,,5.0
2017-03-31,Active Balanced,Generic,DuluxGroup Employees Superannuation Fund,91132102426,Retail,36.4,2.70,High,611.00,13.0,3.4,,8.4
2017-03-31,Balanced,Generic,Elphinstone Group Superannuation Fund,77408077215,Corporate,55.0,0.50,Very high,785.00,1.8,,,
2017-03-31,EmPlus MySuper,Generic,EmPlus Superannuation Fund,18838658991,Retail,118.2,2.63,Medium to high,522.80,9.0,,,
2017-03-31,Balanced (MySuper),Generic,Energy Industries Superannuation Scheme-Pool A,22277243559,Public Sector,1209.2,3.00,Medium,315.00,5.0,4.0,,25.0
2017-03-31,MySuper,Generic,Energy Super,33761363685,Industry,1856.2,4.15,Medium to high,472.00,10.0,8.0,,10.0
2017-03-31,Equipsuper MySuper,Generic,equipsuper,33813823017,Industry,2208.3,3.72,Medium,463.00,10.0,3.0,0.0,4.0
2017-03-31,Essential Super,Generic,Essential Super,56601925435,Retail,2352.3,,,,,,,
2017-03-31,First Super MySuper,Generic,First Super,56286625181,Industry,2265.3,3.50,Medium,443.00,10.0,10.0,,2.0
2017-03-31,Goldman Sachs & JBWere Superannuation Fund_MySuper Product,Generic,Goldman Sachs & JBWere Superannuation Fund,55697537183,Corporate,312.2,4.00,Very high,700.00,,,,2.0
2017-03-31,Guild Retirement Fund (MySuper),Generic,Guild Retirement Fund,22599554834,Retail,1006.7,,,,,,,
2017-03-31,HESTA MySuper,Generic,HESTA,64971749321,Industry,31769.9,5.60,Medium to high,480.00,11.5,12.5,,
2017-03-31,Balanced option,Generic,HOSTPLUS Superannuation Fund,68657495890,Industry,20525.4,3.50,High,678.00,15.0,10.0,0.0,5.0
2017-03-31,MySuper,Generic,IAG & NRMA Superannuation Plan,58244115920,Corporate,1324.5,2.66,High,520.00,6.7,3.3,,20.0
2017-03-31,Active Balanced,Generic,Incitec Pivot Employees Superannuation Fund,68569795856,Retail,55.8,2.60,High,638.00,13.0,3.4,,8.4
2017-03-31,Intrust MySuper,Generic,Intrust Super Fund,65704511371,Industry,1586.9,5.00,Medium to high,523.00,10.0,,,18.0
2017-03-31,IOOF MySuper,Generic,IOOF Portfolio Service Superannuation Fund,70815369818,Retail,2788.4,3.00,Medium to high,542.00,10.0,1.5,,2.0
2017-03-31,Kinetic Super _ Growth (MySuper),Generic,Kinetic Superannuation Fund,78984178687,Industry,2941.1,3.50,High,430.60,13.0,8.0,,
2017-03-31,MySuper Balanced,Generic,Labour Union Co-Operative Retirement Fund,26382680883,Industry,4369.1,3.20,High,423.00,11.0,4.0,,12.0
2017-03-31,MySuper Balanced,Generic,legalsuper,60346078879,Industry,1565.6,3.00,High,557.60,12.0,2.0,,
2017-03-31,LESF MySuper,Generic,LESF Super,13704288646,Retail,143.5,3.00,High,646.60,,,,
2017-03-31,LGIASuper MySuper Lifecycle,Generic,LGIAsuper,23053121564,Public Sector,6282.9,,,,,,,
2017-03-31,Vision MySuper,Generic,Local Authorities Superannuation Fund,24496637884,Public Sector,3281.5,4.00,Medium to high,473.00,11.0,11.0,,5.0
2017-03-31,Active Super Lifestage Product,Generic,Local Government Super,28901371321,Public Sector,3055.9,,,,,,,
2017-03-31,Balanced Option_MySuper Compliant,Generic,Lutheran Super,93371348387,Corporate,251.0,4.92,Medium to high,451.00,4.5,4.5,,4.8
2017-03-31,Moderate investment option,Generic,Maritime Super,77455663441,Industry,395.1,4.00,Medium,623.00,7.0,4.0,,10.0
2017-03-31,Max Super Fund MySuper Plan,Generic,Max Super Fund,22508720840,Retail,19.0,4.00,Medium to high,562.50,12.0,,,
2017-03-31,MIESF MySuper,Generic,Meat Industry Employees Superannuation Fund,17317520544,Industry,720.3,2.70,Medium,345.00,22.0,10.0,,
2017-03-31,Balanced investment option (accumulation),Generic,Media Super,42574421650,Industry,3398.4,4.25,Medium to high,442.00,10.0,10.0,,10.0
2017-03-31,Mercer Santos MySuper,Large employer,Mercer Super Trust,19905422981,Retail,203.8,4.20,Medium to high,468.72,6.5,6.5,1.0,5.0
2017-03-31,Mercer SmartPath,Generic,Mercer Super Trust,19905422981,Retail,7161.2,,,,,,,
2017-03-31,Mercer WGSP MySuper,Large employer,Mercer Super Trust,19905422981,Retail,1635.2,,,,,,,
2017-03-31,Virgin Money MySuper,Material goodwill,Mercer Super Trust,19905422981,Retail,452.5,,,,,,,
2017-03-31,MySuper Balanced,Generic,Mercy Super,11789425178,Corporate,813.2,5.25,Medium,532.20,12.0,12.0,,6.0
2017-03-31,Default Lifecycle,Generic,Mine Superannuation Fund,16457520308,Industry,6241.3,,,,,,,
2017-03-31,MySuper,Generic,MLC Super Fund,70732426024,Retail,21837.1,3.50,Medium to high,603.00,5.0,2.0,,3.0
2017-03-31,NAB Staff MySuper,Large employer,MLC Super Fund,70732426024,Retail,2120.7,3.50,High,518.00,12.0,3.5,,4.0
2017-03-31,MyCatholicSuper,Generic,MyLifeMyMoney Superannuation Fund,50237896957,Industry,4368.5,4.10,Medium to high,563.00,8.0,6.0,,13.0
2017-03-31,Nationwide MySuper,Generic,Nationwide Superannuation Fund,15201768813,Industry,532.7,2.90,Medium to high,605.00,10.0,7.0,,5.0
2017-03-31,NESS MySuper,Generic,NESS Super,72229227691,Industry,564.6,3.00,Medium to high,492.00,10.0,3.5,,4.5
2017-03-31,Diversified (MySuper),Generic,NGS Super,73549180515,Industry,4902.8,3.00,Medium to high,505.00,10.0,10.0,,8.0
2017-03-31,ANZ Smart Choice Super,Generic,OnePath Masterfund,53789980697,Retail,9488.1,,,,,,,
2017-03-31,ANZ Smart Choice Super_For QBE Management Services PTY LTD and their employees,Large employer,OnePath Masterfund,53789980697,Retail,300.0,,,,,,,
2017-03-31,MySuper Passive Balanced,Generic,OneSuper,43905581638,Retail,42.3,2.00,Medium,636.00,4.0,,,
2017-03-31,Perpetual MySuper,Generic,Perpetual's Select Superannuation Fund,51068260563,Retail,210.4,3.00,High,685.00,6.0,0.0,0.0,15.0
2017-03-31,Pitcher Retirement Plan MySuper,Generic,Pitcher Retirement Plan,15828677472,Corporate,29.7,2.40,Medium,1036.00,9.0,4.0,,
2017-03-31,MySuper,Generic,Prime Super,60562335823,Industry,2999.5,4.50,Medium to high,763.56,6.5,13.0,,0.0
2017-03-31,PSSap MySuper Balanced,Generic,Public Sector Superannuation Accumulation Plan,65127917725,Public Sector,8788.8,3.50,Medium to high,465.00,10.0,1.0,,15.0
2017-03-31,Glidepath,Generic,Qantas Superannuation Plan,41272198829,Corporate,894.3,,,,,,,
2017-03-31,QIEC MySuper,Generic,Queensland Independent Education & Care Superannuation Trust,15549636673,Industry,1074.7,4.21,High,546.00,12.0,12.0,,7.0
2017-03-31,Balanced,Generic,Rei Super,76641658449,Industry,1121.5,4.50,Medium to high,425.80,14.0,4.0,,0.0
2017-03-31,REST Super,Generic,Retail Employees Superannuation Trust,62653671394,Industry,38863.6,4.70,Medium to high,407.20,11.0,6.0,1.0,10.0
2017-03-31,BT Super MySuper,Generic,Retirement Wrap,39827542991,Retail,9341.4,,,,,,,
2017-03-31,Westpac Group Plan MySuper,Large employer,Retirement Wrap,39827542991,Retail,1901.0,,,,,,,
2017-03-31,Rio Tinto Fund Growth Option (MySuperProduct),Generic,Rio Tinto Staff Superannuation Fund,98438661856,Corporate,3157.8,4.20,High,451.00,10.0,6.0,,3.5
2017-03-31,General Division,Generic,Russell Investments Master Trust,89384753567,Retail,2328.7,4.00,Medium to high,814.18,6.5,6.2,0.5,2.7
2017-03-31,smartMonday Lifecycle,Generic,Smart Future Trust,68964712340,Retail,1040.8,,,,,,,
2017-03-31,Balanced (MySuper),Generic,Spirit Super,74559365913,Industry,8756.0,4.00,Medium to high,498.00,9.0,15.0,,0.0
2017-03-31,Suncorp Lifestage Funds,Generic,SPSL Master Trust,98350952022,Retail,869.7,,,,,,,
2017-03-31,Statewide MySuper,Generic,Statewide Superannuation Trust,54145196298,Industry,4266.6,3.50,High,468.00,10.0,10.0,,
2017-03-31,Sunsuper for Life,Generic,Sunsuper Superannuation Fund,98503137921,Industry,25989.7,,,,,,,
2017-03-31,Tasplan MySuper,Generic,Tasplan Superannuation Fund,14602032302,Industry,2349.0,,,,,,,
2017-03-31,Telstra Super MySuper,Generic,Telstra Superannuation Scheme,85502108833,Corporate,6294.1,,,,,,,
2017-03-31,Bendigo MySuper,Generic,The Bendigo Superannuation Plan,57526653420,Retail,166.9,,,,,,,
2017-03-31,MySuper MyLife,Generic,The Executive Superannuation Fund,60998717367,Retail,1047.5,3.50,Medium to high,667.26,2.0,2.0,,10.0
2017-03-31,VISSF Balanced Option (MySuper Product),Generic,The Victorian Independent Schools Superannuation Fund,37024873660,Industry,376.8,3.00,High,457.00,5.0,3.0,,
2017-03-31,MySuper Growth,Generic,Toyota Super,58208377062,Corporate,511.1,4.00,Medium to high,492.00,10.0,1.8,,9.3
2017-03-31,Balanced (MySuper),Generic,TWU Superannuation Fund,77343563307,Industry,4352.6,4.50,Medium to high,618.00,9.0,8.0,,6.0
2017-03-31,UniSuper Balanced,Generic,Unisuper,91385943850,Industry,14709.7,5.10,High,346.00,9.0,2.5,,
2017-03-31,Balanced,Generic,United Technologies Corporation Retirement Plan,33227241196,Retail,52.7,2.60,High,465.00,10.0,,,20.0
2017-03-31,Growth (MySuper),Generic,Victorian Superannuation Fund,85977964496,Public Sector,10021.6,4.60,Medium to high,493.00,5.0,4.5,,
2017-03-31,My WA Super,Generic,WA Local Government Superannuation Plan,18159499614,Public Sector,994.7,2.50,High,623.00,10.0,8.0,0.0,12.0
2017-03-31,Growth (MySuper),Generic,Water Corporation Superannuation Plan,16095780345,Corporate,301.4,3.50,High,572.00,5.0,,,5.0
2017-03-31,BT Business MySuper,Generic,Westpac Mastertrust - Superannuation Division,81236903448,Retail,3919.8,,,,,,,
2016-12-31,AMG MySuper,Generic,AMG Super,30099320583,Retail,43.3,3.00,High,567.00,10.0,,,
2016-12-31,AMP MySuper No.1,Generic,AMP Retirement Trust,73310248809,Retail,667.5,4.00,High,428.48,6.0,6.0,,
2016-12-31,AMP MySuper No.3,Generic,AMP Super Fund,78421957449,Retail,1195.0,,,,,,,
2016-12-31,AFLPA & AFL Industry MySuper,Large employer,AMP Superannuation Savings Trust,76514770399,Retail,96.7,,,,,,,
2016-12-31,AMP MySuper No.2,Generic,AMP Superannuation Savings Trust,76514770399,Retail,7574.0,,,,,,,
2016-12-31,Anglican National MySuper,Large employer,AMP Superannuation Savings Trust,76514770399,Retail,120.5,,,,,,,
2016-12-31,Australia Post MySuper,Large employer,AMP Superannuation Savings Trust,76514770399,Retail,121.7,,,,,,,
2016-12-31,Brookfield Australia MySuper,Large employer,AMP Superannuation Savings Trust,76514770399,Retail,95.2,4.00,Medium to high,265.00,6.0,,,10.0
2016-12-31,CCA MySuper,Large employer,AMP Superannuation Savings Trust,76514770399,Retail,320.1,,,,,,,
2016-12-31,Macquarie Group MySuper,Large employer,AMP Superannuation Savings Trust,76514770399,Retail,303.4,4.00,Medium,395.00,,,,12.5
2016-12-31,Woolworths Group MySuper,Large employer,AMP Superannuation Savings Trust,76514770399,Retail,2667.6,4.50,Medium to high,305.50,6.5,3.0,,6.5
2016-12-31,ANZ Staff MySuper,Generic,ANZ Australian Staff Superannuation Scheme,83810127567,Corporate,1883.7,3.80,High,265.00,10.0,6.0,,8.0
2016-12-31,Asgard Employee MySuper,Generic,ASGARD Independence Plan Division Two,90194410365,Retail,887.4,,,,,,,
2016-12-31,MySuper Balanced,Generic,Australian Catholic Superannuation and Retirement Fund,24680629023,Industry,4339.9,3.60,Medium to high,478.00,9.0,9.0,,20.0
2016-12-31,ADF MySuper,Generic,Australian Defence Force Superannuation Scheme,90302247344,Public Sector,7.8,3.50,Medium to high,465.00,10.0,1.0,,15.0
2016-12-31,Balanced (accumulation),Generic,Australian Ethical Retail Superannuation Fund,49633667743,Retail,515.8,3.50,Medium to high,702.00,10.0,5.0,,
2016-12-31,AMIST MySuper,Generic,Australian Meat Industry Superannuation Trust,28342064803,Industry,1706.5,2.00,Medium to high,379.00,15.0,5.0,,5.0
2016-12-31,QSuper Lifetime,Generic,Australian Retirement Trust,60905115063,Public Sector,32530.4,,,,,,,
2016-12-31,AustralianSuper MySuper,Generic,AustralianSuper,65714394898,Industry,70941.6,3.90,High,398.00,9.0,10.0,,0.0
2016-12-31,IBM Super Plan MySuper,Large employer,AustralianSuper,65714394898,Industry,556.0,3.70,High,476.00,9.0,10.0,,0.0
2016-12-31,Komatsu Super Plan MySuper,Large employer,AustralianSuper,65714394898,Industry,81.7,3.70,High,543.00,9.0,10.0,,0.0
2016-12-31,MySuper (Balanced),Generic,Austsafe Superannuation Fund,92398191503,Industry,1787.7,5.00,Medium to high,446.00,10.0,9.0,,10.0
2016-12-31,AvSuper Growth (MySuper),Generic,AvSuper Fund,84421446069,Public Sector,593.7,4.50,Medium to high,560.00,10.0,5.0,,1.0
2016-12-31,MySuper Lifecycle,Generic,Aware Super,53226460365,Public Sector,40336.7,,,,,,,
2016-12-31,Betros MySuper,Generic,Betros Bros Superannuation Fund No 2,36338171504,Corporate,2.4,2.50,Medium to high,540.00,5.0,0.0,,0.0
2016-12-31,BOC MySuper,Generic,Boc Gases Superannuation Fund,49620344668,Corporate,394.7,3.60,High,634.00,11.0,7.4,,7.4
2016-12-31,BUSSQ MySuper,Generic,Building Unions Superannuation Scheme (Queensland),85571332201,Industry,2863.4,4.00,Medium,638.00,12.0,12.0,3.0,
2016-12-31,CareSuper,Generic,Care Super,98172275725,Industry,8930.9,5.00,Medium to high,568.00,12.0,7.0,,
2016-12-31,My Ethical Super,Generic,Christian Super,66628776348,Industry,712.4,3.13,High,634.00,9.9,4.0,,0.7
2016-12-31,Club Plus Super _ MySuper,Generic,Club Plus Superannuation Scheme,95275115088,Industry,1888.5,2.76,High,403.60,11.0,6.0,,16.0
2016-12-31,Club MySuper,Generic,Club Super,12737334298,Industry,418.3,3.68,Medium to high,636.00,11.0,10.0,,10.0
2016-12-31,FirstChoice Employer Super,Generic,Colonial First State FirstChoice Superannuation Trust,26458298557,Retail,7329.0,,,,,,,
2016-12-31,Combined Fund MySuper,Generic,Combined Super Fund,46921400504,Industry,344.8,3.20,Medium to high,526.00,10.0,7.0,,25.0
2016-12-31,Accumulate Plus Balanced,Generic,Commonwealth Bank Group Super,24248426878,Corporate,4705.2,3.20,High,348.65,8.1,6.3,,3.6
2016-12-31,MySuper Balanced,Generic,Concept One The Industry Superannuation Fund,21059451252,Industry,425.9,3.00,Medium to high,576.00,15.0,12.0,,
2016-12-31,Growth (Cbus MySuper),Generic,CONSTRUCTION AND BUILDING UNIONS SUPERANNUATION FUND,75493363262,Industry,32094.6,4.75,Medium to high,498.00,13.0,11.0,,5.0
2016-12-31,Active Balanced,Generic,DuluxGroup Employees Superannuation Fund,91132102426,Retail,33.6,2.70,High,611.00,13.0,3.4,,8.4
2016-12-31,Balanced,Generic,Elphinstone Group Superannuation Fund,77408077215,Corporate,53.3,0.50,Very high,785.00,1.8,,,
2016-12-31,EmPlus MySuper,Generic,EmPlus Superannuation Fund,18838658991,Retail,116.5,2.63,Medium to high,522.80,9.0,,,
2016-12-31,Balanced (MySuper),Generic,Energy Industries Superannuation Scheme-Pool A,22277243559,Public Sector,1175.5,3.00,Medium,315.00,5.0,4.0,,25.0
2016-12-31,MySuper,Generic,Energy Super,33761363685,Industry,1790.6,4.15,Medium to high,472.00,10.0,8.0,,10.0
2016-12-31,Equipsuper MySuper,Generic,equipsuper,33813823017,Industry,2144.8,3.72,Medium,463.00,10.0,3.0,0.0,4.0
2016-12-31,Essential Super,Generic,Essential Super,56601925435,Retail,1886.8,,,,,,,
2016-12-31,First Super MySuper,Generic,First Super,56286625181,Industry,2211.0,3.50,Medium,443.00,10.0,10.0,,2.0
2016-12-31,Goldman Sachs & JBWere Superannuation Fund_MySuper Product,Generic,Goldman Sachs & JBWere Superannuation Fund,55697537183,Corporate,319.3,4.00,Very high,700.00,,,,2.0
2016-12-31,Guild Retirement Fund (MySuper),Generic,Guild Retirement Fund,22599554834,Retail,963.3,,,,,,,
2016-12-31,HESTA MySuper,Generic,HESTA,64971749321,Industry,30916.7,5.60,Medium to high,480.00,11.5,12.5,,
2016-12-31,Balanced option,Generic,HOSTPLUS Superannuation Fund,68657495890,Industry,19466.4,3.50,High,678.00,15.0,10.0,0.0,5.0
2016-12-31,MySuper,Generic,IAG & NRMA Superannuation Plan,58244115920,Corporate,1294.8,2.66,High,520.00,6.7,3.3,,20.0
2016-12-31,Active Balanced,Generic,Incitec Pivot Employees Superannuation Fund,68569795856,Retail,55.5,2.60,High,638.00,13.0,3.4,,8.4
2016-12-31,Intrust MySuper,Generic,Intrust Super Fund,65704511371,Industry,1533.1,5.00,Medium to high,523.00,10.0,,,18.0
2016-12-31,IOOF MySuper,Generic,IOOF Portfolio Service Superannuation Fund,70815369818,Retail,2649.5,3.00,Medium to high,542.00,10.0,1.5,,2.0
2016-12-31,Kinetic Super _ Growth (MySuper),Generic,Kinetic Superannuation Fund,78984178687,Industry,2813.6,3.50,High,430.60,13.0,8.0,,
2016-12-31,MySuper Balanced,Generic,Labour Union Co-Operative Retirement Fund,26382680883,Industry,4248.2,3.20,High,423.00,11.0,4.0,,12.0
2016-12-31,MySuper Balanced,Generic,legalsuper,60346078879,Industry,1512.9,3.00,High,557.60,12.0,2.0,,
2016-12-31,LESF MySuper,Generic,LESF Super,13704288646,Retail,144.9,3.00,High,646.60,,,,
2016-12-31,LGIASuper MySuper Lifecycle,Generic,LGIAsuper,23053121564,Public Sector,6152.0,,,,,,,
2016-12-31,Vision MySuper,Generic,Local Authorities Superannuation Fund,24496637884,Public Sector,3031.0,4.00,Medium to high,473.00,11.0,11.0,,5.0
2016-12-31,Active Super Lifestage Product,Generic,Local Government Super,28901371321,Public Sector,2965.0,,,,,,,
2016-12-31,Balanced Option_MySuper Compliant,Generic,Lutheran Super,93371348387,Corporate,235.7,4.92,Medium to high,451.00,4.0,,,16.0
2016-12-31,Moderate investment option,Generic,Maritime Super,77455663441,Industry,369.5,4.00,Medium,623.00,7.0,4.0,,10.0
2016-12-31,Max Super Fund MySuper Plan,Generic,Max Super Fund,22508720840,Retail,18.5,4.00,Medium to high,562.50,12.0,,,
2016-12-31,MIESF MySuper,Generic,Meat Industry Employees Superannuation Fund,17317520544,Industry,707.4,2.70,Medium,345.00,22.0,10.0,,
2016-12-31,Balanced investment option (accumulation),Generic,Media Super,42574421650,Industry,3322.3,4.25,Medium to high,432.00,10.0,10.0,,10.0
2016-12-31,Mercer Santos MySuper,Large employer,Mercer Super Trust,19905422981,Retail,202.7,4.20,Medium to high,456.68,6.5,6.5,1.0,9.0
2016-12-31,Mercer SmartPath,Generic,Mercer Super Trust,19905422981,Retail,6959.1,,,,,,,
2016-12-31,Mercer WGSP MySuper,Large employer,Mercer Super Trust,19905422981,Retail,1595.0,,,,,,,
2016-12-31,Virgin Money MySuper,Material goodwill,Mercer Super Trust,19905422981,Retail,437.3,,,,,,,
2016-12-31,MySuper Balanced,Generic,Mercy Super,11789425178,Corporate,788.7,5.25,Medium,532.20,12.0,12.0,,6.0
2016-12-31,Default Lifecycle,Generic,Mine Superannuation Fund,16457520308,Industry,6142.3,,,,,,,
2016-12-31,MySuper,Generic,MLC Super Fund,70732426024,Retail,20842.5,3.50,Medium to high,603.00,5.0,2.0,,3.0
2016-12-31,NAB Staff MySuper,Large employer,MLC Super Fund,70732426024,Retail,2050.0,3.50,High,518.00,12.0,3.5,,4.0
2016-12-31,MyCatholicSuper,Generic,MyLifeMyMoney Superannuation Fund,50237896957,Industry,4260.8,4.10,Medium to high,563.00,8.0,6.0,,13.0
2016-12-31,Nationwide MySuper,Generic,Nationwide Superannuation Fund,15201768813,Industry,527.1,2.90,Medium to high,605.00,10.0,7.0,,5.0
2016-12-31,NESS MySuper,Generic,NESS Super,72229227691,Industry,551.5,3.00,Medium to high,492.00,10.0,3.5,,2.0
2016-12-31,Diversified (MySuper),Generic,NGS Super,73549180515,Industry,4813.9,3.00,Medium to high,505.00,10.0,10.0,,8.0
2016-12-31,ANZ Smart Choice Super,Generic,OnePath Masterfund,53789980697,Retail,9106.5,,,,,,,
2016-12-31,ANZ Smart Choice Super_For QBE Management Services PTY LTD and their employees,Large employer,OnePath Masterfund,53789980697,Retail,284.3,,,,,,,
2016-12-31,MySuper Passive Balanced,Generic,OneSuper,43905581638,Retail,10.6,2.00,Medium,636.00,4.0,,,
2016-12-31,Perpetual MySuper,Generic,Perpetual's Select Superannuation Fund,51068260563,Retail,67.4,3.00,High,685.00,6.0,0.0,0.0,15.0
2016-12-31,Pitcher Retirement Plan MySuper,Generic,Pitcher Retirement Plan,15828677472,Corporate,28.3,2.40,Medium,1036.00,9.0,4.0,,
2016-12-31,MySuper,Generic,Prime Super,60562335823,Industry,2915.9,4.50,Medium to high,763.56,6.5,13.0,,0.0
2016-12-31,PSSap MySuper Balanced,Generic,Public Sector Superannuation Accumulation Plan,65127917725,Public Sector,8453.7,3.50,Medium to high,465.00,10.0,1.0,,15.0
2016-12-31,Glidepath,Generic,Qantas Superannuation Plan,41272198829,Corporate,892.4,,,,,,,
2016-12-31,QIEC MySuper,Generic,Queensland Independent Education & Care Superannuation Trust,15549636673,Industry,1039.8,4.21,High,546.00,12.0,12.0,,7.0
2016-12-31,Balanced,Generic,Rei Super,76641658449,Industry,1091.9,4.50,Medium to high,425.80,14.0,4.0,,0.0
2016-12-31,REST Super,Generic,Retail Employees Superannuation Trust,62653671394,Industry,37945.0,4.70,Medium to high,407.20,11.0,6.0,1.0,10.0
2016-12-31,BT Super MySuper,Generic,Retirement Wrap,39827542991,Retail,8940.8,,,,,,,
2016-12-31,Westpac Group Plan MySuper,Large employer,Retirement Wrap,39827542991,Retail,1800.3,,,,,,,
2016-12-31,Rio Tinto Fund Growth Option (MySuperProduct),Generic,Rio Tinto Staff Superannuation Fund,98438661856,Corporate,3067.4,4.20,High,451.00,10.0,6.0,,3.5
2016-12-31,General Division,Generic,Russell Investments Master Trust,89384753567,Retail,1973.0,4.00,Medium to high,814.18,6.5,6.2,0.5,2.7
2016-12-31,smartMonday Lifecycle,Generic,Smart Future Trust,68964712340,Retail,1006.8,,,,,,,
2016-12-31,Balanced (MySuper),Generic,Spirit Super,74559365913,Industry,8509.2,4.00,Medium to high,498.00,9.0,15.0,,0.0
2016-12-31,Suncorp Lifestage Funds,Generic,SPSL Master Trust,98350952022,Retail,803.3,,,,,,,
2016-12-31,Statewide MySuper,Generic,Statewide Superannuation Trust,54145196298,Industry,4123.4,3.50,High,468.00,10.0,10.0,,
2016-12-31,Sunsuper for Life,Generic,Sunsuper Superannuation Fund,98503137921,Industry,25176.9,,,,,,,
2016-12-31,Tasplan MySuper,Generic,Tasplan Superannuation Fund,14602032302,Industry,2297.3,,,,,,,
2016-12-31,Telstra Super MySuper,Generic,Telstra Superannuation Scheme,85502108833,Corporate,6182.5,,,,,,,
2016-12-31,Bendigo MySuper,Generic,The Bendigo Superannuation Plan,57526653420,Retail,154.6,,,,,,,
2016-12-31,MySuper MyLife,Generic,The Executive Superannuation Fund,60998717367,Retail,1039.3,3.50,Medium to high,667.26,2.0,2.0,,10.0
2016-12-31,VISSF Balanced Option (MySuper Product),Generic,The Victorian Independent Schools Superannuation Fund,37024873660,Industry,356.3,3.00,High,457.00,5.0,3.0,,
2016-12-31,MySuper Growth,Generic,Toyota Super,58208377062,Corporate,496.2,4.00,Medium to high,492.00,10.0,1.8,,9.3
2016-12-31,Balanced (MySuper),Generic,TWU Superannuation Fund,77343563307,Industry,4222.0,4.50,Medium to high,618.00,9.0,8.0,,6.0
2016-12-31,UniSuper Balanced,Generic,Unisuper,91385943850,Industry,13581.9,5.10,High,346.00,9.0,2.5,,
2016-12-31,Balanced,Generic,United Technologies Corporation Retirement Plan,33227241196,Retail,52.5,2.60,High,490.00,10.0,,,20.0
2016-12-31,Growth (MySuper),Generic,Victorian Superannuation Fund,85977964496,Public Sector,9599.9,4.60,Medium to high,478.00,4.7,4.5,,
2016-12-31,My WA Super,Generic,WA Local Government Superannuation Plan,18159499614,Public Sector,948.9,2.50,High,623.00,9.9,8.1,,12.0
2016-12-31,Growth (MySuper),Generic,Water Corporation Superannuation Plan,16095780345,Corporate,287.4,3.50,High,572.00,5.0,,,5.0
2016-12-31,BT Business MySuper,Generic,Westpac Mastertrust - Superannuation Division,81236903448,Retail,1270.2,,,,,,,
2016-09-30,AMG MySuper,Generic,AMG Super,30099320583,Retail,42.1,3.00,High,567.00,10.0,,,
2016-09-30,AMP MySuper No.1,Generic,AMP Retirement Trust,73310248809,Retail,623.8,4.00,High,428.48,6.0,6.0,,
2016-09-30,AMP MySuper No.3,Generic,AMP Super Fund,78421957449,Retail,297.6,,,,,,,
2016-09-30,AFLPA & AFL Industry MySuper,Large employer,AMP Superannuation Savings Trust,76514770399,Retail,91.0,,,,,,,
2016-09-30,AMP MySuper No.2,Generic,AMP Superannuation Savings Trust,76514770399,Retail,7087.8,,,,,,,
2016-09-30,Anglican National MySuper,Large employer,AMP Superannuation Savings Trust,76514770399,Retail,115.5,,,,,,,
2016-09-30,Australia Post MySuper,Large employer,AMP Superannuation Savings Trust,76514770399,Retail,107.4,,,,,,,
2016-09-30,Brookfield Australia MySuper,Large employer,AMP Superannuation Savings Trust,76514770399,Retail,91.5,4.00,Medium to high,265.00,6.0,,,10.0
2016-09-30,CCA MySuper,Large employer,AMP Superannuation Savings Trust,76514770399,Retail,307.1,,,,,,,
2016-09-30,Macquarie Group MySuper,Large employer,AMP Superannuation Savings Trust,76514770399,Retail,290.4,4.00,Medium,395.00,,,,12.5
2016-09-30,Woolworths Group MySuper,Large employer,AMP Superannuation Savings Trust,76514770399,Retail,2591.4,4.50,Medium to high,305.50,6.5,3.0,,6.5
2016-09-30,ANZ Staff MySuper,Generic,ANZ Australian Staff Superannuation Scheme,83810127567,Corporate,1760.0,3.80,High,265.00,10.0,6.0,,8.0
2016-09-30,Asgard Employee MySuper,Generic,ASGARD Independence Plan Division Two,90194410365,Retail,820.0,,,,,,,
2016-09-30,MySuper Balanced,Generic,Australian Catholic Superannuation and Retirement Fund,24680629023,Industry,4201.3,3.60,Medium to high,478.00,9.0,9.0,,20.0
2016-09-30,ADF MySuper,Generic,Australian Defence Force Superannuation Scheme,90302247344,Public Sector,1.7,3.50,Medium to high,465.00,10.0,1.0,,15.0
2016-09-30,Balanced (accumulation),Generic,Australian Ethical Retail Superannuation Fund,49633667743,Retail,480.9,3.50,Medium to high,702.00,10.0,5.0,,
2016-09-30,AMIST MySuper,Generic,Australian Meat Industry Superannuation Trust,28342064803,Industry,1607.7,2.00,Medium to high,379.00,15.0,5.0,,5.0
2016-09-30,QSuper Lifetime,Generic,Australian Retirement Trust,60905115063,Public Sector,32399.7,,,,,,,
2016-09-30,AustralianSuper MySuper,Generic,AustralianSuper,65714394898,Industry,69984.0,3.90,High,398.00,9.0,10.0,,
2016-09-30,IBM Super Plan MySuper,Large employer,AustralianSuper,65714394898,Industry,564.7,3.70,High,463.00,10.0,11.0,,
2016-09-30,Komatsu Super Plan MySuper,Large employer,AustralianSuper,65714394898,Industry,80.6,3.70,High,543.00,10.0,11.0,,
2016-09-30,MySuper (Balanced),Generic,Austsafe Superannuation Fund,92398191503,Industry,1742.4,5.00,Medium to high,446.00,10.0,9.0,,10.0
2016-09-30,AvSuper Growth (MySuper),Generic,AvSuper Fund,84421446069,Public Sector,563.5,4.50,Medium to high,560.00,10.0,5.0,,2.0
2016-09-30,MySuper Lifecycle,Generic,Aware Super,53226460365,Public Sector,38812.2,,,,,,,
2016-09-30,Betros MySuper,Generic,Betros Bros Superannuation Fund No 2,36338171504,Corporate,2.2,2.50,Medium to high,540.00,5.0,0.0,,0.0
2016-09-30,BOC MySuper,Generic,Boc Gases Superannuation Fund,49620344668,Corporate,385.5,3.60,High,634.00,11.0,7.0,,7.5
2016-09-30,BUSSQ MySuper,Generic,Building Unions Superannuation Scheme (Queensland),85571332201,Industry,2778.0,4.00,Medium,638.00,12.0,12.0,3.0,
2016-09-30,CareSuper,Generic,Care Super,98172275725,Industry,8561.8,5.00,Medium to high,568.00,12.0,7.0,,
2016-09-30,My Ethical Super,Generic,Christian Super,66628776348,Industry,679.5,3.13,High,634.00,10.0,3.5,,0.7
2016-09-30,Club Plus Super _ MySuper,Generic,Club Plus Superannuation Scheme,95275115088,Industry,2018.5,2.76,High,373.60,11.0,6.0,,16.0
2016-09-30,Club MySuper,Generic,Club Super,12737334298,Industry,405.8,3.68,Medium to high,636.00,11.0,10.0,,10.0
2016-09-30,FirstChoice Employer Super,Generic,Colonial First State FirstChoice Superannuation Trust,26458298557,Retail,3949.0,,,,,,,
2016-09-30,Combined Fund MySuper,Generic,Combined Super Fund,46921400504,Industry,335.9,3.20,Medium to high,526.00,10.0,7.0,,25.0
2016-09-30,Accumulate Plus Balanced,Generic,Commonwealth Bank Group Super,24248426878,Corporate,4576.0,3.20,High,348.65,12.0,5.0,,
2016-09-30,MySuper Balanced,Generic,Concept One The Industry Superannuation Fund,21059451252,Industry,412.7,3.00,Medium to high,576.00,15.0,12.0,,
2016-09-30,Growth (Cbus MySuper),Generic,CONSTRUCTION AND BUILDING UNIONS SUPERANNUATION FUND,75493363262,Industry,30891.1,4.75,Medium to high,498.00,13.0,11.0,,5.0
2016-09-30,Active Balanced,Generic,DuluxGroup Employees Superannuation Fund,91132102426,Retail,30.9,2.60,High,652.00,13.0,3.0,,8.5
2016-09-30,Balanced,Generic,Elphinstone Group Superannuation Fund,77408077215,Corporate,50.5,2.30,High,685.00,1.8,,,
2016-09-30,EmPlus MySuper,Generic,EmPlus Superannuation Fund,18838658991,Retail,98.5,2.63,Medium to high,522.80,9.0,,,
2016-09-30,Balanced (MySuper),Generic,Energy Industries Superannuation Scheme-Pool A,22277243559,Public Sector,1146.6,3.00,Medium,315.00,5.0,4.0,,25.0
2016-09-30,MySuper,Generic,Energy Super,33761363685,Industry,1667.6,4.15,Medium to high,472.00,10.0,8.0,,10.0
2016-09-30,Equipsuper MySuper,Generic,equipsuper,33813823017,Industry,2036.7,3.72,Medium,463.00,10.0,3.0,0.0,4.0
2016-09-30,Essential Super,Generic,Essential Super,56601925435,Retail,1750.4,,,,,,,
2016-09-30,First Super MySuper,Generic,First Super,56286625181,Industry,2150.3,3.50,Medium,443.00,10.0,10.0,,2.0
2016-09-30,Goldman Sachs & JBWere Superannuation Fund_MySuper Product,Generic,Goldman Sachs & JBWere Superannuation Fund,55697537183,Corporate,337.5,4.00,Very high,700.00,,,,2.0
2016-09-30,Guild Retirement Fund (MySuper),Generic,Guild Retirement Fund,22599554834,Retail,923.1,,,,,,,
2016-09-30,HESTA MySuper,Generic,HESTA,64971749321,Industry,29504.4,5.60,Medium to high,480.00,11.5,12.5,,
2016-09-30,Balanced option,Generic,HOSTPLUS Superannuation Fund,68657495890,Industry,18799.3,3.50,High,678.00,15.0,10.0,0.0,5.0
2016-09-30,MySuper,Generic,IAG & NRMA Superannuation Plan,58244115920,Corporate,1260.6,2.66,High,520.00,6.7,3.3,,20.0
2016-09-30,Active Balanced,Generic,Incitec Pivot Employees Superannuation Fund,68569795856,Retail,54.5,2.70,High,624.00,13.0,3.0,,8.5
2016-09-30,Intrust MySuper,Generic,Intrust Super Fund,65704511371,Industry,1482.9,5.00,Medium to high,523.00,10.0,,,18.0
2016-09-30,IOOF MySuper,Generic,IOOF Portfolio Service Superannuation Fund,70815369818,Retail,2590.0,3.00,Medium to high,542.00,10.0,1.5,,2.0
2016-09-30,Kinetic Super _ Growth (MySuper),Generic,Kinetic Superannuation Fund,78984178687,Industry,2722.7,3.50,High,430.60,13.0,8.0,,
2016-09-30,MySuper Balanced,Generic,Labour Union Co-Operative Retirement Fund,26382680883,Industry,4094.5,3.20,High,423.00,11.0,2.8,,12.0
2016-09-30,MySuper Balanced,Generic,legalsuper,60346078879,Industry,1462.4,3.00,High,557.60,12.0,2.0,,
2016-09-30,LESF MySuper,Generic,LESF Super,13704288646,Retail,142.7,3.00,High,646.60,,,,
2016-09-30,LGIASuper MySuper Lifecycle,Generic,LGIAsuper,23053121564,Public Sector,5918.8,,,,,,,
2016-09-30,Vision MySuper,Generic,Local Authorities Superannuation Fund,24496637884,Public Sector,3195.5,4.00,Medium to high,473.00,11.0,11.0,,5.0
2016-09-30,Active Super Lifestage Product,Generic,Local Government Super,28901371321,Public Sector,2847.9,,,,,,,
2016-09-30,Balanced Option_MySuper Compliant,Generic,Lutheran Super,93371348387,Corporate,222.0,4.92,Medium to high,451.00,4.0,,,16.0
2016-09-30,Moderate investment option,Generic,Maritime Super,77455663441,Industry,348.0,4.00,Medium,623.00,7.0,4.0,,10.0
2016-09-30,max Super MySuper,Generic,Max Super Fund,22508720840,Retail,8.0,4.00,Medium to high,563.00,12.0,,,
2016-09-30,MIESF MySuper,Generic,Meat Industry Employees Superannuation Fund,17317520544,Industry,695.6,2.70,Medium,345.00,22.0,10.0,,
2016-09-30,Balanced investment option (accumulation),Generic,Media Super,42574421650,Industry,3208.8,5.00,Medium to high,410.00,10.0,10.0,,10.0
2016-09-30,Mercer Santos MySuper,Large employer,Mercer Super Trust,19905422981,Retail,195.0,4.20,Medium to high,456.68,6.5,6.5,1.0,9.4
2016-09-30,Mercer SmartPath,Generic,Mercer Super Trust,19905422981,Retail,4644.1,,,,,,,
2016-09-30,Mercer WGSP MySuper,Large employer,Mercer Super Trust,19905422981,Retail,1537.8,,,,,,,
2016-09-30,Virgin Money MySuper,Material goodwill,Mercer Super Trust,19905422981,Retail,0.0,,,,,,,
2016-09-30,MySuper Balanced,Generic,Mercy Super,11789425178,Corporate,749.9,5.25,Medium,532.20,12.0,12.0,,6.0
2016-09-30,Default Lifecycle,Generic,Mine Superannuation Fund,16457520308,Industry,6003.5,,,,,,,
2016-09-30,MySuper,Generic,MLC Super Fund,70732426024,Retail,7043.5,3.50,Medium to high,603.00,5.0,2.0,,3.0
2016-09-30,NAB Staff MySuper,Large employer,MLC Super Fund,70732426024,Retail,2010.2,3.50,High,518.00,12.0,3.5,,4.0
2016-09-30,MyCatholicSuper,Generic,MyLifeMyMoney Superannuation Fund,50237896957,Industry,4036.8,4.10,Medium to high,563.00,8.0,6.0,,13.0
2016-09-30,Nationwide MySuper,Generic,Nationwide Superannuation Fund,15201768813,Industry,514.4,2.90,Medium to high,605.00,10.0,7.0,,5.0
2016-09-30,NESS MySuper,Generic,NESS Super,72229227691,Industry,534.6,3.00,Medium to high,492.00,10.0,3.5,,2.0
2016-09-30,Diversified (MySuper),Generic,NGS Super,73549180515,Industry,4670.9,3.00,Medium to high,385.00,5.0,5.0,,15.0
2016-09-30,ANZ Smart Choice Super,Generic,OnePath Masterfund,53789980697,Retail,6414.5,,,,,,,
2016-09-30,ANZ Smart Choice Super_For QBE Management Services PTY LTD and their employees,Large employer,OnePath Masterfund,53789980697,Retail,276.5,,,,,,,
2016-09-30,MySuper Passive Balanced,Generic,OneSuper,43905581638,Retail,10.1,2.00,Medium,636.00,4.0,,,
2016-09-30,Perpetual MySuper,Generic,Perpetual's Select Superannuation Fund,51068260563,Retail,64.8,3.00,High,685.00,6.0,0.0,0.0,15.0
2016-09-30,Pitcher Retirement Plan MySuper,Generic,Pitcher Retirement Plan,15828677472,Corporate,28.0,2.40,Medium,1036.00,9.0,4.0,,
2016-09-30,MySuper,Generic,Prime Super,60562335823,Industry,2862.8,4.50,Medium to high,763.56,6.5,13.0,,0.0
2016-09-30,PSSap MySuper Balanced,Generic,Public Sector Superannuation Accumulation Plan,65127917725,Public Sector,8094.7,3.50,Medium to high,465.00,10.0,1.0,,15.0
2016-09-30,Glidepath,Generic,Qantas Superannuation Plan,41272198829,Corporate,873.9,,,,,,,
2016-09-30,QIEC MySuper,Generic,Queensland Independent Education & Care Superannuation Trust,15549636673,Industry,1011.4,4.21,High,546.00,12.0,12.0,,7.0
2016-09-30,Balanced,Generic,Rei Super,76641658449,Industry,1075.4,4.50,Medium to high,425.80,14.0,4.0,,0.0
2016-09-30,REST Super,Generic,Retail Employees Superannuation Trust,62653671394,Industry,36514.2,4.70,Medium to high,407.20,11.0,6.0,1.0,10.0
2016-09-30,BT Super MySuper,Generic,Retirement Wrap,39827542991,Retail,7004.3,,,,,,,
2016-09-30,Westpac Group Plan MySuper,Large employer,Retirement Wrap,39827542991,Retail,1714.1,,,,,,,
2016-09-30,Rio Tinto Fund Growth Option (MySuperProduct),Generic,Rio Tinto Staff Superannuation Fund,98438661856,Corporate,3007.3,4.20,High,451.00,10.0,6.0,,3.5
2016-09-30,General Division,Generic,Russell Investments Master Trust,89384753567,Retail,1036.0,4.00,Medium to high,814.18,6.5,6.2,0.5,2.7
2016-09-30,smartMonday Lifecycle,Generic,Smart Future Trust,68964712340,Retail,958.8,,,,,,,
2016-09-30,Balanced (MySuper),Generic,Spirit Super,74559365913,Industry,8217.0,4.00,Medium to high,498.00,9.0,15.0,,0.0
2016-09-30,Suncorp Lifestage Funds,Generic,SPSL Master Trust,98350952022,Retail,762.7,,,,,,,
2016-09-30,Statewide MySuper,Generic,Statewide Superannuation Trust,54145196298,Industry,3972.7,3.50,High,468.00,10.0,10.0,,
2016-09-30,Sunsuper for Life,Generic,Sunsuper Superannuation Fund,98503137921,Industry,23605.0,,,,,,,
2016-09-30,Tasplan MySuper,Generic,Tasplan Superannuation Fund,14602032302,Industry,2396.6,3.30,Medium to high,473.00,11.5,6.5,,8.0
2016-09-30,Telstra Super MySuper,Generic,Telstra Superannuation Scheme,85502108833,Corporate,5902.8,,,,,,,
2016-09-30,Bendigo MySuper,Generic,The Bendigo Superannuation Plan,57526653420,Retail,142.9,,,,,,,
2016-09-30,MySuper MyLife,Generic,The Executive Superannuation Fund,60998717367,Retail,972.8,3.50,Medium to high,667.26,2.0,2.0,,10.0
2016-09-30,TIS MySuper,Generic,The Transport Industry Superannuation Fund,68564370287,Industry,111.4,4.00,Medium to high,913.00,15.0,,,10.0
2016-09-30,VISSF Balanced Option (MySuper Product),Generic,The Victorian Independent Schools Superannuation Fund,37024873660,Industry,358.7,3.00,High,457.00,5.0,3.0,,
2016-09-30,MySuper Growth,Generic,Toyota Super,58208377062,Corporate,484.9,4.00,Medium to high,492.00,10.0,1.8,,9.3
2016-09-30,Balanced (MySuper),Generic,TWU Superannuation Fund,77343563307,Industry,4098.6,4.50,Medium to high,618.00,9.0,8.0,,6.0
2016-09-30,UniSuper Balanced,Generic,Unisuper,91385943850,Industry,13156.2,4.90,High,346.00,9.0,2.5,,
2016-09-30,Balanced,Generic,United Technologies Corporation Retirement Plan,33227241196,Retail,51.4,2.60,High,490.00,10.0,,,20.0
2016-09-30,Growth (MySuper),Generic,Victorian Superannuation Fund,85977964496,Public Sector,9219.9,4.60,Medium to high,478.00,7.3,3.8,,
2016-09-30,Virgin Super Essentials,Generic,Virgin Superannuation,88436608094,Retail,262.7,,,,,,,
2016-09-30,My WA Super,Generic,WA Local Government Superannuation Plan,18159499614,Public Sector,746.6,2.50,High,583.00,9.9,8.1,,12.0
2016-09-30,Growth (MySuper),Generic,Water Corporation Superannuation Plan,16095780345,Corporate,271.6,4.00,Medium to high,572.00,5.0,,,5.0
2016-09-30,BT Business MySuper,Generic,Westpac Mastertrust - Superannuation Division,81236903448,Retail,1160.4,,,,,,,
2016-06-30,AMG MySuper,Generic,AMG Super,30099320583,Retail,41.3,3.00,High,569.00,10.0,,,
2016-06-30,AMP MySuper No.1,Generic,AMP Retirement Trust,73310248809,Retail,373.9,4.00,Medium to high,427.00,6.0,6.0,,
2016-06-30,AMP MySuper No.3,Generic,AMP Super Fund,78421957449,Retail,267.4,,,,,,,
2016-06-30,AFLPA & AFL Industry MySuper,Large employer,AMP Superannuation Savings Trust,76514770399,Retail,85.4,,,,,,,
2016-06-30,AMP MySuper No.2,Generic,AMP Superannuation Savings Trust,76514770399,Retail,6639.2,,,,,,,
2016-06-30,Anglican National MySuper,Large employer,AMP Superannuation Savings Trust,76514770399,Retail,112.9,,,,,,,
2016-06-30,Australia Post MySuper,Large employer,AMP Superannuation Savings Trust,76514770399,Retail,96.2,,,,,,,
2016-06-30,Brookfield Australia MySuper,Large employer,AMP Superannuation Savings Trust,76514770399,Retail,87.4,3.50,Medium to high,265.00,8.0,,,10.0
2016-06-30,CCA MySuper,Large employer,AMP Superannuation Savings Trust,76514770399,Retail,298.4,,,,,,,
2016-06-30,Macquarie Group MySuper,Large employer,AMP Superannuation Savings Trust,76514770399,Retail,273.9,3.00,Medium,395.00,,,,12.5
2016-06-30,Woolworths Group MySuper,Large employer,AMP Superannuation Savings Trust,76514770399,Retail,2514.7,3.50,Medium to high,306.00,6.5,3.0,,6.5
2016-06-30,ANZ Staff MySuper,Generic,ANZ Australian Staff Superannuation Scheme,83810127567,Corporate,1787.1,5.00,High,290.00,10.0,6.0,,8.0
2016-06-30,Asgard Employee MySuper,Generic,ASGARD Independence Plan Division Two,90194410365,Retail,758.3,,,,,,,
2016-06-30,MySuper Balanced,Generic,Australian Catholic Superannuation and Retirement Fund,24680629023,Industry,4143.5,3.00,Medium to high,503.00,10.0,10.0,,11.0
2016-06-30,ADF MySuper,Generic,Australian Defence Force Superannuation Scheme,90302247344,Public Sector,0.0,3.50,Medium to high,445.00,10.0,1.0,,15.0
2016-06-30,Balanced (accumulation),Generic,Australian Ethical Retail Superannuation Fund,49633667743,Retail,427.4,3.50,Medium to high,822.00,12.5,,,
2016-06-30,AMIST MySuper,Generic,Australian Meat Industry Superannuation Trust,28342064803,Industry,1561.4,2.00,Medium to high,379.00,15.0,5.0,,5.0
2016-06-30,QSuper Lifetime,Generic,Australian Retirement Trust,60905115063,Public Sector,31378.6,,,,,,,
2016-06-30,AustralianSuper MySuper,Generic,AustralianSuper,65714394898,Industry,69125.5,3.90,High,363.00,10.0,11.0,,
2016-06-30,IBM Super Plan MySuper,Large employer,AustralianSuper,65714394898,Industry,577.3,3.70,High,423.00,10.0,11.0,,
2016-06-30,Komatsu Super Plan MySuper,Large employer,AustralianSuper,65714394898,Industry,78.4,3.70,High,436.00,10.0,11.0,,
2016-06-30,MySuper (Balanced),Generic,Austsafe Superannuation Fund,92398191503,Industry,1668.2,4.40,High,451.00,10.0,9.0,,10.0
2016-06-30,AvSuper Growth (MySuper),Generic,AvSuper Fund,84421446069,Public Sector,495.1,4.50,Medium to high,560.00,10.0,5.0,,2.0
2016-06-30,MySuper Lifecycle,Generic,Aware Super,53226460365,Public Sector,36720.5,,,,,,,
2016-06-30,Betros MySuper,Generic,Betros Bros Superannuation Fund No 2,36338171504,Corporate,2.1,3.80,Medium to high,530.00,5.0,0.0,,0.0
2016-06-30,MySuper Default Option,Generic,BHP Billiton Superannuation Fund,30187082512,Retail,485.7,3.50,Medium to high,603.00,5.0,2.0,,5.0
2016-06-30,BOC MySuper,Generic,Boc Gases Superannuation Fund,49620344668,Corporate,376.6,3.60,High,598.00,11.0,7.0,,7.5
2016-06-30,BUSSQ MySuper,Generic,Building Unions Superannuation Scheme (Queensland),85571332201,Industry,2666.0,4.00,Medium,618.00,12.0,12.0,3.0,
2016-06-30,CareSuper,Generic,Care Super,98172275725,Industry,8164.7,5.00,Medium to high,603.00,12.0,7.0,,
2016-06-30,My Ethical Super,Generic,Christian Super,66628776348,Industry,654.7,3.13,High,650.00,9.9,3.4,,0.8
2016-06-30,Club Plus Super _ MySuper,Generic,Club Plus Superannuation Scheme,95275115088,Industry,1958.6,2.76,High,373.60,11.0,6.0,,16.0
2016-06-30,Club MySuper,Generic,Club Super,12737334298,Industry,388.0,3.60,Medium to high,646.00,11.0,10.0,,10.0
2016-06-30,FirstChoice Employer Super,Generic,Colonial First State FirstChoice Superannuation Trust,26458298557,Retail,3517.2,,,,,,,
2016-06-30,Combined Fund MySuper,Generic,Combined Super Fund,46921400504,Industry,330.4,3.00,Medium to high,584.00,10.0,7.0,,25.0
2016-06-30,Accumulate Plus Balanced,Generic,Commonwealth Bank Group Super,24248426878,Corporate,4392.2,2.60,High,348.65,12.0,5.0,,
2016-06-30,MySuper Balanced,Generic,Concept One The Industry Superannuation Fund,21059451252,Industry,405.1,3.00,Medium to high,576.00,15.0,,,12.0
2016-06-30,Growth (Cbus MySuper),Generic,CONSTRUCTION AND BUILDING UNIONS SUPERANNUATION FUND,75493363262,Industry,29475.9,4.80,Medium to high,483.00,13.0,11.0,,5.0
2016-06-30,Active Balanced,Generic,DuluxGroup Employees Superannuation Fund,91132102426,Retail,29.2,2.60,High,652.00,13.0,5.0,,6.0
2016-06-30,Balanced,Generic,Elphinstone Group Superannuation Fund,77408077215,Corporate,50.1,2.20,High,727.00,1.8,,,
2016-06-30,EmPlus MySuper,Generic,EmPlus Superannuation Fund,18838658991,Retail,99.2,4.00,Medium to high,522.80,9.0,,,
2016-06-30,Balanced (MySuper),Generic,Energy Industries Superannuation Scheme-Pool A,22277243559,Public Sector,1134.8,3.00,Medium,315.00,5.0,4.0,,25.0
2016-06-30,MySuper,Generic,Energy Super,33761363685,Industry,1668.9,4.15,Medium to high,472.00,10.0,8.0,,10.0
2016-06-30,Equipsuper MySuper,Generic,equipsuper,33813823017,Industry,2007.8,3.50,Medium,543.00,10.0,3.0,0.0,4.0
2016-06-30,Essential Super,Generic,Essential Super,56601925435,Retail,1349.3,,,,,,,
2016-06-30,First Super MySuper,Generic,First Super,56286625181,Industry,2083.6,3.50,Medium,443.00,10.0,10.0,,2.0
2016-06-30,Goldman Sachs & JBWere Superannuation Fund_MySuper Product,Generic,Goldman Sachs & JBWere Superannuation Fund,55697537183,Corporate,339.6,4.00,Very high,805.00,,,,3.0
2016-06-30,Guild Retirement Fund (MySuper),Generic,Guild Retirement Fund,22599554834,Retail,875.2,,,,,,,
2016-06-30,HESTA MySuper,Generic,HESTA,64971749321,Industry,28424.0,5.60,Medium to high,480.00,10.0,13.0,0.0,4.0
2016-06-30,Balanced option,Generic,HOSTPLUS Superannuation Fund,68657495890,Industry,17832.9,3.50,High,538.00,15.0,10.0,0.0,5.0
2016-06-30,MySuper,Generic,IAG & NRMA Superannuation Plan,58244115920,Corporate,1210.5,2.58,High,497.00,10.0,,,20.0
2016-06-30,Active Balanced,Generic,Incitec Pivot Employees Superannuation Fund,68569795856,Retail,56.0,2.70,High,624.00,13.0,5.0,,6.0
2016-06-30,Intrust MySuper,Generic,Intrust Super Fund,65704511371,Industry,1416.6,5.00,Medium to high,518.00,10.0,,,18.0
2016-06-30,IOOF MySuper,Generic,IOOF Portfolio Service Superannuation Fund,70815369818,Retail,2574.7,3.00,Medium to high,542.00,10.0,1.5,,2.0
2016-06-30,Kinetic Super _ Growth (MySuper),Generic,Kinetic Superannuation Fund,78984178687,Industry,2636.6,2.90,High,438.40,9.9,6.9,,5.1
2016-06-30,MySuper Balanced,Generic,Labour Union Co-Operative Retirement Fund,26382680883,Industry,3960.5,3.80,Medium to high,423.00,11.0,4.0,,17.0
2016-06-30,MySuper Balanced,Generic,legalsuper,60346078879,Industry,1396.3,3.00,High,557.60,12.0,2.0,,
2016-06-30,LESF MySuper,Generic,LESF Super,13704288646,Retail,141.8,3.00,High,665.00,,,,
2016-06-30,LGIASuper MySuper Lifecycle,Generic,LGIAsuper,23053121564,Public Sector,5792.2,,,,,,,
2016-06-30,Vision MySuper,Generic,Local Authorities Superannuation Fund,24496637884,Public Sector,3025.0,3.50,Medium to high,473.00,11.3,11.0,,
2016-06-30,Active Super Lifestage Product,Generic,Local Government Super,28901371321,Public Sector,2743.9,,,,,,,
2016-06-30,Balanced Option_MySuper Compliant,Generic,Lutheran Super,93371348387,Corporate,210.6,4.92,Medium to high,456.00,4.0,,,16.0
2016-06-30,Moderate investment option,Generic,Maritime Super,77455663441,Industry,261.4,3.50,Medium,558.00,6.0,4.0,,8.0
2016-06-30,max Super MySuper,Generic,Max Super Fund,22508720840,Retail,7.8,4.00,Medium to high,562.50,12.0,,,
2016-06-30,MIESF MySuper,Generic,Meat Industry Employees Superannuation Fund,17317520544,Industry,722.2,2.50,Medium,310.00,20.0,10.0,,
2016-06-30,Balanced investment option (accumulation),Generic,Media Super,42574421650,Industry,3066.6,5.00,Medium to high,422.00,10.0,10.0,,10.0
2016-06-30,Mercer Santos MySuper,Large employer,Mercer Super Trust,19905422981,Retail,177.2,4.20,Medium to high,456.68,6.5,6.5,1.0,9.0
2016-06-30,Mercer SmartPath,Generic,Mercer Super Trust,19905422981,Retail,4073.9,,,,,,,
2016-06-30,Mercer WGSP MySuper,Large employer,Mercer Super Trust,19905422981,Retail,1420.4,,,,,,,
2016-06-30,MySuper Balanced,Generic,Mercy Super,11789425178,Corporate,710.3,5.25,Medium,532.20,12.0,12.0,,6.0
2016-06-30,Default Lifecycle,Generic,Mine Superannuation Fund,16457520308,Industry,5885.0,,,,,,,
2016-06-30,MyCatholicSuper,Generic,MyLifeMyMoney Superannuation Fund,50237896957,Industry,3889.4,4.20,Medium to high,519.00,8.0,6.0,,13.0
2016-06-30,NABGSF MySuper,Generic,National Australia Bank Group Superannuation Fund A,59929570050,Retail,1926.3,3.50,High,586.00,12.0,4.0,,4.0
2016-06-30,Nationwide MySuper,Generic,Nationwide Superannuation Fund,15201768813,Industry,503.4,3.40,Medium to high,605.00,10.0,7.0,,5.0
2016-06-30,NESS MySuper,Generic,NESS Super,72229227691,Industry,514.4,3.00,Medium to high,502.00,10.0,4.0,,3.0
2016-06-30,Diversified (MySuper),Generic,NGS Super,73549180515,Industry,4498.9,3.00,Medium to high,425.00,5.0,5.0,,15.0
2016-06-30,ANZ Smart Choice Super,Generic,OnePath Masterfund,53789980697,Retail,6125.9,,,,,,,
2016-06-30,ANZ Smart Choice Super_For QBE Management Services PTY LTD and their employees,Large employer,OnePath Masterfund,53789980697,Retail,266.3,,,,,,,
2016-06-30,MySuper Passive Balanced,Generic,OneSuper,43905581638,Retail,9.8,2.00,Medium,636.00,4.0,,,
2016-06-30,Perpetual MySuper,Generic,Perpetual's Select Superannuation Fund,51068260563,Retail,59.1,3.00,High,695.00,6.0,0.0,0.0,15.0
2016-06-30,Pitcher Retirement Plan MySuper,Generic,Pitcher Retirement Plan,15828677472,Corporate,29.9,2.40,Medium,978.00,9.0,4.0,,
2016-06-30,Plum MySuper,Generic,Plum Superannuation Fund,20339905340,Retail,2063.4,3.50,Medium to high,603.00,5.0,2.0,,5.0
2016-06-30,MySuper,Generic,Prime Super,60562335823,Industry,2779.7,4.50,Medium to high,778.00,10.0,13.0,,0.0
2016-06-30,PSSap MySuper Balanced,Generic,Public Sector Superannuation Accumulation Plan,65127917725,Public Sector,7789.0,3.50,Medium to high,445.00,10.0,1.0,,15.0
2016-06-30,Glidepath,Generic,Qantas Superannuation Plan,41272198829,Corporate,862.7,,,,,,,
2016-06-30,QIEC MySuper,Generic,Queensland Independent Education & Care Superannuation Trust,15549636673,Industry,962.3,4.17,High,566.00,12.0,12.0,,7.0
2016-06-30,Balanced,Generic,Rei Super,76641658449,Industry,1041.9,4.50,Medium to high,425.80,14.0,4.0,,0.0
2016-06-30,REST Super,Generic,Retail Employees Superannuation Trust,62653671394,Industry,35143.7,4.70,Medium to high,437.20,11.0,6.0,1.0,10.0
2016-06-30,BT Super MySuper,Generic,Retirement Wrap,39827542991,Retail,6658.6,,,,,,,
2016-06-30,Westpac Group Plan MySuper,Large employer,Retirement Wrap,39827542991,Retail,1631.6,,,,,,,
2016-06-30,Rio Tinto Fund Growth Option (MySuperProduct),Generic,Rio Tinto Staff Superannuation Fund,98438661856,Corporate,2853.1,4.20,High,466.00,10.0,6.0,,3.5
2016-06-30,General Division,Generic,Russell Investments Master Trust,89384753567,Retail,1003.6,4.00,Medium to high,651.00,6.0,6.2,0.5,4.5
2016-06-30,smartMonday Lifecycle,Generic,Smart Future Trust,68964712340,Retail,924.2,,,,,,,
2016-06-30,Balanced (MySuper),Generic,Spirit Super,74559365913,Industry,7925.0,4.20,Medium to high,418.20,9.0,15.0,,0.0
2016-06-30,Suncorp Lifestage Funds,Generic,SPSL Master Trust,98350952022,Retail,710.1,,,,,,,
2016-06-30,Statewide MySuper,Generic,Statewide Superannuation Trust,54145196298,Industry,3799.3,4.00,High,448.00,10.0,10.0,,
2016-06-30,Sunsuper for Life,Generic,Sunsuper Superannuation Fund,98503137921,Industry,22666.1,,,,,,,
2016-06-30,Tasplan MySuper,Generic,Tasplan Superannuation Fund,14602032302,Industry,2328.7,3.67,Medium,498.00,11.5,6.5,,8.0
2016-06-30,Telstra Super MySuper,Generic,Telstra Superannuation Scheme,85502108833,Corporate,5698.2,,,,,,,
2016-06-30,Bendigo MySuper,Generic,The Bendigo Superannuation Plan,57526653420,Retail,138.9,,,,,,,
2016-06-30,MySuper MyLife,Generic,The Executive Superannuation Fund,60998717367,Retail,966.4,3.50,Medium to high,657.26,4.0,,,10.0
2016-06-30,TIS MySuper,Generic,The Transport Industry Superannuation Fund,68564370287,Industry,110.1,4.00,Medium to high,909.00,15.0,,,10.0
2016-06-30,MLC MySuper,Generic,The Universal Super Scheme,44928361101,Retail,3936.3,3.50,Medium to high,603.00,5.0,2.0,,3.0
2016-06-30,VISSF Balanced Option (MySuper Product),Generic,The Victorian Independent Schools Superannuation Fund,37024873660,Industry,352.5,3.00,High,457.00,5.0,3.0,,
2016-06-30,MySuper Growth,Generic,Toyota Super,58208377062,Corporate,468.3,4.00,Medium to high,492.00,10.0,1.8,,9.3
2016-06-30,Balanced (MySuper),Generic,TWU Superannuation Fund,77343563307,Industry,3936.0,4.49,Medium to high,623.00,9.0,8.0,,6.0
2016-06-30,UniSuper Balanced,Generic,Unisuper,91385943850,Industry,12853.8,4.80,High,375.00,9.0,2.5,,
2016-06-30,Balanced,Generic,United Technologies Corporation Retirement Plan,33227241196,Retail,52.5,2.60,High,490.00,10.0,,,20.0
2016-06-30,Growth (MySuper),Generic,Victorian Superannuation Fund,85977964496,Public Sector,8856.8,4.60,Medium to high,463.00,8.7,4.5,,
2016-06-30,Virgin Super Essentials,Generic,Virgin Superannuation,88436608094,Retail,250.1,,,,,,,
2016-06-30,My WA Super,Generic,WA Local Government Superannuation Plan,18159499614,Public Sector,712.5,3.00,Medium,593.00,9.9,8.1,,12.0
2016-06-30,Growth (MySuper),Generic,Water Corporation Superannuation Plan,16095780345,Corporate,263.4,4.00,Medium to high,567.00,5.0,,,5.0
2016-06-30,BT Business MySuper,Generic,Westpac Mastertrust - Superannuation Division,81236903448,Retail,1070.4,,,,,,,
2016-06-30,MySuper WASF Default Option,Generic,Worsley Alumina Superannuation Fund,51469547458,Retail,36.8,3.50,Medium to high,334.00,5.0,2.0,,5.0
2016-03-31,AMG MySuper,Generic,AMG Super,30099320583,Retail,30.1,3.00,High,569.00,10.0,,,
2016-03-31,AMP MySuper No.1,Generic,AMP Retirement Trust,73310248809,Retail,325.2,4.00,Medium to high,427.00,6.0,6.0,,
2016-03-31,AMP MySuper No.3,Generic,AMP Super Fund,78421957449,Retail,240.4,,,,,,,
2016-03-31,AFLPA & AFL Industry MySuper,Large employer,AMP Superannuation Savings Trust,76514770399,Retail,80.5,,,,,,,
2016-03-31,AMP MySuper No.2,Generic,AMP Superannuation Savings Trust,76514770399,Retail,5446.7,,,,,,,
2016-03-31,Anglican National MySuper,Large employer,AMP Superannuation Savings Trust,76514770399,Retail,109.7,,,,,,,
2016-03-31,Australia Post MySuper,Large employer,AMP Superannuation Savings Trust,76514770399,Retail,86.5,,,,,,,
2016-03-31,Brookfield Australia MySuper,Large employer,AMP Superannuation Savings Trust,76514770399,Retail,82.4,3.50,Medium to high,265.00,8.0,,,10.0
2016-03-31,CCA MySuper,Large employer,AMP Superannuation Savings Trust,76514770399,Retail,285.0,,,,,,,
2016-03-31,Macquarie Group MySuper,Large employer,AMP Superannuation Savings Trust,76514770399,Retail,257.1,3.00,Medium,395.00,,,,12.5
2016-03-31,Woolworths Group MySuper,Large employer,AMP Superannuation Savings Trust,76514770399,Retail,2458.1,3.50,Medium to high,306.00,6.5,3.0,,6.5
2016-03-31,ANZ Staff MySuper,Generic,ANZ Australian Staff Superannuation Scheme,83810127567,Corporate,1708.7,5.00,High,290.00,10.0,6.0,,8.0
2016-03-31,Asgard Employee MySuper,Generic,ASGARD Independence Plan Division Two,90194410365,Retail,672.3,,,,,,,
2016-03-31,MySuper Balanced,Generic,Australian Catholic Superannuation and Retirement Fund,24680629023,Industry,4144.3,3.00,Medium to high,503.00,10.0,10.0,,11.0
2016-03-31,Balanced (accumulation),Generic,Australian Ethical Retail Superannuation Fund,49633667743,Retail,387.1,3.50,Medium to high,822.00,10.0,5.0,,
2016-03-31,AMIST MySuper,Generic,Australian Meat Industry Superannuation Trust,28342064803,Industry,1467.1,2.00,Medium to high,379.00,15.0,5.0,,5.0
2016-03-31,QSuper Lifetime,Generic,Australian Retirement Trust,60905115063,Public Sector,29714.2,,,,,,,
2016-03-31,AustralianSuper MySuper,Generic,AustralianSuper,65714394898,Industry,64997.5,3.90,High,363.00,10.0,11.0,,
2016-03-31,IBM Super Plan MySuper,Large employer,AustralianSuper,65714394898,Industry,559.3,3.70,High,423.00,9.0,13.0,,
2016-03-31,Komatsu Super Plan MySuper,Large employer,AustralianSuper,65714394898,Industry,74.8,3.70,High,412.00,9.0,13.0,,
2016-03-31,MySuper (Balanced),Generic,Austsafe Superannuation Fund,92398191503,Industry,1622.2,4.40,High,451.00,10.0,9.0,,10.0
2016-03-31,AvSuper Growth (MySuper),Generic,AvSuper Fund,84421446069,Public Sector,482.3,4.50,Medium to high,560.00,10.0,5.0,,2.5
2016-03-31,MySuper Lifecycle,Generic,Aware Super,53226460365,Public Sector,35647.9,,,,,,,
2016-03-31,Betros MySuper,Generic,Betros Bros Superannuation Fund No 2,36338171504,Corporate,2.0,3.80,Medium to high,530.00,5.0,0.0,,0.0
2016-03-31,MySuper Default Option,Generic,BHP Billiton Superannuation Fund,30187082512,Retail,441.1,3.50,Medium to high,540.00,5.0,2.0,,5.0
2016-03-31,BOC MySuper,Generic,Boc Gases Superannuation Fund,49620344668,Corporate,366.8,3.60,High,598.00,11.0,9.0,,5.0
2016-03-31,BUSSQ MySuper,Generic,Building Unions Superannuation Scheme (Queensland),85571332201,Industry,2559.6,4.00,Medium,618.00,12.0,12.0,3.0,
2016-03-31,CareSuper,Generic,Care Super,98172275725,Industry,7857.6,5.00,Medium to high,603.00,12.0,7.0,,
2016-03-31,My Ethical Super,Generic,Christian Super,66628776348,Industry,622.3,3.13,High,650.00,9.8,3.5,,0.9
2016-03-31,Club Plus Super _ MySuper,Generic,Club Plus Superannuation Scheme,95275115088,Industry,1903.0,2.76,Medium to high,373.60,7.0,6.0,,12.0
2016-03-31,Club MySuper,Generic,Club Super,12737334298,Industry,389.7,3.60,Medium to high,646.00,11.0,10.0,,10.0
2016-03-31,FirstChoice Employer Super,Generic,Colonial First State FirstChoice Superannuation Trust,26458298557,Retail,3223.8,,,,,,,
2016-03-31,Combined Fund MySuper,Generic,Combined Super Fund,46921400504,Industry,315.7,3.00,Medium to high,584.00,10.0,7.0,,25.0
2016-03-31,Accumulate Plus Balanced,Generic,Commonwealth Bank Group Super,24248426878,Corporate,4165.1,2.60,High,348.65,12.0,5.0,,
2016-03-31,MySuper Balanced,Generic,Concept One The Industry Superannuation Fund,21059451252,Industry,395.2,3.00,Medium to high,576.00,15.0,,,12.1
2016-03-31,Growth (Cbus MySuper),Generic,CONSTRUCTION AND BUILDING UNIONS SUPERANNUATION FUND,75493363262,Industry,28230.6,4.80,Medium to high,483.00,13.0,11.0,,5.0
2016-03-31,Active Balanced,Generic,DuluxGroup Employees Superannuation Fund,91132102426,Retail,27.6,2.60,High,600.00,13.0,5.0,,6.0
2016-03-31,Balanced,Generic,Elphinstone Group Superannuation Fund,77408077215,Corporate,47.4,2.20,High,727.00,1.8,,,
2016-03-31,EmPlus MySuper,Generic,EmPlus Superannuation Fund,18838658991,Retail,36.7,4.00,Medium to high,522.80,9.0,,,
2016-03-31,Balanced (MySuper),Generic,Energy Industries Superannuation Scheme-Pool A,22277243559,Public Sector,1062.6,3.00,Medium,315.00,5.0,4.0,,25.0
2016-03-31,MySuper,Generic,Energy Super,33761363685,Industry,1613.3,4.15,Medium to high,427.00,10.0,5.0,,10.0
2016-03-31,Equipsuper MySuper,Generic,equipsuper,33813823017,Industry,1942.9,3.50,Medium,543.00,10.0,3.0,0.0,4.0
2016-03-31,MyEquitySuper,Generic,EquitySuper,38531644711,Retail,63.4,3.50,Medium to high,673.00,14.0,,0.0,
2016-03-31,Essential Super,Generic,Essential Super,56601925435,Retail,1181.0,,,,,,,
2016-03-31,First Super MySuper,Generic,First Super,56286625181,Industry,2018.7,3.50,Medium,443.00,10.0,10.0,,2.0
2016-03-31,Goldman Sachs & JBWere Superannuation Fund_MySuper Product,Generic,Goldman Sachs & JBWere Superannuation Fund,55697537183,Corporate,308.3,4.00,Very high,805.00,,,,3.0
2016-03-31,Guild Retirement Fund (MySuper),Generic,Guild Retirement Fund,22599554834,Retail,825.7,,,,,,,
2016-03-31,HESTA MySuper,Generic,HESTA,64971749321,Industry,27493.9,5.60,Medium to high,480.00,10.0,13.0,,4.0
2016-03-31,Balanced option,Generic,HOSTPLUS Superannuation Fund,68657495890,Industry,16746.2,3.50,High,538.00,15.0,10.0,0.0,5.0
2016-03-31,MySuper,Generic,IAG & NRMA Superannuation Plan,58244115920,Corporate,1184.9,2.58,High,497.00,10.0,,,20.0
2016-03-31,Active Balanced,Generic,Incitec Pivot Employees Superannuation Fund,68569795856,Retail,54.1,2.60,High,571.00,13.0,5.0,,6.0
2016-03-31,Intrust MySuper,Generic,Intrust Super Fund,65704511371,Industry,1378.3,5.00,Medium to high,518.00,10.0,,,18.0
2016-03-31,IOOF MySuper,Generic,IOOF Portfolio Service Superannuation Fund,70815369818,Retail,2428.1,3.00,Medium to high,542.00,10.0,1.5,,2.0
2016-03-31,Kinetic Super _ Growth (MySuper),Generic,Kinetic Superannuation Fund,78984178687,Industry,2546.5,2.90,High,438.40,9.9,6.9,,5.1
2016-03-31,MySuper Balanced,Generic,Labour Union Co-Operative Retirement Fund,26382680883,Industry,3830.1,3.80,Medium to high,423.00,11.0,4.0,,17.0
2016-03-31,MySuper Balanced,Generic,legalsuper,60346078879,Industry,1326.6,3.00,High,557.60,12.0,2.0,,
2016-03-31,LESF MySuper,Generic,LESF Super,13704288646,Retail,135.9,3.00,High,665.00,,,,
2016-03-31,LGIASuper MySuper Lifecycle,Generic,LGIAsuper,23053121564,Public Sector,5579.0,,,,,,,
2016-03-31,Vision MySuper,Generic,Local Authorities Superannuation Fund,24496637884,Public Sector,2983.9,3.50,Medium to high,473.00,11.3,11.0,,
2016-03-31,MySuper Age-Based Investment Strategy,Generic,Local Government Superannuation Scheme - Pool A,74925979278,Public Sector,2641.1,,,,,,,
2016-03-31,Balanced Option_MySuper Compliant,Generic,Lutheran Super,93371348387,Corporate,209.6,4.92,Medium to high,456.00,4.0,,,16.0
2016-03-31,Moderate investment option,Generic,Maritime Super,77455663441,Industry,240.3,3.50,Medium,558.00,6.0,4.0,,8.0
2016-03-31,max Super MySuper,Generic,Max Super Fund,22508720840,Retail,7.0,4.00,Medium to high,562.50,12.0,,,
2016-03-31,MIESF MySuper,Generic,Meat Industry Employees Superannuation Fund,17317520544,Industry,680.6,2.50,Medium,310.00,20.0,10.0,,
2016-03-31,Balanced investment option (accumulation),Generic,Media Super,42574421650,Industry,2926.9,5.00,Medium to high,412.00,10.0,10.0,,10.0
2016-03-31,Mercer Santos MySuper,Large employer,Mercer Super Trust,19905422981,Retail,177.7,4.20,Medium to high,456.68,6.5,6.5,1.0,9.5
2016-03-31,Mercer SmartPath,Generic,Mercer Super Trust,19905422981,Retail,4032.6,,,,,,,
2016-03-31,Mercer WGSP MySuper,Large employer,Mercer Super Trust,19905422981,Retail,1422.1,,,,,,,
2016-03-31,MySuper Balanced,Generic,Mercy Super,11789425178,Corporate,688.9,5.25,Medium,532.20,12.0,12.0,,6.0
2016-03-31,Default Lifecycle,Generic,Mine Superannuation Fund,16457520308,Industry,5783.7,,,,,,,
2016-03-31,MyCatholicSuper,Generic,MyLifeMyMoney Superannuation Fund,50237896957,Industry,3766.5,4.20,Medium to high,519.00,8.0,6.0,,13.0
2016-03-31,NABGSF MySuper,Generic,National Australia Bank Group Superannuation Fund A,59929570050,Retail,1870.7,3.50,High,586.00,12.0,3.5,,4.0
2016-03-31,Nationwide MySuper,Generic,Nationwide Superannuation Fund,15201768813,Industry,486.5,3.40,Medium to high,605.00,10.0,7.0,,5.0
2016-03-31,NESS MySuper,Generic,NESS Super,72229227691,Industry,503.1,3.00,Medium to high,502.00,10.0,4.0,,3.0
2016-03-31,Diversified (MySuper),Generic,NGS Super,73549180515,Industry,4343.3,3.00,Medium to high,425.00,5.0,5.0,,15.0
2016-03-31,ANZ Smart Choice Super,Generic,OnePath Masterfund,53789980697,Retail,5740.8,,,,,,,
2016-03-31,ANZ Smart Choice Super_For QBE Management Services PTY LTD and their employees,Large employer,OnePath Masterfund,53789980697,Retail,253.3,,,,,,,
2016-03-31,MySuper Passive Balanced,Generic,OneSuper,43905581638,Retail,9.0,2.00,Medium,636.00,4.0,,,
2016-03-31,Perpetual MySuper,Generic,Perpetual's Select Superannuation Fund,51068260563,Retail,51.9,3.00,High,695.00,6.0,0.0,0.0,15.0
2016-03-31,Pitcher Retirement Plan MySuper,Generic,Pitcher Retirement Plan,15828677472,Corporate,29.9,2.40,Medium,978.00,9.0,4.0,,
2016-03-31,Plum MySuper,Generic,Plum Superannuation Fund,20339905340,Retail,1811.7,3.50,Medium to high,620.00,5.0,2.0,,5.0
2016-03-31,MySuper,Generic,Prime Super,60562335823,Industry,2633.2,4.50,Medium to high,778.00,10.0,13.0,,0.0
2016-03-31,PSSap MySuper Balanced,Generic,Public Sector Superannuation Accumulation Plan,65127917725,Public Sector,7514.5,3.50,Medium to high,445.00,10.0,1.0,,15.0
2016-03-31,Glidepath,Generic,Qantas Superannuation Plan,41272198829,Corporate,843.4,,,,,,,
2016-03-31,QIEC MySuper,Generic,Queensland Independent Education & Care Superannuation Trust,15549636673,Industry,946.2,4.17,High,566.00,12.0,12.0,,7.0
2016-03-31,Balanced,Generic,Rei Super,76641658449,Industry,1009.4,4.50,Medium to high,425.80,14.0,4.0,,0.0
2016-03-31,REST Super,Generic,Retail Employees Superannuation Trust,62653671394,Industry,34991.8,4.70,Medium to high,437.20,11.0,6.0,1.0,10.0
2016-03-31,BT Super MySuper,Generic,Retirement Wrap,39827542991,Retail,6197.9,,,,,,,
2016-03-31,Westpac Group Plan MySuper,Large employer,Retirement Wrap,39827542991,Retail,1542.6,,,,,,,
2016-03-31,Rio Tinto Fund Growth Option (MySuperProduct),Generic,Rio Tinto Staff Superannuation Fund,98438661856,Corporate,2766.9,4.20,High,466.00,10.0,6.0,,3.5
2016-03-31,General Division,Generic,Russell Investments Master Trust,89384753567,Retail,956.9,4.00,Medium to high,651.00,6.0,6.2,0.5,4.5
2016-03-31,smartMonday Lifecycle,Generic,Smart Future Trust,68964712340,Retail,877.3,,,,,,,
2016-03-31,Balanced (MySuper),Generic,Spirit Super,74559365913,Industry,7614.3,4.20,Medium to high,418.20,9.0,15.0,,0.0
2016-03-31,Suncorp Lifestage Funds,Generic,SPSL Master Trust,98350952022,Retail,628.9,,,,,,,
2016-03-31,Statewide MySuper,Generic,Statewide Superannuation Trust,54145196298,Industry,3655.4,4.00,High,448.00,10.0,10.0,,
2016-03-31,Sunsuper for Life,Generic,Sunsuper Superannuation Fund,98503137921,Industry,21687.7,,,,,,,
2016-03-31,Tasplan MySuper,Generic,Tasplan Superannuation Fund,14602032302,Industry,2249.0,3.67,Medium,498.00,11.5,6.5,,8.0
2016-03-31,Telstra Super MySuper,Generic,Telstra Superannuation Scheme,85502108833,Corporate,5491.8,,,,,,,
2016-03-31,Bendigo MySuper,Generic,The Bendigo Superannuation Plan,57526653420,Retail,120.0,,,,,,,
2016-03-31,MySuper MyLife,Generic,The Executive Superannuation Fund,60998717367,Retail,522.8,3.00,Medium,539.00,7.0,,,10.0
2016-03-31,FlexibleSuper Active Balanced,Generic,The Flexible Benefits Super Fund,17029067264,Retail,199.5,2.80,High,495.00,13.0,5.0,,6.0
2016-03-31,TIS MySuper,Generic,The Transport Industry Superannuation Fund,68564370287,Industry,108.2,4.00,Medium to high,909.00,15.0,,,10.0
2016-03-31,MLC MySuper,Generic,The Universal Super Scheme,44928361101,Retail,3471.1,3.50,Medium to high,623.00,5.0,2.0,,5.0
2016-03-31,VISSF Balanced Option (MySuper Product),Generic,The Victorian Independent Schools Superannuation Fund,37024873660,Industry,345.0,3.00,High,457.00,5.0,3.0,,
2016-03-31,MySuper Growth,Generic,Toyota Australia Superannuation Plan,38463889442,Corporate,130.1,4.00,Medium to high,482.00,10.0,2.0,,7.0
2016-03-31,MySuper Growth,Generic,Toyota Super,58208377062,Corporate,148.6,4.00,Medium to high,492.00,10.0,2.0,,7.0
2016-03-31,Balanced (MySuper),Generic,TWU Superannuation Fund,77343563307,Industry,3855.4,4.49,Medium to high,623.00,9.0,8.0,,6.0
2016-03-31,UniSuper Balanced,Generic,Unisuper,91385943850,Industry,12103.2,4.80,High,375.00,9.0,2.5,,
2016-03-31,Balanced,Generic,United Technologies Corporation Retirement Plan,33227241196,Retail,50.7,2.60,High,490.00,10.0,,,20.0
2016-03-31,Growth (MySuper),Generic,Victorian Superannuation Fund,85977964496,Public Sector,8501.2,4.60,Medium to high,463.00,8.7,4.5,,
2016-03-31,Virgin Super Essentials,Generic,Virgin Superannuation,88436608094,Retail,248.8,,,,,,,
2016-03-31,My WA Super,Generic,WA Local Government Superannuation Plan,18159499614,Public Sector,641.9,3.00,Medium,593.00,7.4,9.5,,16.0
2016-03-31,Growth (MySuper),Generic,Water Corporation Superannuation Plan,16095780345,Corporate,255.8,4.00,Medium to high,567.00,5.0,,,5.0
2016-03-31,BT Business MySuper,Generic,Westpac Mastertrust - Superannuation Division,81236903448,Retail,955.5,,,,,,,
2016-03-31,MySuper WASF Default Option,Generic,Worsley Alumina Superannuation Fund,51469547458,Retail,38.3,3.50,Medium to high,349.00,5.0,2.0,,5.0
2015-12-31,AMG MySuper,Generic,AMG Super,30099320583,Retail,30.5,3.00,High,569.00,10.0,,,
2015-12-31,AMP MySuper No.1,Generic,AMP Retirement Trust,73310248809,Retail,291.8,4.00,Medium to high,427.00,6.0,6.0,,
2015-12-31,AMP MySuper No.3,Generic,AMP Super Fund,78421957449,Retail,225.6,,,,,,,
2015-12-31,AFLPA & AFL Industry MySuper,Large employer,AMP Superannuation Savings Trust,76514770399,Retail,78.7,,,,,,,
2015-12-31,AMP MySuper No.2,Generic,AMP Superannuation Savings Trust,76514770399,Retail,5182.4,,,,,,,
2015-12-31,Anglican National MySuper,Large employer,AMP Superannuation Savings Trust,76514770399,Retail,111.6,,,,,,,
2015-12-31,Australia Post MySuper,Large employer,AMP Superannuation Savings Trust,76514770399,Retail,78.9,,,,,,,
2015-12-31,Brookfield Australia MySuper,Large employer,AMP Superannuation Savings Trust,76514770399,Retail,80.3,3.50,Medium to high,265.00,6.5,3.0,,6.5
2015-12-31,CCA MySuper,Large employer,AMP Superannuation Savings Trust,76514770399,Retail,285.7,,,,,,,
2015-12-31,Macquarie Group MySuper,Large employer,AMP Superannuation Savings Trust,76514770399,Retail,254.5,3.00,Medium,395.00,,,,12.5
2015-12-31,Woolworths Group MySuper,Large employer,AMP Superannuation Savings Trust,76514770399,Retail,2478.5,3.50,Medium to high,306.00,6.5,3.0,,6.5
2015-12-31,ANZ Staff MySuper,Generic,ANZ Australian Staff Superannuation Scheme,83810127567,Corporate,1697.1,5.00,High,290.00,10.0,6.0,,8.0
2015-12-31,Asgard Employee MySuper,Generic,ASGARD Independence Plan Division Two,90194410365,Retail,653.3,,,,,,,
2015-12-31,MySuper Balanced,Generic,Australian Catholic Superannuation and Retirement Fund,24680629023,Industry,4104.0,3.00,Medium to high,503.00,10.0,10.0,,11.0
2015-12-31,Balanced (accumulation),Generic,Australian Ethical Retail Superannuation Fund,49633667743,Retail,360.6,3.50,Medium to high,822.00,10.0,5.0,,
2015-12-31,AMIST MySuper,Generic,Australian Meat Industry Superannuation Trust,28342064803,Industry,1489.9,2.00,Medium to high,379.00,15.0,5.0,,5.0
2015-12-31,QSuper Lifetime,Generic,Australian Retirement Trust,60905115063,Public Sector,28693.0,,,,,,,
2015-12-31,AustralianSuper MySuper,Generic,AustralianSuper,65714394898,Industry,64702.5,3.90,High,363.00,10.0,11.0,,
2015-12-31,IBM Super Plan MySuper,Large employer,AustralianSuper,65714394898,Industry,564.9,3.70,High,423.00,9.0,13.0,,
2015-12-31,Komatsu Super Plan MySuper,Large employer,AustralianSuper,65714394898,Industry,74.5,3.70,High,412.00,9.0,13.0,,
2015-12-31,MySuper (Balanced),Generic,Austsafe Superannuation Fund,92398191503,Industry,1652.4,4.40,High,451.00,10.0,9.0,,6.0
2015-12-31,AvSuper Growth (MySuper),Generic,AvSuper Fund,84421446069,Public Sector,477.7,4.50,Medium to high,560.00,10.0,5.0,,2.5
2015-12-31,MySuper Lifecycle,Generic,Aware Super,53226460365,Public Sector,36037.1,,,,,,,
2015-12-31,Betros MySuper,Generic,Betros Bros Superannuation Fund No 2,36338171504,Corporate,1.9,3.80,Medium to high,530.00,5.0,0.0,,0.0
2015-12-31,MySuper Default Option,Generic,BHP Billiton Superannuation Fund,30187082512,Retail,410.9,3.50,Medium to high,540.00,4.0,,,4.0
2015-12-31,BOC MySuper,Generic,Boc Gases Superannuation Fund,49620344668,Corporate,372.9,3.60,High,598.00,11.0,9.0,,5.0
2015-12-31,BUSSQ MySuper,Generic,Building Unions Superannuation Scheme (Queensland),85571332201,Industry,2558.7,4.00,Medium,618.00,12.0,12.0,3.0,
2015-12-31,CareSuper,Generic,Care Super,98172275725,Industry,7863.8,5.00,Medium to high,603.00,12.0,7.0,,
2015-12-31,My Ethical Super,Generic,Christian Super,66628776348,Industry,620.2,3.13,High,650.00,9.9,3.9,,1.8
2015-12-31,Club Plus Super _ MySuper,Generic,Club Plus Superannuation Scheme,95275115088,Industry,1906.4,2.76,Medium to high,373.60,7.0,6.0,,12.0
2015-12-31,Club MySuper,Generic,Club Super,12737334298,Industry,402.1,3.60,Medium to high,646.00,11.0,10.0,,10.0
2015-12-31,FirstChoice Employer Super,Generic,Colonial First State FirstChoice Superannuation Trust,26458298557,Retail,3069.9,,,,,,,
2015-12-31,Combined Fund MySuper,Generic,Combined Super Fund,46921400504,Industry,322.3,3.00,Medium to high,584.00,10.0,7.0,,25.0
2015-12-31,Accumulate Plus Balanced,Generic,Commonwealth Bank Group Super,24248426878,Corporate,4095.6,2.60,High,348.65,12.0,5.0,,
2015-12-31,MySuper Balanced,Generic,Concept One The Industry Superannuation Fund,21059451252,Industry,395.8,3.00,Medium to high,576.00,15.0,,,12.1
2015-12-31,Growth (Cbus MySuper),Generic,CONSTRUCTION AND BUILDING UNIONS SUPERANNUATION FUND,75493363262,Industry,28203.0,4.80,Medium to high,483.00,13.0,11.0,,5.0
2015-12-31,Active Balanced,Generic,DuluxGroup Employees Superannuation Fund,91132102426,Retail,27.2,2.60,High,600.00,13.0,5.0,,6.0
2015-12-31,Balanced,Generic,Elphinstone Group Superannuation Fund,77408077215,Corporate,49.1,2.20,High,727.00,1.8,,,
2015-12-31,EmPlus MySuper,Generic,EmPlus Superannuation Fund,18838658991,Retail,21.7,4.00,Medium to high,522.80,9.0,,,
2015-12-31,Balanced (MySuper),Generic,Energy Industries Superannuation Scheme-Pool A,22277243559,Public Sector,1055.0,3.00,Medium,315.00,5.0,4.0,,25.0
2015-12-31,MySuper,Generic,Energy Super,33761363685,Industry,1596.1,4.15,Medium to high,427.00,10.0,5.0,,10.0
2015-12-31,Equipsuper MySuper,Generic,equipsuper,33813823017,Industry,1946.2,3.50,Medium,543.00,10.0,3.0,0.0,4.0
2015-12-31,MyEquitySuper,Generic,EquitySuper,38531644711,Retail,59.2,3.50,Medium to high,673.00,14.0,,0.0,
2015-12-31,Essential Super,Generic,Essential Super,56601925435,Retail,1092.8,,,,,,,
2015-12-31,First Super MySuper,Generic,First Super,56286625181,Industry,1994.0,3.50,Medium,443.00,10.0,10.0,,2.0
2015-12-31,Goldman Sachs & JBWere Superannuation Fund_MySuper Product,Generic,Goldman Sachs & JBWere Superannuation Fund,55697537183,Corporate,311.1,4.00,Very high,805.00,,,,0.0
2015-12-31,Guild Retirement Fund (MySuper),Generic,Guild Retirement Fund,22599554834,Retail,821.4,,,,,,,
2015-12-31,HESTA MySuper,Generic,HESTA,64971749321,Industry,27397.7,5.60,Medium to high,480.00,10.0,13.0,,4.0
2015-12-31,Balanced option,Generic,HOSTPLUS Superannuation Fund,68657495890,Industry,16747.0,3.50,High,538.00,15.0,10.0,0.0,5.0
2015-12-31,MySuper,Generic,IAG & NRMA Superannuation Plan,58244115920,Corporate,1190.3,2.58,High,497.00,10.0,,,20.0
2015-12-31,Active Balanced,Generic,Incitec Pivot Employees Superannuation Fund,68569795856,Retail,57.2,2.60,High,571.00,13.0,5.0,,6.0
2015-12-31,Intrust MySuper,Generic,Intrust Super Fund,65704511371,Industry,1391.7,5.00,Medium to high,518.00,10.0,,,18.0
2015-12-31,IOOF MySuper,Generic,IOOF Portfolio Service Superannuation Fund,70815369818,Retail,1112.9,3.00,Medium to high,542.00,10.0,1.5,,2.0
2015-12-31,Kinetic Super _ Growth (MySuper),Generic,Kinetic Superannuation Fund,78984178687,Industry,2550.2,2.90,High,438.40,9.9,6.9,,5.1
2015-12-31,MySuper Balanced,Generic,Labour Union Co-Operative Retirement Fund,26382680883,Industry,3875.2,3.80,Medium to high,423.00,11.0,4.0,,22.0
2015-12-31,MySuper Balanced,Generic,legalsuper,60346078879,Industry,1287.2,3.00,High,557.60,12.0,3.0,,
2015-12-31,LESF MySuper,Generic,LESF Super,13704288646,Retail,118.3,3.00,High,665.00,,,,
2015-12-31,LGIASuper MySuper Lifecycle,Generic,LGIAsuper,23053121564,Public Sector,5601.3,,,,,,,
2015-12-31,Vision MySuper,Generic,Local Authorities Superannuation Fund,24496637884,Public Sector,2994.2,3.50,Medium to high,498.00,11.3,11.0,,
2015-12-31,MySuper Age-Based Investment Strategy,Generic,Local Government Superannuation Scheme - Pool A,74925979278,Public Sector,2630.4,,,,,,,
2015-12-31,Balanced Option_MySuper Compliant,Generic,Lutheran Super,93371348387,Corporate,213.4,4.92,Medium to high,456.00,5.0,,,15.0
2015-12-31,Moderate investment option,Generic,Maritime Super,77455663441,Industry,230.1,3.50,Medium,558.00,6.0,4.0,,8.0
2015-12-31,max Super MySuper,Generic,Max Super Fund,22508720840,Retail,3.7,4.00,Medium to high,562.50,12.0,,,
2015-12-31,MIESF MySuper,Generic,Meat Industry Employees Superannuation Fund,17317520544,Industry,691.7,2.50,Medium,310.00,20.0,10.0,,
2015-12-31,Balanced investment option (accumulation),Generic,Media Super,42574421650,Industry,2975.7,5.00,Medium to high,417.00,10.0,10.0,,10.0
2015-12-31,Mercer Santos MySuper,Large employer,Mercer Super Trust,19905422981,Retail,184.1,4.20,Medium to high,454.76,6.5,6.5,1.0,10.1
2015-12-31,Mercer SmartPath,Generic,Mercer Super Trust,19905422981,Retail,4066.3,,,,,,,
2015-12-31,Mercer WGSP MySuper,Large employer,Mercer Super Trust,19905422981,Retail,1448.1,,,,,,,
2015-12-31,MySuper Balanced,Generic,Mercy Super,11789425178,Corporate,689.2,5.25,Medium,532.20,12.0,12.0,,6.0
2015-12-31,Default Lifecycle,Generic,Mine Superannuation Fund,16457520308,Industry,5855.4,,,,,,,
2015-12-31,MyCatholicSuper,Generic,MyLifeMyMoney Superannuation Fund,50237896957,Industry,3812.6,4.20,Medium to high,519.00,8.0,6.0,,13.0
2015-12-31,NABGSF MySuper,Generic,National Australia Bank Group Superannuation Fund A,59929570050,Retail,1884.1,3.50,High,586.00,12.0,3.5,,4.0
2015-12-31,Nationwide MySuper,Generic,Nationwide Superannuation Fund,15201768813,Industry,492.1,3.40,Medium to high,605.00,10.0,7.0,,5.0
2015-12-31,NESS MySuper,Generic,NESS Super,72229227691,Industry,509.7,3.00,Medium to high,502.00,10.0,4.2,,3.0
2015-12-31,Diversified (MySuper),Generic,NGS Super,73549180515,Industry,4644.8,3.00,Medium to high,425.00,5.0,5.0,,15.0
2015-12-31,ANZ Smart Choice Super,Generic,OnePath Masterfund,53789980697,Retail,5810.9,,,,,,,
2015-12-31,ANZ Smart Choice Super_For QBE Management Services PTY LTD and their employees,Large employer,OnePath Masterfund,53789980697,Retail,255.9,,,,,,,
2015-12-31,MySuper Passive Balanced,Generic,OneSuper,43905581638,Retail,8.4,2.00,Medium,636.00,4.0,,,
2015-12-31,Perpetual MySuper,Generic,Perpetual's Select Superannuation Fund,51068260563,Retail,50.3,3.00,High,685.00,6.0,0.0,0.0,15.0
2015-12-31,Pitcher Retirement Plan MySuper,Generic,Pitcher Retirement Plan,15828677472,Corporate,30.2,2.40,Medium,978.00,9.0,4.0,,
2015-12-31,Plum MySuper,Generic,Plum Superannuation Fund,20339905340,Retail,1695.3,3.50,Medium to high,620.00,4.0,,,4.0
2015-12-31,MySuper,Generic,Prime Super,60562335823,Industry,2658.1,4.50,Medium to high,778.00,10.0,13.0,,0.0
2015-12-31,PSSap MySuper Balanced,Generic,Public Sector Superannuation Accumulation Plan,65127917725,Public Sector,7536.8,3.50,Medium to high,445.00,10.0,1.0,,15.0
2015-12-31,Glidepath,Generic,Qantas Superannuation Plan,41272198829,Corporate,865.9,,,,,,,
2015-12-31,QIEC MySuper,Generic,Queensland Independent Education & Care Superannuation Trust,15549636673,Industry,958.6,4.17,High,566.00,12.0,12.0,,7.0
2015-12-31,Balanced,Generic,Rei Super,76641658449,Industry,1004.8,4.50,Medium to high,425.80,14.0,4.0,,0.0
2015-12-31,REST Super,Generic,Retail Employees Superannuation Trust,62653671394,Industry,35007.6,4.70,Medium to high,437.20,11.0,6.0,1.0,10.0
2015-12-31,BT Super MySuper,Generic,Retirement Wrap,39827542991,Retail,6203.7,,,,,,,
2015-12-31,Westpac Group Plan MySuper,Large employer,Retirement Wrap,39827542991,Retail,1546.9,,,,,,,
2015-12-31,Rio Tinto Fund Growth Option (MySuperProduct),Generic,Rio Tinto Staff Superannuation Fund,98438661856,Corporate,2803.9,4.20,High,466.00,10.0,6.0,,3.5
2015-12-31,General Division,Generic,Russell Investments Master Trust,89384753567,Retail,948.9,4.00,Medium to high,651.00,6.0,6.2,0.5,4.5
2015-12-31,smartMonday Lifecycle,Generic,Smart Future Trust,68964712340,Retail,879.8,,,,,,,
2015-12-31,Balanced (MySuper),Generic,Spirit Super,74559365913,Industry,7641.9,4.20,Medium to high,418.20,9.0,15.0,,0.0
2015-12-31,Suncorp Lifestage Funds,Generic,SPSL Master Trust,98350952022,Retail,580.0,,,,,,,
2015-12-31,Statewide MySuper,Generic,Statewide Superannuation Trust,54145196298,Industry,3641.4,4.00,High,448.00,10.0,10.0,,
2015-12-31,Sunsuper for Life,Generic,Sunsuper Superannuation Fund,98503137921,Industry,21730.7,,,,,,,
2015-12-31,Tasplan MySuper,Generic,Tasplan Superannuation Fund,14602032302,Industry,2255.1,3.67,Medium,498.00,11.5,6.5,,8.0
2015-12-31,Telstra Super MySuper,Generic,Telstra Superannuation Scheme,85502108833,Corporate,5617.3,,,,,,,
2015-12-31,Bendigo MySuper,Generic,The Bendigo Superannuation Plan,57526653420,Retail,117.8,,,,,,,
2015-12-31,MySuper MyLife,Generic,The Executive Superannuation Fund,60998717367,Retail,529.5,3.00,Medium,539.00,7.0,,,10.0
2015-12-31,FlexibleSuper Active Balanced,Generic,The Flexible Benefits Super Fund,17029067264,Retail,204.4,2.80,High,495.00,13.0,5.0,,6.0
2015-12-31,TIS MySuper,Generic,The Transport Industry Superannuation Fund,68564370287,Industry,111.5,4.00,Medium to high,909.00,15.0,,,10.0
2015-12-31,MLC MySuper,Generic,The Universal Super Scheme,44928361101,Retail,3197.2,3.50,Medium to high,623.00,4.0,,,4.0
2015-12-31,VISSF Balanced Option (MySuper Product),Generic,The Victorian Independent Schools Superannuation Fund,37024873660,Industry,313.7,3.00,High,457.00,5.0,3.0,,
2015-12-31,MySuper Growth,Generic,Toyota Australia Superannuation Plan,38463889442,Corporate,127.4,4.00,Medium to high,486.00,10.0,2.0,,7.0
2015-12-31,MySuper Growth,Generic,Toyota Super,58208377062,Corporate,153.4,4.00,Medium to high,495.00,10.0,2.0,,7.0
2015-12-31,Balanced (MySuper),Generic,TWU Superannuation Fund,77343563307,Industry,3869.0,4.49,Medium to high,623.00,9.0,8.0,,6.0
2015-12-31,UniSuper Balanced,Generic,Unisuper,91385943850,Industry,12216.7,4.80,High,375.00,9.0,2.5,,
2015-12-31,Balanced,Generic,United Technologies Corporation Retirement Plan,33227241196,Retail,53.3,2.60,Medium to high,520.00,10.0,,,20.0
2015-12-31,Growth (MySuper),Generic,Victorian Superannuation Fund,85977964496,Public Sector,8530.0,4.60,Medium to high,463.00,8.7,4.5,,
2015-12-31,Virgin Super Essentials,Generic,Virgin Superannuation,88436608094,Retail,252.8,,,,,,,
2015-12-31,My WA Super,Generic,WA Local Government Superannuation Plan,18159499614,Public Sector,643.6,3.00,Medium,593.00,7.4,9.5,,16.0
2015-12-31,Growth (MySuper),Generic,Water Corporation Superannuation Plan,16095780345,Corporate,255.4,4.00,Medium to high,567.00,5.0,,,5.0
2015-12-31,BT Business MySuper,Generic,Westpac Mastertrust - Superannuation Division,81236903448,Retail,908.5,,,,,,,
2015-12-31,MySuper WASF Default Option,Generic,Worsley Alumina Superannuation Fund,51469547458,Retail,35.5,3.50,Medium to high,349.00,4.0,0.0,0.0,4.0
2015-09-30,AMG MySuper,Generic,AMG Super,30099320583,Retail,30.0,3.00,High,569.00,10.0,,,
2015-09-30,AMP MySuper No.1,Generic,AMP Retirement Trust,73310248809,Retail,243.3,4.00,Medium to high,427.00,6.0,6.0,,
2015-09-30,AMP MySuper No.3,Generic,AMP Super Fund,78421957449,Retail,192.7,,,,,,,
2015-09-30,AFLPA & AFL Industry MySuper,Large employer,AMP Superannuation Savings Trust,76514770399,Retail,73.5,,,,,,,
2015-09-30,AMP MySuper No.2,Generic,AMP Superannuation Savings Trust,76514770399,Retail,4424.6,,,,,,,
2015-09-30,Anglican National MySuper,Large employer,AMP Superannuation Savings Trust,76514770399,Retail,107.6,,,,,,,
2015-09-30,Australia Post MySuper,Large employer,AMP Superannuation Savings Trust,76514770399,Retail,65.6,,,,,,,
2015-09-30,Brookfield Australia MySuper,Large employer,AMP Superannuation Savings Trust,76514770399,Retail,73.8,3.50,Medium to high,265.00,7.0,,,10.0
2015-09-30,CCA MySuper,Large employer,AMP Superannuation Savings Trust,76514770399,Retail,273.3,,,,,,,
2015-09-30,Macquarie Group MySuper,Large employer,AMP Superannuation Savings Trust,76514770399,Retail,243.2,3.00,Medium,395.00,,,,12.5
2015-09-30,Woolworths Group MySuper,Large employer,AMP Superannuation Savings Trust,76514770399,Retail,2393.0,3.50,Medium to high,306.00,6.5,3.0,,6.5
2015-09-30,ANZ Staff MySuper,Generic,ANZ Australian Staff Superannuation Scheme,83810127567,Corporate,1582.6,5.00,High,290.00,10.0,6.0,,8.0
2015-09-30,Asgard Employee MySuper,Generic,ASGARD Independence Plan Division Two,90194410365,Retail,578.0,,,,,,,
2015-09-30,MySuper Balanced,Generic,Australian Catholic Superannuation and Retirement Fund,24680629023,Industry,3937.0,3.00,Medium to high,503.00,10.0,10.0,,11.0
2015-09-30,Balanced (accumulation),Generic,Australian Ethical Retail Superannuation Fund,49633667743,Retail,326.0,3.50,Medium to high,822.00,10.0,5.0,,
2015-09-30,AMIST MySuper,Generic,Australian Meat Industry Superannuation Trust,28342064803,Industry,1318.9,2.00,Medium to high,379.00,15.0,5.0,,5.0
2015-09-30,QSuper Lifetime,Generic,Australian Retirement Trust,60905115063,Public Sector,28587.7,,,,,,,
2015-09-30,AustralianSuper MySuper,Generic,AustralianSuper,65714394898,Industry,63919.6,3.90,High,363.00,9.0,10.0,,
2015-09-30,IBM Super Plan MySuper,Large employer,AustralianSuper,65714394898,Industry,563.8,3.70,High,415.00,9.0,13.0,,
2015-09-30,Komatsu Super Plan MySuper,Large employer,AustralianSuper,65714394898,Industry,72.0,3.70,High,412.00,9.0,13.0,,
2015-09-30,MySuper (Balanced),Generic,Austsafe Superannuation Fund,92398191503,Industry,1596.8,4.40,High,451.00,10.0,9.0,,6.0
2015-09-30,AvSuper Growth (MySuper),Generic,AvSuper Fund,84421446069,Public Sector,464.7,4.50,Medium to high,560.00,10.0,5.0,,2.5
2015-09-30,MySuper Lifecycle,Generic,Aware Super,53226460365,Public Sector,35879.8,,,,,,,
2015-09-30,Betros MySuper,Generic,Betros Bros Superannuation Fund No 2,36338171504,Corporate,1.9,3.80,Medium to high,530.00,5.0,0.0,,0.0
2015-09-30,MySuper Default Option,Generic,BHP Billiton Superannuation Fund,30187082512,Retail,393.7,3.50,Medium to high,540.00,4.0,,,4.0
2015-09-30,BOC MySuper,Generic,Boc Gases Superannuation Fund,49620344668,Corporate,364.3,3.60,High,598.00,11.0,9.0,,5.0
2015-09-30,BUSSQ MySuper,Generic,Building Unions Superannuation Scheme (Queensland),85571332201,Industry,2486.9,4.00,Medium,618.00,12.0,12.0,3.0,
2015-09-30,CareSuper,Generic,Care Super,98172275725,Industry,7565.3,5.00,Medium to high,603.00,12.0,7.0,,
2015-09-30,My Ethical Super,Generic,Christian Super,66628776348,Industry,595.1,3.13,High,650.00,9.9,4.5,,2.5
2015-09-30,Club Plus Super _ MySuper,Generic,Club Plus Superannuation Scheme,95275115088,Industry,1859.3,2.76,Medium to high,373.60,7.0,6.0,,12.0
2015-09-30,Club MySuper,Generic,Club Super,12737334298,Industry,387.2,3.60,High,646.00,10.0,10.0,,10.0
2015-09-30,FirstChoice Employer Super,Generic,Colonial First State FirstChoice Superannuation Trust,26458298557,Retail,2698.0,,,,,,,
2015-09-30,Combined Fund MySuper,Generic,Combined Super Fund,46921400504,Industry,314.1,3.00,Medium to high,584.00,10.0,7.0,,25.0
2015-09-30,Accumulate Plus Balanced,Generic,Commonwealth Bank Group Super,24248426878,Corporate,4006.1,2.60,High,348.65,12.0,5.0,,
2015-09-30,MySuper Balanced,Generic,Concept One The Industry Superannuation Fund,21059451252,Industry,390.1,3.00,Medium to high,576.00,10.0,,,10.0
2015-09-30,Growth (Cbus MySuper),Generic,CONSTRUCTION AND BUILDING UNIONS SUPERANNUATION FUND,75493363262,Industry,27254.8,5.00,Medium to high,483.00,12.5,10.0,,4.0
2015-09-30,Active Balanced,Generic,DuluxGroup Employees Superannuation Fund,91132102426,Retail,25.2,2.60,Medium to high,525.00,13.0,5.0,,6.0
2015-09-30,Balanced,Generic,Elphinstone Group Superannuation Fund,77408077215,Corporate,48.0,3.00,High,677.00,1.8,,,
2015-09-30,EmPlus MySuper,Generic,EmPlus Superannuation Fund,18838658991,Retail,19.8,4.00,Medium to high,522.80,9.0,,,
2015-09-30,Balanced (MySuper),Generic,Energy Industries Superannuation Scheme-Pool A,22277243559,Public Sector,1030.3,3.00,Medium,315.00,5.0,4.0,,25.0
2015-09-30,MySuper,Generic,Energy Super,33761363685,Industry,1521.4,4.15,Medium to high,427.00,10.0,5.0,,10.0
2015-09-30,Equipsuper MySuper,Generic,equipsuper,33813823017,Industry,1884.7,3.50,Medium,543.00,10.0,3.0,0.0,4.0
2015-09-30,MyEquitySuper,Generic,EquitySuper,38531644711,Retail,51.0,3.50,Medium to high,673.00,14.0,,0.0,
2015-09-30,Essential Super,Generic,Essential Super,56601925435,Retail,959.9,,,,,,,
2015-09-30,First Super MySuper,Generic,First Super,56286625181,Industry,1992.8,3.50,Medium,443.00,10.0,10.0,,2.0
2015-09-30,Goldman Sachs & JBWere Superannuation Fund_MySuper Product,Generic,Goldman Sachs & JBWere Superannuation Fund,55697537183,Corporate,331.2,4.00,Very high,805.00,,,,0.0
2015-09-30,Guild Retirement Fund (MySuper),Generic,Guild Retirement Fund,22599554834,Retail,790.9,,,,,,,
2015-09-30,HESTA MySuper,Generic,HESTA,64971749321,Industry,26566.6,5.60,Medium to high,480.00,10.0,13.0,,4.0
2015-09-30,Balanced option,Generic,HOSTPLUS Superannuation Fund,68657495890,Industry,16019.5,3.50,High,538.00,15.0,10.0,0.0,5.0
2015-09-30,MySuper,Generic,IAG & NRMA Superannuation Plan,58244115920,Corporate,1143.3,4.30,Medium to high,497.00,10.0,,,5.0
2015-09-30,Active Balanced,Generic,Incitec Pivot Employees Superannuation Fund,68569795856,Retail,54.5,2.60,Medium to high,530.00,13.0,5.0,,6.0
2015-09-30,Intrust MySuper,Generic,Intrust Super Fund,65704511371,Industry,1322.4,5.00,Medium to high,518.00,10.0,,,18.0
2015-09-30,IOOF MySuper,Generic,IOOF Portfolio Service Superannuation Fund,70815369818,Retail,1161.0,3.00,Medium to high,542.00,10.0,1.5,,2.0
2015-09-30,Kinetic Super _ Growth (MySuper),Generic,Kinetic Superannuation Fund,78984178687,Industry,2485.3,2.90,High,438.40,9.9,6.9,,5.1
2015-09-30,MySuper Balanced,Generic,Labour Union Co-Operative Retirement Fund,26382680883,Industry,3806.2,3.80,Medium to high,423.00,11.0,4.0,,22.0
2015-09-30,MySuper Balanced,Generic,legalsuper,60346078879,Industry,1235.3,3.49,Medium to high,557.60,12.0,3.0,,
2015-09-30,LESF MySuper,Generic,LESF Super,13704288646,Retail,75.8,3.00,High,665.00,,,,
2015-09-30,LGIASuper MySuper Lifecycle,Generic,LGIAsuper,23053121564,Public Sector,5484.1,,,,,,,
2015-09-30,Vision MySuper,Generic,Local Authorities Superannuation Fund,24496637884,Public Sector,2897.9,4.00,Medium to high,533.00,11.3,11.0,,
2015-09-30,MySuper Age-Based Investment Strategy,Generic,Local Government Superannuation Scheme - Pool A,74925979278,Public Sector,2533.2,,,,,,,
2015-09-30,Balanced Option_MySuper Compliant,Generic,Lutheran Super,93371348387,Corporate,211.6,4.92,Medium to high,456.00,5.0,,,15.0
2015-09-30,Moderate investment option,Generic,Maritime Super,77455663441,Industry,209.3,3.50,Medium,558.00,6.0,4.0,,8.0
2015-09-30,max Super MySuper,Generic,Max Super Fund,22508720840,Retail,3.2,4.00,Medium to high,562.50,12.0,,,
2015-09-30,MIESF MySuper,Generic,Meat Industry Employees Superannuation Fund,17317520544,Industry,665.9,2.50,Medium,310.00,20.0,10.0,,
2015-09-30,Balanced investment option (accumulation),Generic,Media Super,42574421650,Industry,2771.9,5.00,Medium to high,432.00,10.0,10.0,,10.0
2015-09-30,Mercer Santos MySuper,Large employer,Mercer Super Trust,19905422981,Retail,176.8,4.30,Medium,454.76,7.0,8.0,2.0,5.0
2015-09-30,Mercer SmartPath,Generic,Mercer Super Trust,19905422981,Retail,3701.6,,,,,,,
2015-09-30,Mercer WGSP MySuper,Large employer,Mercer Super Trust,19905422981,Retail,1381.2,,,,,,,
2015-09-30,MySuper Balanced,Generic,Mercy Super,11789425178,Corporate,668.3,5.25,Medium,532.20,12.0,12.0,,6.0
2015-09-30,Default Lifecycle,Generic,Mine Superannuation Fund,16457520308,Industry,5765.9,,,,,,,
2015-09-30,MyCatholicSuper,Generic,MyLifeMyMoney Superannuation Fund,50237896957,Industry,3707.1,4.20,Medium to high,519.00,8.0,6.0,,13.0
2015-09-30,NABGSF MySuper,Generic,National Australia Bank Group Superannuation Fund A,59929570050,Retail,1803.8,3.50,High,586.00,12.0,3.5,,4.0
2015-09-30,Nationwide MySuper,Generic,Nationwide Superannuation Fund,15201768813,Industry,483.9,3.00,Medium to high,625.00,10.0,7.0,,5.0
2015-09-30,NESS MySuper,Generic,NESS Super,72229227691,Industry,492.3,3.00,Medium to high,502.00,10.0,4.2,,3.0
2015-09-30,Diversified (MySuper),Generic,NGS Super,73549180515,Industry,4270.2,3.00,Medium to high,425.00,5.0,5.0,,15.0
2015-09-30,ANZ Smart Choice Super,Generic,OnePath Masterfund,53789980697,Retail,2609.4,,,,,,,
2015-09-30,ANZ Smart Choice Super_For QBE Management Services PTY LTD and their employees,Large employer,OnePath Masterfund,53789980697,Retail,92.6,,,,,,,
2015-09-30,MySuper Passive Balanced,Generic,OneSuper,43905581638,Retail,7.5,2.00,Medium,636.00,4.0,,,
2015-09-30,Perpetual MySuper,Generic,Perpetual's Select Superannuation Fund,51068260563,Retail,45.1,3.00,Medium to high,685.00,6.0,0.0,0.0,15.0
2015-09-30,Pitcher Retirement Plan MySuper,Generic,Pitcher Retirement Plan,15828677472,Corporate,29.7,2.40,Medium,978.00,9.0,4.0,,
2015-09-30,Plum MySuper,Generic,Plum Superannuation Fund,20339905340,Retail,1398.3,3.50,Medium to high,620.00,4.0,,,4.0
2015-09-30,MySuper,Generic,Prime Super,60562335823,Industry,2629.2,4.50,Medium to high,778.00,10.0,13.0,,0.0
2015-09-30,PSSap MySuper Balanced,Generic,Public Sector Superannuation Accumulation Plan,65127917725,Public Sector,7220.9,3.50,Medium to high,445.00,10.0,1.0,,15.0
2015-09-30,Glidepath,Generic,Qantas Superannuation Plan,41272198829,Corporate,894.0,3.50,Medium to high,577.00,5.0,5.0,,10.0
2015-09-30,Quadrant MyChoices_MySuper Investment Option,Generic,Quadrant Superannuation Scheme,12727521796,Industry,102.9,4.00,Medium,665.00,8.7,6.1,,0.1
2015-09-30,QIEC MySuper,Generic,Queensland Independent Education & Care Superannuation Trust,15549636673,Industry,926.1,4.17,High,566.00,12.0,12.0,,7.0
2015-09-30,Balanced,Generic,Rei Super,76641658449,Industry,973.1,4.50,Medium to high,425.80,14.0,4.0,,0.0
2015-09-30,REST Super,Generic,Retail Employees Superannuation Trust,62653671394,Industry,34523.7,4.70,Medium to high,437.20,11.0,6.0,1.0,10.0
2015-09-30,BT Super MySuper,Generic,Retirement Wrap,39827542991,Retail,5595.2,,,,,,,
2015-09-30,Westpac Group Plan MySuper,Large employer,Retirement Wrap,39827542991,Retail,790.0,,,,,,,
2015-09-30,Rio Tinto Fund Growth Option (MySuperProduct),Generic,Rio Tinto Staff Superannuation Fund,98438661856,Corporate,2751.1,4.20,High,466.00,10.0,6.0,,3.5
2015-09-30,General Division,Generic,Russell Investments Master Trust,89384753567,Retail,916.6,4.00,Medium to high,651.00,6.0,6.2,0.5,4.5
2015-09-30,smartMonday Lifecycle,Generic,Smart Future Trust,68964712340,Retail,809.6,,,,,,,
2015-09-30,Balanced (MySuper),Generic,Spirit Super,74559365913,Industry,7258.3,4.20,Medium to high,418.20,9.0,15.0,,0.0
2015-09-30,Suncorp Lifestage Funds,Generic,SPSL Master Trust,98350952022,Retail,474.6,,,,,,,
2015-09-30,Statewide MySuper,Generic,Statewide Superannuation Trust,54145196298,Industry,3529.5,4.00,High,448.00,10.0,10.0,,
2015-09-30,Sunsuper for Life,Generic,Sunsuper Superannuation Fund,98503137921,Industry,21942.8,,,,,,,
2015-09-30,Tasplan MySuper,Generic,Tasplan Superannuation Fund,14602032302,Industry,2024.8,3.67,Medium,498.00,11.5,6.5,,8.0
2015-09-30,Telstra Super MySuper,Generic,Telstra Superannuation Scheme,85502108833,Corporate,5405.4,,,,,,,
2015-09-30,Bendigo MySuper,Generic,The Bendigo Superannuation Plan,57526653420,Retail,107.5,,,,,,,
2015-09-30,MySuper MyLife,Generic,The Executive Superannuation Fund,60998717367,Retail,509.7,3.00,Medium,539.00,7.0,,,10.0
2015-09-30,FlexibleSuper Active Balanced,Generic,The Flexible Benefits Super Fund,17029067264,Retail,199.5,2.80,Medium to high,418.00,13.0,5.0,,6.0
2015-09-30,TIS MySuper,Generic,The Transport Industry Superannuation Fund,68564370287,Industry,113.9,4.00,Medium to high,909.00,15.0,,,10.0
2015-09-30,MLC MySuper,Generic,The Universal Super Scheme,44928361101,Retail,2739.1,3.50,Medium to high,623.00,4.0,,,4.0
2015-09-30,VISSF Balanced Option (MySuper Product),Generic,The Victorian Independent Schools Superannuation Fund,37024873660,Industry,321.5,3.00,High,457.00,5.0,3.0,,
2015-09-30,MySuper Growth,Generic,Toyota Australia Superannuation Plan,38463889442,Corporate,118.9,4.00,Medium to high,486.00,10.0,2.0,,7.0
2015-09-30,MySuper Growth,Generic,Toyota Super,58208377062,Corporate,150.0,4.00,Medium to high,495.00,10.0,2.0,,7.0
2015-09-30,Balanced (MySuper),Generic,TWU Superannuation Fund,77343563307,Industry,3731.7,4.49,Medium to high,623.00,9.0,8.0,,6.0
2015-09-30,UniSuper Balanced,Generic,Unisuper,91385943850,Industry,11902.4,4.80,High,375.00,9.0,2.5,,
2015-09-30,Balanced,Generic,United Technologies Corporation Retirement Plan,33227241196,Retail,53.1,2.60,Medium to high,520.00,10.0,,,20.0
2015-09-30,Growth (MySuper),Generic,Victorian Superannuation Fund,85977964496,Public Sector,8427.4,4.60,Medium to high,463.00,8.7,4.5,,
2015-09-30,Virgin Super Essentials,Generic,Virgin Superannuation,88436608094,Retail,243.1,,,,,,,
2015-09-30,My WA Super,Generic,WA Local Government Superannuation Plan,18159499614,Public Sector,645.6,3.00,Medium,593.00,7.4,9.5,,16.0
2015-09-30,Growth (MySuper),Generic,Water Corporation Superannuation Plan,16095780345,Corporate,246.1,4.00,Medium to high,567.00,5.0,,,5.0
2015-09-30,BT Business MySuper,Generic,Westpac Mastertrust - Superannuation Division,81236903448,Retail,798.4,,,,,,,
2015-09-30,MySuper WASF Default Option,Generic,Worsley Alumina Superannuation Fund,51469547458,Retail,30.4,3.50,Medium to high,349.00,4.0,,,4.0
2015-06-30,AMG MySuper,Generic,AMG Super,30099320583,Retail,21.6,3.00,High,560.00,10.0,,,
2015-06-30,AMP MySuper No.1,Generic,AMP Retirement Trust,73310248809,Retail,215.9,4.00,Medium to high,426.00,5.0,5.0,,
2015-06-30,AMP MySuper No.3,Generic,AMP Super Fund,78421957449,Retail,180.1,,,,,,,
2015-06-30,AFLPA & AFL Industry MySuper,Large employer,AMP Superannuation Savings Trust,76514770399,Retail,22.5,,,,,,,
2015-06-30,AMP MySuper No.2,Generic,AMP Superannuation Savings Trust,76514770399,Retail,2527.6,,,,,,,
2015-06-30,Anglican National MySuper,Large employer,AMP Superannuation Savings Trust,76514770399,Retail,108.3,,,,,,,
2015-06-30,Australia Post MySuper,Large employer,AMP Superannuation Savings Trust,76514770399,Retail,42.7,,,,,,,
2015-06-30,Brookfield Australia MySuper,Large employer,AMP Superannuation Savings Trust,76514770399,Retail,71.4,3.50,Medium to high,265.00,7.0,,,10.0
2015-06-30,CCA MySuper,Large employer,AMP Superannuation Savings Trust,76514770399,Retail,274.6,,,,,,,
2015-06-30,Macquarie Group MySuper,Large employer,AMP Superannuation Savings Trust,76514770399,Retail,243.5,3.00,Medium to high,395.00,,,,12.5
2015-06-30,Woolworths Group MySuper,Large employer,AMP Superannuation Savings Trust,76514770399,Retail,2422.6,3.50,Medium to high,310.00,6.5,3.0,,7.5
2015-06-30,ANZ Staff MySuper,Generic,ANZ Australian Staff Superannuation Scheme,83810127567,Corporate,1304.6,5.00,High,290.00,10.0,6.0,,8.0
2015-06-30,Asgard Employee MySuper,Generic,ASGARD Independence Plan Division Two,90194410365,Retail,530.8,,,,,,,
2015-06-30,MySuper Balanced,Generic,Australian Catholic Superannuation and Retirement Fund,24680629023,Industry,4108.8,3.70,Medium to high,488.00,10.0,10.0,,11.0
2015-06-30,Balanced (accumulation),Generic,Australian Ethical Retail Superannuation Fund,49633667743,Retail,305.7,3.50,Medium to high,982.00,12.5,,,
2015-06-30,AMIST MySuper,Generic,Australian Meat Industry Superannuation Trust,28342064803,Industry,1470.8,2.00,Medium to high,399.00,15.0,5.0,,5.0
2015-06-30,QSuper Lifetime,Generic,Australian Retirement Trust,60905115063,Public Sector,27972.3,,,,,,,
2015-06-30,AustralianSuper MySuper,Generic,AustralianSuper,65714394898,Industry,63644.2,3.86,High,373.00,9.0,13.0,,
2015-06-30,IBM Super Plan MySuper,Large employer,AustralianSuper,65714394898,Industry,587.0,3.74,High,423.00,9.0,13.0,,
2015-06-30,Komatsu Super Plan MySuper,Large employer,AustralianSuper,65714394898,Industry,74.1,3.74,High,422.00,9.0,13.0,,
2015-06-30,MySuper (Balanced),Generic,Austsafe Superannuation Fund,92398191503,Industry,1621.9,4.38,High,451.00,10.0,9.0,,6.0
2015-06-30,AvSuper Growth (MySuper),Generic,AvSuper Fund,84421446069,Public Sector,472.7,4.50,Medium to high,559.80,10.0,5.0,,2.5
2015-06-30,MySuper Lifecycle,Generic,Aware Super,53226460365,Public Sector,35679.1,,,,,,,
2015-06-30,Betros MySuper,Generic,Betros Bros Superannuation Fund No 2,36338171504,Corporate,1.9,4.10,Medium to high,550.00,5.0,0.0,,0.0
2015-06-30,MySuper Default Option,Generic,BHP Billiton Superannuation Fund,30187082512,Retail,355.0,3.50,Medium to high,500.00,4.0,,,4.0
2015-06-30,BOC MySuper,Generic,Boc Gases Superannuation Fund,49620344668,Corporate,385.3,3.60,High,566.00,11.0,9.0,,5.0
2015-06-30,BUSSQ MySuper,Generic,Building Unions Superannuation Scheme (Queensland),85571332201,Industry,2495.3,4.00,Medium,756.00,12.0,12.0,3.0,
2015-06-30,CareSuper,Generic,Care Super,98172275725,Industry,7659.0,5.00,Medium to high,638.00,12.0,7.0,,
2015-06-30,My Ethical Super,Generic,Christian Super,66628776348,Industry,602.0,3.13,High,558.00,10.0,4.7,,2.7
2015-06-30,Club Plus Super _ MySuper,Generic,Club Plus Superannuation Scheme,95275115088,Industry,1899.6,2.77,Medium to high,363.20,12.0,6.0,,12.0
2015-06-30,Club MySuper,Generic,Club Super,12737334298,Industry,388.9,3.14,High,581.00,10.0,10.0,0.0,10.0
2015-06-30,FirstChoice Employer Super,Generic,Colonial First State FirstChoice Superannuation Trust,26458298557,Retail,2555.5,,,,,,,
2015-06-30,Combined Fund MySuper,Generic,Combined Super Fund,46921400504,Industry,327.1,3.00,Medium to high,584.00,10.0,7.0,,25.0
2015-06-30,Accumulate Plus Balanced,Generic,Commonwealth Bank Group Super,24248426878,Corporate,3966.9,3.20,High,420.34,12.0,5.0,,
2015-06-30,MySuper Balanced,Generic,Concept One The Industry Superannuation Fund,21059451252,Industry,398.6,3.00,Medium,563.00,10.0,,,10.0
2015-06-30,Growth (Cbus MySuper),Generic,CONSTRUCTION AND BUILDING UNIONS SUPERANNUATION FUND,75493363262,Industry,27454.1,5.00,Medium to high,553.00,12.5,10.0,,4.0
2015-06-30,Active Balanced,Generic,DuluxGroup Employees Superannuation Fund,91132102426,Retail,24.9,2.60,Medium to high,523.00,13.0,5.0,,6.0
2015-06-30,Balanced,Generic,Elphinstone Group Superannuation Fund,77408077215,Corporate,49.7,3.00,High,677.00,1.8,,,
2015-06-30,EmPlus MySuper,Generic,EmPlus Superannuation Fund,18838658991,Retail,13.2,4.00,High,516.00,9.0,,,
2015-06-30,Balanced (MySuper),Generic,Energy Industries Superannuation Scheme-Pool A,22277243559,Public Sector,1052.2,3.00,Medium,315.00,5.0,4.0,,25.0
2015-06-30,MySuper,Generic,Energy Super,33761363685,Industry,1548.2,3.00,Medium to high,447.00,10.0,5.0,,10.0
2015-06-30,Equipsuper MySuper,Generic,equipsuper,33813823017,Industry,1910.8,3.50,Medium,543.00,10.0,3.0,0.0,
2015-06-30,MyEquitySuper,Generic,EquitySuper,38531644711,Retail,45.7,3.50,Medium to high,673.00,13.0,,0.0,11.0
2015-06-30,Essential Super,Generic,Essential Super,56601925435,Retail,887.9,,,,,,,
2015-06-30,First Super MySuper,Generic,First Super,56286625181,Industry,1905.1,3.50,Medium,443.00,10.0,10.0,,
2015-06-30,Goldman Sachs & JBWere Superannuation Fund_MySuper Product,Generic,Goldman Sachs & JBWere Superannuation Fund,55697537183,Corporate,318.7,4.00,Very high,915.00,,,,0.0
2015-06-30,Guild Retirement Fund (MySuper),Generic,Guild Retirement Fund,22599554834,Retail,774.1,,,,,,,
2015-06-30,HESTA MySuper,Generic,HESTA,64971749321,Industry,26806.8,5.40,Medium to high,475.00,10.0,13.0,0.0,4.0
2015-06-30,Balanced option,Generic,HOSTPLUS Superannuation Fund,68657495890,Industry,16145.1,3.50,High,583.00,15.0,10.0,0.0,3.0
2015-06-30,MySuper,Generic,IAG & NRMA Superannuation Plan,58244115920,Corporate,1166.0,4.30,Medium to high,537.00,10.0,,,5.0
2015-06-30,Active Balanced,Generic,Incitec Pivot Employees Superannuation Fund,68569795856,Retail,56.3,2.60,Medium to high,520.00,13.0,5.0,,6.0
2015-06-30,Intrust MySuper,Generic,Intrust Super Fund,65704511371,Industry,1344.9,5.00,Medium to high,533.00,10.0,,,18.0
2015-06-30,IOOF MySuper,Generic,IOOF Portfolio Service Superannuation Fund,70815369818,Retail,301.7,2.50,Medium to high,542.00,10.0,5.0,,
2015-06-30,Kinetic Super _ Growth (MySuper),Generic,Kinetic Superannuation Fund,78984178687,Industry,2531.9,2.90,Medium to high,438.40,10.1,7.4,,4.1
2015-06-30,MySuper Balanced,Generic,Labour Union Co-Operative Retirement Fund,26382680883,Industry,3939.8,3.84,Medium to high,423.00,11.0,4.0,,22.0
2015-06-30,MySuper Balanced,Generic,legalsuper,60346078879,Industry,1208.1,3.49,Medium to high,557.60,12.0,3.0,,
2015-06-30,LESF MySuper,Generic,LESF Super,13704288646,Retail,77.1,3.00,High,665.00,,,,0.0
2015-06-30,LGIASuper MySuper Lifecycle,Generic,LGIAsuper,23053121564,Public Sector,5526.4,,,,,,,
2015-06-30,Vision MySuper,Generic,Local Authorities Superannuation Fund,24496637884,Public Sector,2931.8,4.00,Medium to high,533.00,11.3,11.0,,
2015-06-30,MySuper Age-Based Investment Strategy,Generic,Local Government Superannuation Scheme - Pool A,74925979278,Public Sector,2554.1,,,,,,,
2015-06-30,Balanced Option_MySuper Compliant,Generic,Lutheran Super,93371348387,Corporate,220.2,4.80,Medium to high,417.00,5.0,,,15.0
2015-06-30,Moderate investment option,Generic,Maritime Super,77455663441,Industry,202.4,3.50,Medium,538.00,6.0,4.0,,8.0
2015-06-30,max Super MySuper,Generic,Max Super Fund,22508720840,Retail,2.9,4.00,Medium to high,500.00,12.0,,,
2015-06-30,MIESF MySuper,Generic,Meat Industry Employees Superannuation Fund,17317520544,Industry,684.2,2.50,Medium,335.00,20.0,10.0,,
2015-06-30,Balanced investment option (accumulation),Generic,Media Super,42574421650,Industry,2834.2,5.50,Medium to high,442.00,10.0,10.0,,10.0
2015-06-30,Mercer Santos MySuper,Large employer,Mercer Super Trust,19905422981,Retail,168.9,4.30,Medium,446.76,7.0,8.0,2.0,5.0
2015-06-30,Mercer SmartPath,Generic,Mercer Super Trust,19905422981,Retail,3435.2,,,,,,,
2015-06-30,Mercer WGSP MySuper,Large employer,Mercer Super Trust,19905422981,Retail,1346.4,,,,,,,
2015-06-30,MySuper Balanced,Generic,Mercy Super,11789425178,Corporate,676.1,5.25,Medium,628.00,12.0,12.0,,
2015-06-30,Default Lifecycle,Generic,Mine Superannuation Fund,16457520308,Industry,5881.4,,,,,,,
2015-06-30,MyCatholicSuper,Generic,MyLifeMyMoney Superannuation Fund,50237896957,Industry,3784.5,4.20,Medium to high,519.00,8.0,6.0,,13.0
2015-06-30,NABGSF MySuper,Generic,National Australia Bank Group Superannuation Fund A,59929570050,Retail,1844.6,3.50,High,586.00,12.0,4.0,,4.0
2015-06-30,Nationwide MySuper,Generic,Nationwide Superannuation Fund,15201768813,Industry,500.4,3.00,Medium to high,783.00,10.0,7.0,,5.0
2015-06-30,NESS MySuper,Generic,NESS Super,72229227691,Industry,503.8,3.00,Medium to high,502.00,10.0,4.2,,3.0
2015-06-30,Diversified (MySuper),Generic,NGS Super,73549180515,Industry,4335.9,3.00,Medium to high,515.00,7.0,7.0,,5.0
2015-06-30,ANZ Smart Choice Super,Generic,OnePath Masterfund,53789980697,Retail,2346.1,,,,,,,
2015-06-30,ANZ Smart Choice Super_For QBE Management Services PTY LTD and their employees,Large employer,OnePath Masterfund,53789980697,Retail,83.0,,,,,,,
2015-06-30,MySuper Passive Balanced,Generic,OneSuper,43905581638,Retail,6.7,4.70,Medium to high,592.00,4.0,,,
2015-06-30,Perpetual MySuper,Generic,Perpetual's Select Superannuation Fund,51068260563,Retail,43.8,3.00,Medium to high,685.00,6.0,0.0,0.0,15.0
2015-06-30,Pitcher Retirement Plan MySuper,Generic,Pitcher Retirement Plan,15828677472,Corporate,29.1,2.40,Medium to high,1083.00,9.0,4.0,,
2015-06-30,Plum MySuper,Generic,Plum Superannuation Fund,20339905340,Retail,1246.5,3.50,Medium to high,620.00,4.0,,,4.0
2015-06-30,MySuper,Generic,Prime Super,60562335823,Industry,2643.8,3.00,Medium to high,623.00,11.5,15.0,,0.0
2015-06-30,PSSap MySuper Balanced,Generic,Public Sector Superannuation Accumulation Plan,65127917725,Public Sector,7022.7,3.50,Medium to high,385.00,13.0,2.0,,14.0
2015-06-30,Glidepath,Generic,Qantas Superannuation Plan,41272198829,Corporate,170.9,3.50,Medium to high,600.00,5.0,5.0,,10.0
2015-06-30,Quadrant MyChoices_MySuper Investment Option,Generic,Quadrant Superannuation Scheme,12727521796,Industry,103.4,4.00,Medium,620.00,8.4,5.8,,0.1
2015-06-30,QIEC MySuper,Generic,Queensland Independent Education & Care Superannuation Trust,15549636673,Industry,928.8,3.98,High,561.00,12.0,12.0,,7.0
2015-06-30,Balanced,Generic,Rei Super,76641658449,Industry,988.5,4.50,Medium to high,461.00,14.0,3.0,,0.0
2015-06-30,REST Super,Generic,Retail Employees Superannuation Trust,62653671394,Industry,34738.2,4.70,Medium to high,457.20,11.0,6.0,1.0,9.0
2015-06-30,BT Super MySuper,Generic,Retirement Wrap,39827542991,Retail,5470.0,,,,,,,
2015-06-30,Westpac Group Plan MySuper,Large employer,Retirement Wrap,39827542991,Retail,763.2,,,,,,,
2015-06-30,Rio Tinto Fund Growth Option (MySuperProduct),Generic,Rio Tinto Staff Superannuation Fund,98438661856,Corporate,2819.7,4.20,High,501.00,7.0,5.0,,2.5
2015-06-30,General Division,Generic,Russell Investments Master Trust,89384753567,Retail,925.4,4.00,Medium to high,710.00,5.5,5.9,0.5,2.5
2015-06-30,smartMonday Lifecycle,Generic,Smart Future Trust,68964712340,Retail,814.2,,,,,,,
2015-06-30,Balanced (MySuper),Generic,Spirit Super,74559365913,Industry,7326.3,4.68,Medium to high,418.00,9.0,15.0,,0.0
2015-06-30,Suncorp Lifestage Funds,Generic,SPSL Master Trust,98350952022,Retail,422.1,,,,,,,
2015-06-30,Statewide MySuper,Generic,Statewide Superannuation Trust,54145196298,Industry,3540.2,4.00,High,468.00,10.0,10.0,,
2015-06-30,Sunsuper for Life,Generic,Sunsuper Superannuation Fund,98503137921,Industry,21343.2,,,,,,,
2015-06-30,Tasplan MySuper,Generic,Tasplan Superannuation Fund,14602032302,Industry,2045.2,4.29,Medium,523.00,10.0,5.0,,11.0
2015-06-30,Telstra Super MySuper,Generic,Telstra Superannuation Scheme,85502108833,Corporate,5407.3,,,,,,,
2015-06-30,Bendigo MySuper,Generic,The Bendigo Superannuation Plan,57526653420,Retail,100.1,,,,,,,
2015-06-30,MySuper MyLife,Generic,The Executive Superannuation Fund,60998717367,Retail,517.9,3.00,Medium to high,539.00,7.0,,,10.0
2015-06-30,FlexibleSuper Active Balanced,Generic,The Flexible Benefits Super Fund,17029067264,Retail,205.2,2.70,Medium to high,462.00,13.0,5.0,,6.0
2015-06-30,TIS MySuper,Generic,The Transport Industry Superannuation Fund,68564370287,Industry,112.6,4.00,Medium to high,850.00,15.0,,,10.0
2015-06-30,MLC MySuper,Generic,The Universal Super Scheme,44928361101,Retail,2496.4,3.50,Medium to high,583.00,4.0,,,4.0
2015-06-30,VISSF Balanced Option (MySuper Product),Generic,The Victorian Independent Schools Superannuation Fund,37024873660,Industry,323.7,3.00,High,462.00,5.0,3.0,,
2015-06-30,MySuper Growth,Generic,Toyota Australia Superannuation Plan,38463889442,Corporate,121.2,4.00,Medium to high,484.00,10.0,2.0,,7.0
2015-06-30,MySuper Growth,Generic,Toyota Super,58208377062,Corporate,161.8,3.90,Medium to high,494.00,10.0,2.0,,7.0
2015-06-30,Balanced (MySuper),Generic,TWU Superannuation Fund,77343563307,Industry,3831.1,4.37,Medium to high,613.00,9.0,8.0,,6.0
2015-06-30,UniSuper Balanced,Generic,Unisuper,91385943850,Industry,12071.7,4.80,High,420.00,9.0,2.5,,
2015-06-30,Balanced,Generic,United Technologies Corporation Retirement Plan,33227241196,Retail,56.6,2.60,Medium to high,520.00,10.0,,,20.0
2015-06-30,Growth (MySuper),Generic,Victorian Superannuation Fund,85977964496,Public Sector,8442.9,4.80,Medium to high,463.00,7.0,6.0,,2.0
2015-06-30,Virgin Super Essentials,Generic,Virgin Superannuation,88436608094,Retail,250.4,,,,,,,
2015-06-30,My WA Super,Generic,WA Local Government Superannuation Plan,18159499614,Public Sector,641.7,3.00,Medium,538.00,7.0,10.0,,22.0
2015-06-30,Growth (MySuper),Generic,Water Corporation Superannuation Plan,16095780345,Corporate,255.0,4.00,Medium to high,527.00,5.0,,,5.0
2015-06-30,BT Business MySuper,Generic,Westpac Mastertrust - Superannuation Division,81236903448,Retail,723.6,,,,,,,
2015-06-30,MySuper WASF Default Option,Generic,Worsley Alumina Superannuation Fund,51469547458,Retail,26.0,4.00,Medium to high,309.00,4.0,,,4.0
2015-03-31,AMG MySuper,Generic,AMG Super,30099320583,Retail,12.4,3.00,High,560.00,10.0,,,
2015-03-31,AMP MySuper No.1,Generic,AMP Retirement Trust,73310248809,Retail,179.6,4.00,Medium to high,426.00,5.0,5.0,,
2015-03-31,AMP MySuper No.3,Generic,AMP Super Fund,78421957449,Retail,157.1,,,,,,,
2015-03-31,AFLPA & AFL Industry MySuper,Large employer,AMP Superannuation Savings Trust,76514770399,Retail,19.2,,,,,,,
2015-03-31,AMP MySuper No.2,Generic,AMP Superannuation Savings Trust,76514770399,Retail,2141.7,,,,,,,
2015-03-31,Anglican National MySuper,Large employer,AMP Superannuation Savings Trust,76514770399,Retail,109.4,,,,,,,
2015-03-31,Australia Post MySuper,Large employer,AMP Superannuation Savings Trust,76514770399,Retail,35.8,,,,,,,
2015-03-31,Brookfield Australia MySuper,Large employer,AMP Superannuation Savings Trust,76514770399,Retail,71.1,3.50,Medium to high,265.00,7.0,,,10.0
2015-03-31,CCA MySuper,Large employer,AMP Superannuation Savings Trust,76514770399,Retail,269.8,,,,,,,
2015-03-31,Macquarie Group MySuper,Large employer,AMP Superannuation Savings Trust,76514770399,Retail,238.5,3.00,Medium to high,395.00,,,,12.5
2015-03-31,Woolworths Group MySuper,Large employer,AMP Superannuation Savings Trust,76514770399,Retail,2438.8,3.50,Medium to high,310.00,6.5,3.0,,7.5
2015-03-31,ANZ Staff MySuper,Generic,ANZ Australian Staff Superannuation Scheme,83810127567,Corporate,1307.8,5.00,High,290.00,10.0,6.0,,8.0
2015-03-31,Asgard Employee MySuper,Generic,ASGARD Independence Plan Division Two,90194410365,Retail,484.7,,,,,,,
2015-03-31,MySuper Balanced,Generic,Australian Catholic Superannuation and Retirement Fund,24680629023,Industry,4135.8,3.70,Medium to high,488.00,10.0,10.0,,11.0
2015-03-31,Balanced (accumulation),Generic,Australian Ethical Retail Superannuation Fund,49633667743,Retail,301.1,3.50,Medium,982.00,10.0,5.0,,
2015-03-31,AMIST MySuper,Generic,Australian Meat Industry Superannuation Trust,28342064803,Industry,1327.9,2.00,Medium to high,399.00,15.0,5.0,,5.0
2015-03-31,QSuper Lifetime,Generic,Australian Retirement Trust,60905115063,Public Sector,28256.9,,,,,,,
2015-03-31,AustralianSuper MySuper,Generic,AustralianSuper,65714394898,Industry,56875.4,3.86,High,373.00,9.0,13.0,,
2015-03-31,IBM Super Plan MySuper,Large employer,AustralianSuper,65714394898,Industry,658.6,3.74,High,423.00,9.0,13.0,,
2015-03-31,Komatsu Super Plan MySuper,Large employer,AustralianSuper,65714394898,Industry,76.4,3.74,High,422.00,9.0,13.0,,
2015-03-31,MySuper (Balanced),Generic,Austsafe Superannuation Fund,92398191503,Industry,1637.7,4.38,High,451.00,10.0,9.0,,6.0
2015-03-31,AvSuper Growth (MySuper),Generic,AvSuper Fund,84421446069,Public Sector,478.5,4.50,Medium to high,559.80,10.0,5.0,,2.5
2015-03-31,MySuper Lifecycle,Generic,Aware Super,53226460365,Public Sector,36056.8,,,,,,,
2015-03-31,Betros MySuper,Generic,Betros Bros Superannuation Fund No 2,36338171504,Corporate,1.9,4.10,Medium to high,550.00,5.0,0.0,,0.0
2015-03-31,MySuper Default Option,Generic,BHP Billiton Superannuation Fund,30187082512,Retail,308.1,3.50,Medium to high,500.00,4.0,,,4.0
2015-03-31,BOC MySuper,Generic,Boc Gases Superannuation Fund,49620344668,Corporate,386.9,3.60,High,566.00,11.0,9.0,,5.0
2015-03-31,BUSSQ MySuper,Generic,Building Unions Superannuation Scheme (Queensland),85571332201,Industry,2488.3,4.00,Medium,756.00,12.0,12.0,3.0,
2015-03-31,CareSuper,Generic,Care Super,98172275725,Industry,7610.3,5.00,Medium to high,638.00,12.0,7.0,,
2015-03-31,My Ethical Super,Generic,Christian Super,66628776348,Industry,609.9,3.13,High,558.00,9.9,4.8,,2.7
2015-03-31,Club Plus Super _ MySuper,Generic,Club Plus Superannuation Scheme,95275115088,Industry,1792.6,2.77,Medium to high,363.20,12.0,6.0,,12.0
2015-03-31,Club MySuper,Generic,Club Super,12737334298,Industry,404.0,3.14,High,581.00,10.0,10.0,,10.0
2015-03-31,FirstChoice Employer Super,Generic,Colonial First State FirstChoice Superannuation Trust,26458298557,Retail,2345.3,,,,,,,
2015-03-31,Combined Fund MySuper,Generic,Combined Super Fund,46921400504,Industry,323.8,3.00,Medium to high,584.00,14.0,9.0,,7.0
2015-03-31,Accumulate Plus Balanced,Generic,Commonwealth Bank Group Super,24248426878,Corporate,3999.5,3.20,High,420.34,12.0,5.0,,
2015-03-31,MySuper Balanced,Generic,Concept One The Industry Superannuation Fund,21059451252,Industry,405.5,3.00,Medium,563.00,10.0,,,10.0
2015-03-31,Growth (Cbus MySuper),Generic,CONSTRUCTION AND BUILDING UNIONS SUPERANNUATION FUND,75493363262,Industry,27618.8,5.00,Medium to high,553.00,12.5,10.0,,4.0
2015-03-31,Active Balanced,Generic,DuluxGroup Employees Superannuation Fund,91132102426,Retail,24.3,2.60,Medium to high,523.00,13.0,5.0,,6.0
2015-03-31,Balanced,Generic,Elphinstone Group Superannuation Fund,77408077215,Corporate,51.9,3.00,High,677.00,1.8,,,
2015-03-31,EmPlus MySuper,Generic,EmPlus Superannuation Fund,18838658991,Retail,11.8,4.00,High,516.00,9.0,,,
2015-03-31,Balanced (MySuper),Generic,Energy Industries Superannuation Scheme-Pool A,22277243559,Public Sector,1064.7,3.00,Medium,315.00,5.0,4.0,,25.0
2015-03-31,MySuper,Generic,Energy Super,33761363685,Industry,1561.0,3.00,Medium to high,447.00,10.0,5.0,,10.0
2015-03-31,Equipsuper MySuper,Generic,equipsuper,33813823017,Industry,1930.6,3.50,Medium,543.00,10.0,3.0,0.0,4.0
2015-03-31,MyEquitySuper,Generic,EquitySuper,38531644711,Retail,38.8,3.50,Medium to high,673.00,13.0,,,11.0
2015-03-31,Essential Super,Generic,Essential Super,56601925435,Retail,780.8,,,,,,,
2015-03-31,First Super MySuper,Generic,First Super,56286625181,Industry,2031.7,3.50,Medium,443.00,10.0,10.0,,2.0
2015-03-31,Goldman Sachs & JBWere Superannuation Fund_MySuper Product,Generic,Goldman Sachs & JBWere Superannuation Fund,55697537183,Corporate,306.3,4.00,Very high,915.00,,,,0.0
2015-03-31,Guild Retirement Fund (MySuper),Generic,Guild Retirement Fund,22599554834,Retail,769.2,,,,,,,
2015-03-31,HESTA MySuper,Generic,HESTA,64971749321,Industry,26764.1,5.40,Medium to high,475.00,10.0,13.0,,4.0
2015-03-31,Balanced option,Generic,HOSTPLUS Superannuation Fund,68657495890,Industry,15969.2,3.50,High,583.00,15.0,10.0,0.0,3.0
2015-03-31,MySuper,Generic,IAG & NRMA Superannuation Plan,58244115920,Corporate,1208.7,4.30,Medium to high,537.00,10.0,,,5.0
2015-03-31,Active Balanced,Generic,Incitec Pivot Employees Superannuation Fund,68569795856,Retail,55.6,2.60,Medium to high,520.00,13.0,5.0,,6.0
2015-03-31,Intrust MySuper,Generic,Intrust Super Fund,65704511371,Industry,1356.3,5.00,Medium to high,533.00,10.0,,,18.0
2015-03-31,IOOF MySuper,Generic,IOOF Portfolio Service Superannuation Fund,70815369818,Retail,258.2,2.50,Medium to high,542.00,10.0,5.0,,
2015-03-31,Kinetic Super _ Growth (MySuper),Generic,Kinetic Superannuation Fund,78984178687,Industry,2549.4,3.60,Medium to high,413.40,10.1,7.4,,4.1
2015-03-31,MySuper Balanced,Generic,Labour Union Co-Operative Retirement Fund,26382680883,Industry,3939.8,3.84,Medium to high,423.00,11.0,4.0,,22.0
2015-03-31,MySuper Balanced,Generic,legalsuper,60346078879,Industry,1298.9,3.49,Medium to high,597.60,12.0,3.0,,
2015-03-31,LESF MySuper,Generic,LESF Super,13704288646,Retail,78.7,3.00,High,665.00,,,,0.0
2015-03-31,LGIASuper MySuper Lifecycle,Generic,LGIAsuper,23053121564,Public Sector,5510.0,,,,,,,
2015-03-31,Vision MySuper,Generic,Local Authorities Superannuation Fund,24496637884,Public Sector,2937.5,4.00,Medium to high,533.00,12.5,10.0,,2.0
2015-03-31,MySuper Age-Based Investment Strategy,Generic,Local Government Superannuation Scheme - Pool A,74925979278,Public Sector,2545.1,,,,,,,
2015-03-31,Balanced Option_MySuper Compliant,Generic,Lutheran Super,93371348387,Corporate,220.3,4.80,Medium to high,417.00,5.0,,,15.0
2015-03-31,Moderate investment option,Generic,Maritime Super,77455663441,Industry,178.3,3.50,Medium,538.00,6.0,4.0,,8.0
2015-03-31,max Super MySuper,Generic,Max Super Fund,22508720840,Retail,2.6,4.00,Medium to high,500.00,12.0,,,
2015-03-31,MIESF MySuper,Generic,Meat Industry Employees Superannuation Fund,17317520544,Industry,689.5,3.40,Medium,335.00,20.0,10.0,,
2015-03-31,Balanced investment option (accumulation),Generic,Media Super,42574421650,Industry,2983.5,5.50,Medium to high,422.00,10.0,10.0,,10.0
2015-03-31,Mercer Santos MySuper,Large employer,Mercer Super Trust,19905422981,Retail,172.4,4.30,Medium,446.76,7.0,8.0,2.0,5.0
2015-03-31,Mercer SmartPath,Generic,Mercer Super Trust,19905422981,Retail,2402.4,,,,,,,
2015-03-31,Mercer WGSP MySuper,Large employer,Mercer Super Trust,19905422981,Retail,1435.8,,,,,,,
2015-03-31,MySuper Balanced,Generic,Mercy Super,11789425178,Corporate,687.5,5.25,Medium,628.00,12.0,12.0,,6.0
2015-03-31,Default Lifecycle,Generic,Mine Superannuation Fund,16457520308,Industry,6076.8,,,,,,,
2015-03-31,MyCatholicSuper,Generic,MyLifeMyMoney Superannuation Fund,50237896957,Industry,3828.3,4.20,Medium to high,519.00,8.0,6.0,,13.0
2015-03-31,NABGSF MySuper,Generic,National Australia Bank Group Superannuation Fund A,59929570050,Retail,1856.5,3.50,High,586.00,12.0,3.5,,4.0
2015-03-31,Nationwide MySuper,Generic,Nationwide Superannuation Fund,15201768813,Industry,515.2,3.00,Medium to high,783.00,10.0,7.0,,5.0
2015-03-31,NESS MySuper,Generic,NESS Super,72229227691,Industry,505.7,3.00,Medium to high,502.00,10.0,4.2,,3.0
2015-03-31,Diversified (MySuper),Generic,NGS Super,73549180515,Industry,4399.5,3.00,Medium to high,515.00,7.0,7.0,,5.0
2015-03-31,ANZ Smart Choice Super,Generic,OnePath Masterfund,53789980697,Retail,2092.4,,,,,,,
2015-03-31,ANZ Smart Choice Super_For QBE Management Services PTY LTD and their employees,Large employer,OnePath Masterfund,53789980697,Retail,73.6,,,,,,,
2015-03-31,MySuper Passive Balanced,Generic,OneSuper,43905581638,Retail,5.9,4.70,Medium to high,592.00,4.0,,,
2015-03-31,Perpetual MySuper,Generic,Perpetual's Select Superannuation Fund,51068260563,Retail,36.6,3.00,Medium to high,685.00,6.0,0.0,0.0,15.0
2015-03-31,Pitcher Retirement Plan MySuper,Generic,Pitcher Retirement Plan,15828677472,Corporate,30.1,2.40,Medium to high,1083.00,9.0,4.0,,
2015-03-31,Plum MySuper,Generic,Plum Superannuation Fund,20339905340,Retail,1018.6,3.50,Medium to high,620.00,4.0,,,4.0
2015-03-31,MySuper,Generic,Prime Super,60562335823,Industry,2576.3,3.00,Medium to high,623.00,11.5,15.0,,0.0
2015-03-31,PSSap MySuper Balanced,Generic,Public Sector Superannuation Accumulation Plan,65127917725,Public Sector,7000.4,3.50,Medium to high,385.00,13.0,2.0,,14.0
2015-03-31,Glidepath,Generic,Qantas Superannuation Plan,41272198829,Corporate,164.6,3.50,Medium to high,600.00,5.0,5.0,,10.0
2015-03-31,Quadrant MyChoices_MySuper Investment Option,Generic,Quadrant Superannuation Scheme,12727521796,Industry,104.9,4.00,Medium,620.00,8.3,7.0,,0.2
2015-03-31,QIEC MySuper,Generic,Queensland Independent Education & Care Superannuation Trust,15549636673,Industry,947.5,3.98,High,561.00,12.0,12.0,,5.0
2015-03-31,Balanced,Generic,Rei Super,76641658449,Industry,986.1,4.50,Medium to high,461.00,14.0,3.0,,0.0
2015-03-31,REST Super,Generic,Retail Employees Superannuation Trust,62653671394,Industry,34893.2,4.70,Medium to high,457.20,11.0,6.0,1.0,9.0
2015-03-31,BT Super MySuper,Generic,Retirement Wrap,39827542991,Retail,5317.8,,,,,,,
2015-03-31,Westpac Group Plan MySuper,Large employer,Retirement Wrap,39827542991,Retail,723.4,,,,,,,
2015-03-31,Rio Tinto Fund Growth Option (MySuperProduct),Generic,Rio Tinto Staff Superannuation Fund,98438661856,Corporate,2853.1,4.20,High,501.00,7.0,5.0,,2.5
2015-03-31,General Division,Generic,Russell Investments Master Trust,89384753567,Retail,891.7,4.00,Medium to high,710.00,5.5,5.9,0.5,2.5
2015-03-31,smartMonday Lifecycle,Generic,Smart Future Trust,68964712340,Retail,839.0,,,,,,,
2015-03-31,Balanced (MySuper),Generic,Spirit Super,74559365913,Industry,7391.1,4.68,Medium to high,418.00,9.0,15.0,,0.0
2015-03-31,Suncorp Lifestage Funds,Generic,SPSL Master Trust,98350952022,Retail,363.5,,,,,,,
2015-03-31,Statewide MySuper,Generic,Statewide Superannuation Trust,54145196298,Industry,3504.9,4.00,High,468.00,10.0,10.0,,
2015-03-31,Sunsuper for Life,Generic,Sunsuper Superannuation Fund,98503137921,Industry,21293.3,,,,,,,
2015-03-31,Tasplan MySuper,Generic,Tasplan Superannuation Fund,14602032302,Industry,2083.0,4.29,Medium,523.00,10.0,5.0,,11.0
2015-03-31,Telstra Super MySuper,Generic,Telstra Superannuation Scheme,85502108833,Corporate,5463.9,,,,,,,
2015-03-31,Bendigo MySuper,Generic,The Bendigo Superannuation Plan,57526653420,Retail,101.9,,,,,,,
2015-03-31,MySuper MyLife,Generic,The Executive Superannuation Fund,60998717367,Retail,520.4,3.00,Medium to high,539.00,7.0,,,10.0
2015-03-31,FlexibleSuper Active Balanced,Generic,The Flexible Benefits Super Fund,17029067264,Retail,210.4,2.70,Medium to high,462.00,13.0,5.0,,6.0
2015-03-31,TIS MySuper,Generic,The Transport Industry Superannuation Fund,68564370287,Industry,112.7,4.00,Medium to high,850.00,15.0,,,10.0
2015-03-31,MLC MySuper,Generic,The Universal Super Scheme,44928361101,Retail,2195.9,3.50,Medium to high,583.00,4.0,,,4.0
2015-03-31,VISSF Balanced Option (MySuper Product),Generic,The Victorian Independent Schools Superannuation Fund,37024873660,Industry,318.1,3.00,High,462.00,5.0,3.0,,
2015-03-31,MySuper Growth,Generic,Toyota Australia Superannuation Plan,38463889442,Corporate,123.6,4.00,Medium to high,484.00,10.0,2.0,,7.0
2015-03-31,MySuper Growth,Generic,Toyota Super,58208377062,Corporate,156.0,3.90,Medium to high,494.00,10.0,2.0,,7.0
2015-03-31,Balanced (MySuper),Generic,TWU Superannuation Fund,77343563307,Industry,3767.6,4.37,Medium to high,613.00,9.0,8.0,,6.0
2015-03-31,UniSuper Balanced,Generic,Unisuper,91385943850,Industry,12244.8,4.80,High,420.00,9.0,2.5,,
2015-03-31,Balanced,Generic,United Technologies Corporation Retirement Plan,33227241196,Retail,60.2,2.60,Medium to high,520.00,10.0,,,20.0
2015-03-31,Growth (MySuper),Generic,Victorian Superannuation Fund,85977964496,Public Sector,8427.4,4.80,Medium to high,463.00,7.0,6.0,,2.0
2015-03-31,Virgin Super Essentials,Generic,Virgin Superannuation,88436608094,Retail,257.9,,,,,,,
2015-03-31,My WA Super,Generic,WA Local Government Superannuation Plan,18159499614,Public Sector,635.7,3.00,Medium,538.00,7.0,10.0,,22.0
2015-03-31,Growth (MySuper),Generic,Water Corporation Superannuation Plan,16095780345,Corporate,259.5,4.00,Medium to high,527.00,5.0,,,5.0
2015-03-31,BT Business MySuper,Generic,Westpac Mastertrust - Superannuation Division,81236903448,Retail,639.3,,,,,,,
2015-03-31,MySuper WASF Default Option,Generic,Worsley Alumina Superannuation Fund,51469547458,Retail,23.1,4.00,Medium to high,309.00,4.0,,,4.0
2014-12-31,AMG MySuper,Generic,AMG Super,30099320583,Retail,11.0,3.00,High,560.00,10.0,,,
2014-12-31,AMP MySuper No.1,Generic,AMP Retirement Trust,73310248809,Retail,136.4,4.00,Medium to high,426.00,5.0,5.0,,
2014-12-31,AMP MySuper No.3,Generic,AMP Super Fund,78421957449,Retail,124.1,,,,,,,
2014-12-31,AFLPA & AFL Industry MySuper,Large employer,AMP Superannuation Savings Trust,76514770399,Retail,14.5,,,,,,,
2014-12-31,AMP MySuper No.2,Generic,AMP Superannuation Savings Trust,76514770399,Retail,1648.4,,,,,,,
2014-12-31,Anglican National MySuper,Large employer,AMP Superannuation Savings Trust,76514770399,Retail,102.5,,,,,,,
2014-12-31,Australia Post MySuper,Large employer,AMP Superannuation Savings Trust,76514770399,Retail,25.1,,,,,,,
2014-12-31,Brookfield Australia MySuper,Large employer,AMP Superannuation Savings Trust,76514770399,Retail,64.0,3.50,Medium to high,265.00,6.0,,,10.0
2014-12-31,CCA MySuper,Large employer,AMP Superannuation Savings Trust,76514770399,Retail,247.5,,,,,,,
2014-12-31,Macquarie Group MySuper,Large employer,AMP Superannuation Savings Trust,76514770399,Retail,216.1,3.00,Medium to high,395.00,,,,12.5
2014-12-31,Woolworths Group MySuper,Large employer,AMP Superannuation Savings Trust,76514770399,Retail,2283.8,3.50,Medium to high,310.00,6.5,3.0,,7.5
2014-12-31,ANZ Staff MySuper,Generic,ANZ Australian Staff Superannuation Scheme,83810127567,Corporate,1225.2,5.00,High,290.00,10.0,6.0,,8.0
2014-12-31,Asgard Employee MySuper,Generic,ASGARD Independence Plan Division Two,90194410365,Retail,393.3,,,,,,,
2014-12-31,MySuper Balanced,Generic,Australian Catholic Superannuation and Retirement Fund,24680629023,Industry,3730.8,3.70,Medium to high,488.00,10.0,10.0,,11.0
2014-12-31,Balanced (accumulation),Generic,Australian Ethical Retail Superannuation Fund,49633667743,Retail,270.8,3.50,Medium,982.00,10.0,5.0,,
2014-12-31,AMIST MySuper,Generic,Australian Meat Industry Superannuation Trust,28342064803,Industry,1282.6,2.00,Medium to high,399.00,15.0,5.0,,5.0
2014-12-31,QSuper Lifetime,Generic,Australian Retirement Trust,60905115063,Public Sector,26520.5,,,,,,,
2014-12-31,AustralianSuper MySuper,Generic,AustralianSuper,65714394898,Industry,55351.9,3.86,High,373.00,9.0,13.0,,
2014-12-31,IBM Super Plan MySuper,Large employer,AustralianSuper,65714394898,Industry,630.1,3.74,High,423.00,9.0,13.0,,
2014-12-31,Komatsu Super Plan MySuper,Large employer,AustralianSuper,65714394898,Industry,71.9,3.74,High,422.00,9.0,13.0,,
2014-12-31,MySuper (Balanced),Generic,Austsafe Superannuation Fund,92398191503,Industry,1519.7,4.38,High,451.00,10.0,9.0,,6.0
2014-12-31,AvSuper Growth (MySuper),Generic,AvSuper Fund,84421446069,Public Sector,437.6,4.50,Medium to high,559.80,10.0,5.0,,2.5
2014-12-31,MySuper Lifecycle,Generic,Aware Super,53226460365,Public Sector,34049.9,,,,,,,
2014-12-31,Betros MySuper,Generic,Betros Bros Superannuation Fund No 2,36338171504,Corporate,2.1,4.10,Medium to high,550.00,5.0,0.0,,0.0
2014-12-31,MySuper Default Option,Generic,BHP Billiton Superannuation Fund,30187082512,Retail,252.7,3.50,Medium to high,500.00,4.0,,,4.0
2014-12-31,BOC MySuper,Generic,Boc Gases Superannuation Fund,49620344668,Corporate,369.9,3.60,High,566.00,11.0,9.0,,5.0
2014-12-31,BUSSQ MySuper,Generic,Building Unions Superannuation Scheme (Queensland),85571332201,Industry,2354.4,4.00,Medium,756.00,12.0,12.0,3.0,
2014-12-31,CareSuper,Generic,Care Super,98172275725,Industry,7136.0,5.00,Medium to high,638.00,12.0,7.0,,
2014-12-31,My Ethical Super,Generic,Christian Super,66628776348,Industry,566.9,3.13,High,558.00,9.9,4.8,,2.8
2014-12-31,Club Plus Super _ MySuper,Generic,Club Plus Superannuation Scheme,95275115088,Industry,1815.0,2.77,Medium to high,363.20,12.0,6.0,,12.0
2014-12-31,Club MySuper,Generic,Club Super,12737334298,Industry,381.9,3.14,High,581.00,10.4,9.4,,6.7
2014-12-31,FirstChoice Employer Super,Generic,Colonial First State FirstChoice Superannuation Trust,26458298557,Retail,1975.9,,,,,,,
2014-12-31,Combined Fund MySuper,Generic,Combined Super Fund,46921400504,Industry,267.5,3.00,Medium to high,584.00,14.0,9.0,,7.0
2014-12-31,Accumulate Plus Balanced,Generic,Commonwealth Bank Group Super,24248426878,Corporate,3759.0,3.20,High,420.34,12.0,5.0,,
2014-12-31,MySuper Balanced,Generic,Concept One The Industry Superannuation Fund,21059451252,Industry,386.3,3.00,Medium,563.00,10.0,,,10.0
2014-12-31,Growth (Cbus MySuper),Generic,CONSTRUCTION AND BUILDING UNIONS SUPERANNUATION FUND,75493363262,Industry,25772.5,5.00,Medium to high,553.00,12.5,10.0,,4.0
2014-12-31,Active Balanced,Generic,DuluxGroup Employees Superannuation Fund,91132102426,Retail,21.7,2.60,Medium to high,523.00,13.0,5.0,,6.0
2014-12-31,Balanced,Generic,Elphinstone Group Superannuation Fund,77408077215,Corporate,48.7,3.00,High,677.00,1.8,,,
2014-12-31,EmPlus MySuper,Generic,EmPlus Superannuation Fund,18838658991,Retail,9.6,4.00,High,516.00,9.0,,,
2014-12-31,Balanced (MySuper),Generic,Energy Industries Superannuation Scheme-Pool A,22277243559,Public Sector,995.2,3.00,Medium,315.00,5.0,4.0,,25.0
2014-12-31,MySuper,Generic,Energy Super,33761363685,Industry,1466.0,3.00,Medium to high,447.00,10.0,5.0,,10.0
2014-12-31,Equipsuper MySuper,Generic,equipsuper,33813823017,Industry,1806.6,3.50,Medium,543.00,10.0,3.0,0.0,4.0
2014-12-31,MyEquitySuper,Generic,EquitySuper,38531644711,Retail,30.0,3.50,Medium to high,673.00,13.0,,,11.1
2014-12-31,Essential Super,Generic,Essential Super,56601925435,Retail,609.8,,,,,,,
2014-12-31,First Super MySuper,Generic,First Super,56286625181,Industry,1933.7,3.50,Medium,443.00,10.0,10.0,,2.0
2014-12-31,Goldman Sachs & JBWere Superannuation Fund_MySuper Product,Generic,Goldman Sachs & JBWere Superannuation Fund,55697537183,Corporate,307.2,4.00,Very high,915.00,,,,0.0
2014-12-31,Guild Retirement Fund (MySuper),Generic,Guild Retirement Fund,22599554834,Retail,699.9,,,,,,,
2014-12-31,HESTA MySuper,Generic,HESTA,64971749321,Industry,24885.5,5.40,Medium to high,475.00,10.0,13.0,,4.0
2014-12-31,Balanced option,Generic,HOSTPLUS Superannuation Fund,68657495890,Industry,14968.0,3.50,High,583.00,15.0,10.0,0.0,3.0
2014-12-31,MySuper,Generic,IAG & NRMA Superannuation Plan,58244115920,Corporate,1119.8,4.30,Medium to high,537.00,10.0,,,5.0
2014-12-31,Active Balanced,Generic,Incitec Pivot Employees Superannuation Fund,68569795856,Retail,52.4,2.60,Medium to high,520.00,13.0,5.0,,6.0
2014-12-31,Intrust MySuper,Generic,Intrust Super Fund,65704511371,Industry,1266.0,5.00,Medium to high,533.00,10.0,,,18.0
2014-12-31,IOOF MySuper,Generic,IOOF Portfolio Service Superannuation Fund,70815369818,Retail,195.2,2.50,Medium to high,542.00,10.0,5.0,,
2014-12-31,Kinetic Super _ Growth (MySuper),Generic,Kinetic Superannuation Fund,78984178687,Industry,2401.7,3.60,Medium to high,413.40,10.1,5.3,,4.1
2014-12-31,MySuper Balanced,Generic,Labour Union Co-Operative Retirement Fund,26382680883,Industry,3962.5,3.84,Medium to high,423.00,11.0,4.0,,22.0
2014-12-31,MySuper Balanced,Generic,legalsuper,60346078879,Industry,1168.7,3.49,Medium to high,597.60,12.0,3.0,,
2014-12-31,LESF MySuper,Generic,LESF Super,13704288646,Retail,76.3,3.00,High,665.00,,,,0.0
2014-12-31,LGIASuper MySuper Lifecycle,Generic,LGIAsuper,23053121564,Public Sector,5142.3,,,,,,,
2014-12-31,Vision MySuper,Generic,Local Authorities Superannuation Fund,24496637884,Public Sector,2754.4,4.00,Medium to high,533.00,12.5,10.0,,2.0
2014-12-31,MySuper Age-Based Investment Strategy,Generic,Local Government Superannuation Scheme - Pool A,74925979278,Public Sector,2392.7,,,,,,,
2014-12-31,Balanced Option_MySuper Compliant,Generic,Lutheran Super,93371348387,Corporate,215.1,4.80,Medium to high,417.00,5.0,,,15.0
2014-12-31,Moderate investment option,Generic,Maritime Super,77455663441,Industry,151.4,3.50,Medium,538.00,6.0,4.0,,8.0
2014-12-31,max Super MySuper,Generic,Max Super Fund,22508720840,Retail,2.1,4.00,Medium to high,500.00,12.0,,,
2014-12-31,MIESF MySuper,Generic,Meat Industry Employees Superannuation Fund,17317520544,Industry,662.6,3.40,Medium,335.00,20.0,10.0,,
2014-12-31,Balanced investment option (accumulation),Generic,Media Super,42574421650,Industry,2843.2,5.50,Medium to high,447.00,10.0,10.0,,10.0
2014-12-31,Mercer Santos MySuper,Large employer,Mercer Super Trust,19905422981,Retail,156.7,4.30,Medium,446.76,7.0,8.0,2.0,5.0
2014-12-31,Mercer SmartPath,Generic,Mercer Super Trust,19905422981,Retail,1602.2,,,,,,,
2014-12-31,Mercer WGSP MySuper,Large employer,Mercer Super Trust,19905422981,Retail,1326.6,,,,,,,
2014-12-31,MySuper Balanced,Generic,Mercy Super,11789425178,Corporate,632.6,5.25,Medium,628.00,12.0,12.0,,6.0
2014-12-31,Default Lifecycle,Generic,Mine Superannuation Fund,16457520308,Industry,5717.4,,,,,,,
2014-12-31,MyCatholicSuper,Generic,MyLifeMyMoney Superannuation Fund,50237896957,Industry,3630.2,4.20,Medium to high,519.00,8.0,6.0,,13.0
2014-12-31,NABGSF MySuper,Generic,National Australia Bank Group Superannuation Fund A,59929570050,Retail,1754.1,3.50,High,586.00,12.0,3.5,,4.0
2014-12-31,Nationwide MySuper,Generic,Nationwide Superannuation Fund,15201768813,Industry,488.3,3.00,Medium to high,783.00,2.0,4.0,,6.0
2014-12-31,NESS MySuper,Generic,NESS Super,72229227691,Industry,485.9,3.00,Medium to high,502.00,10.0,4.2,,3.0
2014-12-31,Diversified (MySuper),Generic,NGS Super,73549180515,Industry,4482.6,3.00,Medium to high,515.00,7.0,7.0,,5.0
2014-12-31,ANZ Smart Choice Super,Generic,OnePath Masterfund,53789980697,Retail,1702.3,,,,,,,
2014-12-31,ANZ Smart Choice Super_For QBE Management Services PTY LTD and their employees,Large employer,OnePath Masterfund,53789980697,Retail,59.4,,,,,,,
2014-12-31,MySuper Passive Balanced,Generic,OneSuper,43905581638,Retail,4.7,4.70,Medium to high,592.00,4.0,,,
2014-12-31,Perpetual MySuper,Generic,Perpetual's Select Superannuation Fund,51068260563,Retail,31.6,3.00,Medium to high,685.00,5.5,0.0,0.0,15.5
2014-12-31,Pitcher Retirement Plan MySuper,Generic,Pitcher Retirement Plan,15828677472,Corporate,28.4,2.40,Medium to high,1083.00,9.0,,,
2014-12-31,Plum MySuper,Generic,Plum Superannuation Fund,20339905340,Retail,819.7,3.50,Medium to high,620.00,4.0,,,4.0
2014-12-31,MySuper,Generic,Prime Super,60562335823,Industry,2456.4,3.00,Medium to high,623.00,11.5,15.0,,0.0
2014-12-31,PSSap MySuper Balanced,Generic,Public Sector Superannuation Accumulation Plan,65127917725,Public Sector,6450.6,3.50,Medium to high,385.00,13.0,2.0,,14.0
2014-12-31,Glidepath,Generic,Qantas Superannuation Plan,41272198829,Corporate,149.1,3.50,Medium to high,600.00,5.0,5.0,,10.0
2014-12-31,Quadrant MyChoices_MySuper Investment Option,Generic,Quadrant Superannuation Scheme,12727521796,Industry,97.2,4.00,Medium,620.00,10.0,6.3,,0.2
2014-12-31,QIEC MySuper,Generic,Queensland Independent Education & Care Superannuation Trust,15549636673,Industry,894.0,3.98,High,561.00,11.7,12.0,0.3,0.1
2014-12-31,Balanced,Generic,Rei Super,76641658449,Industry,964.2,4.50,Medium to high,461.00,14.0,3.0,,0.0
2014-12-31,REST Super,Generic,Retail Employees Superannuation Trust,62653671394,Industry,32930.0,4.70,Medium to high,457.20,11.0,6.0,1.0,9.0
2014-12-31,BT Super MySuper,Generic,Retirement Wrap,39827542991,Retail,4748.9,,,,,,,
2014-12-31,Westpac Group Plan MySuper,Large employer,Retirement Wrap,39827542991,Retail,627.6,,,,,,,
2014-12-31,Rio Tinto Fund Growth Option (MySuperProduct),Generic,Rio Tinto Staff Superannuation Fund,98438661856,Corporate,2652.0,4.20,High,501.00,7.0,5.0,,3.0
2014-12-31,General Division,Generic,Russell Investments Master Trust,89384753567,Retail,819.0,4.00,Medium to high,710.00,5.5,5.9,0.5,1.0
2014-12-31,smartMonday Lifecycle,Generic,Smart Future Trust,68964712340,Retail,769.6,,,,,,,
2014-12-31,Balanced (MySuper),Generic,Spirit Super,74559365913,Industry,6783.8,4.68,Medium to high,418.00,9.0,15.0,,0.0
2014-12-31,Suncorp Lifestage Funds,Generic,SPSL Master Trust,98350952022,Retail,284.4,,,,,,,
2014-12-31,Statewide MySuper,Generic,Statewide Superannuation Trust,54145196298,Industry,3296.9,4.00,High,468.00,10.0,10.0,,
2014-12-31,Sunsuper for Life,Generic,Sunsuper Superannuation Fund,98503137921,Industry,19612.3,,,,,,,
2014-12-31,Tasplan MySuper,Generic,Tasplan Superannuation Fund,14602032302,Industry,1956.1,4.29,Medium,523.00,10.0,5.0,,11.0
2014-12-31,Telstra Super MySuper,Generic,Telstra Superannuation Scheme,85502108833,Corporate,5171.5,,,,,,,
2014-12-31,Bendigo MySuper,Generic,The Bendigo Superannuation Plan,57526653420,Retail,93.4,,,,,,,
2014-12-31,MySuper MyLife,Generic,The Executive Superannuation Fund,60998717367,Retail,481.7,3.00,Medium to high,539.00,7.0,,,10.0
2014-12-31,FlexibleSuper Active Balanced,Generic,The Flexible Benefits Super Fund,17029067264,Retail,202.1,2.70,Medium to high,462.00,13.0,5.0,,6.0
2014-12-31,TIS MySuper,Generic,The Transport Industry Superannuation Fund,68564370287,Industry,107.6,4.00,Medium to high,850.00,15.0,,,10.0
2014-12-31,MLC MySuper,Generic,The Universal Super Scheme,44928361101,Retail,1747.8,3.50,Medium to high,583.00,4.0,,,4.0
2014-12-31,VISSF Balanced Option (MySuper Product),Generic,The Victorian Independent Schools Superannuation Fund,37024873660,Industry,305.6,3.00,High,462.00,5.0,3.0,,
2014-12-31,MySuper Growth,Generic,Toyota Australia Superannuation Plan,38463889442,Corporate,115.2,4.00,Medium to high,484.00,10.0,2.0,,7.0
2014-12-31,MySuper Growth,Generic,Toyota Super,58208377062,Corporate,150.3,3.90,Medium to high,494.00,10.0,2.0,,7.0
2014-12-31,Balanced (MySuper),Generic,TWU Superannuation Fund,77343563307,Industry,3530.5,4.37,Medium to high,613.00,12.0,8.0,,6.0
2014-12-31,UniSuper Balanced,Generic,Unisuper,91385943850,Industry,11428.8,4.80,High,420.00,9.0,2.5,,
2014-12-31,Balanced,Generic,United Technologies Corporation Retirement Plan,33227241196,Retail,59.5,2.60,Medium to high,525.00,10.0,,,20.0
2014-12-31,Growth (MySuper),Generic,Victorian Superannuation Fund,85977964496,Public Sector,7780.0,4.80,Medium to high,468.00,7.0,6.0,,2.0
2014-12-31,Virgin Super Essentials,Generic,Virgin Superannuation,88436608094,Retail,239.1,,,,,,,
2014-12-31,My WA Super,Generic,WA Local Government Superannuation Plan,18159499614,Public Sector,584.9,3.00,Medium,538.00,7.0,10.0,,22.0
2014-12-31,Growth (MySuper),Generic,Water Corporation Superannuation Plan,16095780345,Corporate,239.8,4.00,Medium to high,527.00,5.0,,,5.0
2014-12-31,BT Business MySuper,Generic,Westpac Mastertrust - Superannuation Division,81236903448,Retail,507.4,,,,,,,
2014-12-31,MySuper WASF Default Option,Generic,Worsley Alumina Superannuation Fund,51469547458,Retail,18.2,4.00,Medium to high,309.00,4.0,,,4.0
2014-09-30,AMG MySuper,Generic,AMG Super,30099320583,Retail,10.2,3.00,High,560.00,10.0,,,
2014-09-30,AMP MySuper No.1,Generic,AMP Retirement Trust,73310248809,Retail,100.8,4.00,Medium to high,426.00,5.0,5.0,,
2014-09-30,AMP MySuper No.3,Generic,AMP Super Fund,78421957449,Retail,85.0,,,,,,,
2014-09-30,AFLPA & AFL Industry MySuper,Large employer,AMP Superannuation Savings Trust,76514770399,Retail,10.8,,,,,,,
2014-09-30,AMP MySuper No.2,Generic,AMP Superannuation Savings Trust,76514770399,Retail,1187.0,,,,,,,
2014-09-30,Anglican National MySuper,Large employer,AMP Superannuation Savings Trust,76514770399,Retail,97.8,,,,,,,
2014-09-30,Australia Post MySuper,Large employer,AMP Superannuation Savings Trust,76514770399,Retail,18.0,,,,,,,
2014-09-30,Brookfield Australia MySuper,Large employer,AMP Superannuation Savings Trust,76514770399,Retail,58.8,3.50,Medium to high,265.00,6.0,,,11.0
2014-09-30,CCA MySuper,Large employer,AMP Superannuation Savings Trust,76514770399,Retail,234.7,,,,,,,
2014-09-30,Macquarie Group MySuper,Large employer,AMP Superannuation Savings Trust,76514770399,Retail,204.4,3.00,Medium to high,395.00,,,,12.5
2014-09-30,Woolworths Group MySuper,Large employer,AMP Superannuation Savings Trust,76514770399,Retail,186.4,3.50,Medium to high,310.00,6.5,3.0,,7.5
2014-09-30,ANZ Staff MySuper,Generic,ANZ Australian Staff Superannuation Scheme,83810127567,Corporate,1170.2,5.00,High,290.00,10.0,6.0,,8.0
2014-09-30,Asgard Employee MySuper,Generic,ASGARD Independence Plan Division Two,90194410365,Retail,309.5,,,,,,,
2014-09-30,MySuper Balanced,Generic,Australian Catholic Superannuation and Retirement Fund,24680629023,Industry,3766.6,3.70,Medium to high,488.00,10.0,10.0,,11.0
2014-09-30,Balanced (accumulation),Generic,Australian Ethical Retail Superannuation Fund,49633667743,Retail,247.8,3.50,Medium,982.00,10.0,5.0,,
2014-09-30,AMIST MySuper,Generic,Australian Meat Industry Superannuation Trust,28342064803,Industry,1335.1,2.00,Medium to high,399.00,15.0,5.0,,5.0
2014-09-30,QSuper Lifetime,Generic,Australian Retirement Trust,60905115063,Public Sector,24816.6,,,,,,,
2014-09-30,AustralianSuper MySuper,Generic,AustralianSuper,65714394898,Industry,55334.3,3.90,High,373.00,9.0,13.0,,
2014-09-30,IBM Super Plan MySuper,Large employer,AustralianSuper,65714394898,Industry,617.3,3.70,High,420.00,9.0,13.0,,
2014-09-30,Komatsu Super Plan MySuper,Large employer,AustralianSuper,65714394898,Industry,70.3,3.70,High,422.00,9.0,13.0,,
2014-09-30,MySuper (Balanced),Generic,Austsafe Superannuation Fund,92398191503,Industry,1486.0,4.38,High,451.00,10.0,9.0,,6.0
2014-09-30,AvSuper Growth (MySuper),Generic,AvSuper Fund,84421446069,Public Sector,431.4,4.50,Medium to high,559.80,10.0,5.0,,2.5
2014-09-30,MySuper Lifecycle,Generic,Aware Super,53226460365,Public Sector,32634.0,,,,,,,
2014-09-30,Betros MySuper,Generic,Betros Bros Superannuation Fund No 2,36338171504,Corporate,2.0,4.10,Medium to high,550.00,5.0,0.0,,0.0
2014-09-30,MySuper Default Option,Generic,BHP Billiton Superannuation Fund,30187082512,Retail,186.6,3.50,Medium to high,500.00,4.0,,,4.0
2014-09-30,BOC MySuper,Generic,Boc Gases Superannuation Fund,49620344668,Corporate,361.3,3.60,High,566.00,11.0,9.0,,5.0
2014-09-30,BUSSQ MySuper,Generic,Building Unions Superannuation Scheme (Queensland),85571332201,Industry,2281.7,4.00,Medium,756.00,12.0,12.0,3.0,
2014-09-30,CareSuper,Generic,Care Super,98172275725,Industry,6952.1,5.00,Medium to high,638.00,12.0,7.0,,
2014-09-30,My Ethical Super,Generic,Christian Super,66628776348,Industry,536.5,3.13,High,558.00,9.9,5.5,,3.0
2014-09-30,Club Plus Super _ MySuper,Generic,Club Plus Superannuation Scheme,95275115088,Industry,1959.2,2.77,Medium to high,363.20,12.0,6.0,,12.0
2014-09-30,Club MySuper,Generic,Club Super,12737334298,Industry,369.7,3.14,High,581.00,10.5,9.3,,6.9
2014-09-30,FirstChoice Employer Super,Generic,Colonial First State FirstChoice Superannuation Trust,26458298557,Retail,1666.5,,,,,,,
2014-09-30,Combined Fund MySuper,Generic,Combined Super Fund,46921400504,Industry,262.7,3.00,Medium to high,584.00,14.0,9.0,,5.0
2014-09-30,Accumulate Plus Balanced,Generic,Commonwealth Bank Group Super,24248426878,Corporate,3640.3,3.20,High,420.34,12.0,5.0,,
2014-09-30,MySuper Balanced,Generic,Concept One The Industry Superannuation Fund,21059451252,Industry,430.0,3.00,Medium,563.00,10.0,,,10.0
2014-09-30,Growth (Cbus MySuper),Generic,CONSTRUCTION AND BUILDING UNIONS SUPERANNUATION FUND,75493363262,Industry,24828.4,5.00,Medium to high,553.00,12.5,10.0,,4.0
2014-09-30,Active Balanced,Generic,DuluxGroup Employees Superannuation Fund,91132102426,Retail,20.3,2.60,Medium to high,523.00,13.0,5.0,,6.0
2014-09-30,Balanced,Generic,Elphinstone Group Superannuation Fund,77408077215,Corporate,47.2,3.30,High,677.00,1.8,,,
2014-09-30,EmPlus MySuper,Generic,EmPlus Superannuation Fund,18838658991,Retail,7.0,4.00,High,516.00,9.0,,,
2014-09-30,Balanced (MySuper),Generic,Energy Industries Superannuation Scheme-Pool A,22277243559,Public Sector,945.9,3.00,Medium,315.00,5.0,4.0,,25.0
2014-09-30,MySuper,Generic,Energy Super,33761363685,Industry,1408.0,3.00,Medium to high,447.00,10.0,5.0,,10.0
2014-09-30,Equipsuper MySuper,Generic,equipsuper,33813823017,Industry,1746.2,3.50,Medium,543.00,10.0,3.0,0.0,4.0
2014-09-30,MyEquitySuper,Generic,EquitySuper,38531644711,Retail,21.6,3.50,Medium to high,673.00,13.0,,,11.1
2014-09-30,Essential Super,Generic,Essential Super,56601925435,Retail,514.6,,,,,,,
2014-09-30,First Super MySuper,Generic,First Super,56286625181,Industry,1750.7,3.50,Medium,443.00,10.0,10.0,,2.0
2014-09-30,Goldman Sachs & JBWere Superannuation Fund_MySuper Product,Generic,Goldman Sachs & JBWere Superannuation Fund,55697537183,Corporate,296.7,4.00,Very high,915.00,,,,0.0
2014-09-30,Guild Retirement Fund (MySuper),Generic,Guild Retirement Fund,22599554834,Retail,656.5,,,,,,,
2014-09-30,HESTA MySuper,Generic,HESTA,64971749321,Industry,24030.8,5.40,Medium to high,475.00,10.0,13.0,,4.0
2014-09-30,Balanced option,Generic,HOSTPLUS Superannuation Fund,68657495890,Industry,14445.1,3.50,High,583.00,15.0,10.0,0.0,3.0
2014-09-30,MySuper,Generic,IAG & NRMA Superannuation Plan,58244115920,Corporate,1075.1,4.30,Medium to high,537.00,10.0,,,5.0
2014-09-30,Active Balanced,Generic,Incitec Pivot Employees Superannuation Fund,68569795856,Retail,50.7,2.60,Medium to high,520.00,13.0,5.0,,6.0
2014-09-30,Intrust MySuper,Generic,Intrust Super Fund,65704511371,Industry,1208.6,5.00,Medium to high,533.00,10.0,,,18.0
2014-09-30,IOOF MySuper,Generic,IOOF Portfolio Service Superannuation Fund,70815369818,Retail,137.6,2.50,Medium to high,542.00,10.0,5.0,,
2014-09-30,Kinetic Super _ Growth (MySuper),Generic,Kinetic Superannuation Fund,78984178687,Industry,2314.6,3.60,Medium to high,413.40,10.1,5.3,,4.1
2014-09-30,MySuper Balanced,Generic,Labour Union Co-Operative Retirement Fund,26382680883,Industry,3842.1,3.84,Medium to high,423.00,11.0,4.0,,22.0
2014-09-30,MySuper Balanced,Generic,legalsuper,60346078879,Industry,1128.5,4.20,Medium to high,542.60,12.0,3.0,,
2014-09-30,LESF MySuper,Generic,LESF Super,13704288646,Retail,75.7,3.00,High,665.00,,,,0.0
2014-09-30,LGIASuper MySuper Lifecycle,Generic,LGIAsuper,23053121564,Public Sector,5021.0,,,,,,,
2014-09-30,Vision MySuper,Generic,Local Authorities Superannuation Fund,24496637884,Public Sector,2668.2,4.00,Medium to high,533.00,12.5,10.0,,2.0
2014-09-30,MySuper Age-Based Investment Strategy,Generic,Local Government Superannuation Scheme - Pool A,74925979278,Public Sector,2299.1,,,,,,,
2014-09-30,Balanced Option_MySuper Compliant,Generic,Lutheran Super,93371348387,Corporate,205.7,4.80,Medium to high,417.00,5.0,,,15.0
2014-09-30,Moderate investment option,Generic,Maritime Super,77455663441,Industry,124.6,3.50,Medium,538.00,6.0,4.0,,8.0
2014-09-30,max Super MySuper,Generic,Max Super Fund,22508720840,Retail,1.4,4.00,Medium to high,500.00,12.0,,,
2014-09-30,MIESF MySuper,Generic,Meat Industry Employees Superannuation Fund,17317520544,Industry,649.1,3.40,Medium,335.00,20.0,10.0,,
2014-09-30,Balanced investment option (accumulation),Generic,Media Super,42574421650,Industry,2797.8,5.50,Medium to high,422.00,10.0,10.0,,10.0
2014-09-30,Mercer Santos MySuper,Large employer,Mercer Super Trust,19905422981,Retail,143.0,4.30,Medium,446.76,7.0,8.0,2.0,5.0
2014-09-30,Mercer SmartPath,Generic,Mercer Super Trust,19905422981,Retail,1164.7,,,,,,,
2014-09-30,Mercer WGSP MySuper,Large employer,Mercer Super Trust,19905422981,Retail,1279.9,,,,,,,
2014-09-30,MySuper Balanced,Generic,Mercy Super,11789425178,Corporate,622.1,5.25,Medium,628.00,12.0,12.0,,6.0
2014-09-30,Default Lifecycle,Generic,Mine Superannuation Fund,16457520308,Industry,5608.1,,,,,,,
2014-09-30,MyCatholicSuper,Generic,MyLifeMyMoney Superannuation Fund,50237896957,Industry,3544.4,4.20,Medium to high,519.00,8.0,6.0,,13.0
2014-09-30,NABGSF MySuper,Generic,National Australia Bank Group Superannuation Fund A,59929570050,Corporate,1707.6,3.50,Medium to high,551.00,12.0,4.2,,3.6
2014-09-30,Nationwide MySuper,Generic,Nationwide Superannuation Fund,15201768813,Industry,479.0,3.00,Medium to high,783.00,2.0,4.0,,6.0
2014-09-30,NESS MySuper,Generic,NESS Super,72229227691,Industry,465.6,3.00,Medium to high,502.00,10.0,0.0,,2.0
2014-09-30,Diversified (MySuper),Generic,NGS Super,73549180515,Industry,3973.6,3.00,Medium to high,515.00,7.0,7.0,,5.0
2014-09-30,ANZ Smart Choice Super,Generic,OnePath Masterfund,53789980697,Retail,1319.6,,,,,,,
2014-09-30,ANZ Smart Choice Super_For QBE Management Services PTY LTD and their employees,Large employer,OnePath Masterfund,53789980697,Retail,0.0,,,,,,,
2014-09-30,MySuper Passive Balanced,Generic,OneSuper,43905581638,Retail,3.4,4.70,Medium to high,592.00,4.0,,,
2014-09-30,Perpetual MySuper,Generic,Perpetual's Select Superannuation Fund,51068260563,Retail,25.9,3.00,Medium to high,685.00,3.0,0.0,0.0,21.0
2014-09-30,Pitcher Retirement Plan MySuper,Generic,Pitcher Retirement Plan,15828677472,Corporate,28.4,2.40,Medium to high,1083.00,9.0,,,
2014-09-30,Plum MySuper,Generic,Plum Superannuation Fund,20339905340,Retail,603.3,3.50,Medium to high,620.00,4.0,,,4.0
2014-09-30,MySuper,Generic,Prime Super,60562335823,Industry,2355.2,3.00,Medium to high,623.00,11.5,15.0,,0.0
2014-09-30,PSSap MySuper Balanced,Generic,Public Sector Superannuation Accumulation Plan,65127917725,Public Sector,6077.1,3.50,Medium to high,385.00,13.0,2.0,,14.0
2014-09-30,Glidepath,Generic,Qantas Superannuation Plan,41272198829,Corporate,152.6,3.50,Medium to high,600.00,5.0,5.0,,10.0
2014-09-30,Quadrant MyChoices_MySuper Investment Option,Generic,Quadrant Superannuation Scheme,12727521796,Industry,92.8,4.00,Medium,620.00,8.1,6.3,,0.0
2014-09-30,QIEC MySuper,Generic,Queensland Independent Education & Care Superannuation Trust,15549636673,Industry,860.1,3.98,High,561.00,11.7,12.0,0.3,1.7
2014-09-30,Balanced,Generic,Rei Super,76641658449,Industry,895.3,4.50,Medium to high,461.00,14.0,3.0,,0.0
2014-09-30,REST Super,Generic,Retail Employees Superannuation Trust,62653671394,Industry,31347.7,4.70,Medium to high,457.20,11.0,6.0,1.0,9.0
2014-09-30,BT Super MySuper,Generic,Retirement Wrap,39827542991,Retail,4431.2,,,,,,,
2014-09-30,Westpac Group Plan MySuper,Large employer,Retirement Wrap,39827542991,Retail,549.5,,,,,,,
2014-09-30,Rio Tinto Fund Growth Option (MySuperProduct),Generic,Rio Tinto Staff Superannuation Fund,98438661856,Corporate,2654.0,4.20,High,501.00,7.0,5.0,,3.0
2014-09-30,General Division,Generic,Russell Investments Master Trust,89384753567,Retail,754.6,4.00,Medium to high,710.00,6.9,4.5,0.5,1.0
2014-09-30,smartMonday Lifecycle,Generic,Smart Future Trust,68964712340,Retail,722.2,,,,,,,
2014-09-30,Balanced (MySuper),Generic,Spirit Super,74559365913,Industry,6496.9,4.68,Medium to high,418.00,9.0,15.0,,0.0
2014-09-30,Suncorp Lifestage Funds,Generic,SPSL Master Trust,98350952022,Retail,219.8,,,,,,,
2014-09-30,Statewide MySuper,Generic,Statewide Superannuation Trust,54145196298,Industry,3160.4,4.00,High,468.00,10.0,10.0,,
2014-09-30,Sunsuper for Life,Generic,Sunsuper Superannuation Fund,98503137921,Industry,19000.8,,,,,,,
2014-09-30,Tasplan MySuper,Generic,Tasplan Superannuation Fund,14602032302,Industry,1879.0,4.29,Medium,523.00,10.0,5.0,,11.0
2014-09-30,Telstra Super MySuper,Generic,Telstra Superannuation Scheme,85502108833,Corporate,4935.2,,,,,,,
2014-09-30,Bendigo MySuper,Generic,The Bendigo Superannuation Plan,57526653420,Retail,86.2,,,,,,,
2014-09-30,MySuper MyLife,Generic,The Executive Superannuation Fund,60998717367,Retail,458.3,3.00,Medium to high,539.00,7.0,,,3.0
2014-09-30,FlexibleSuper Active Balanced,Generic,The Flexible Benefits Super Fund,17029067264,Retail,199.1,2.70,Medium to high,462.00,13.0,5.0,,6.0
2014-09-30,TIS MySuper,Generic,The Transport Industry Superannuation Fund,68564370287,Industry,105.3,4.00,Medium to high,850.00,15.0,,,10.0
2014-09-30,MLC MySuper,Generic,The Universal Super Scheme,44928361101,Retail,1291.3,3.50,Medium to high,583.00,4.0,,,4.0
2014-09-30,VISSF Balanced Option (MySuper Product),Generic,The Victorian Independent Schools Superannuation Fund,37024873660,Industry,299.7,3.00,High,462.00,5.0,3.0,,
2014-09-30,MySuper Growth,Generic,Toyota Australia Superannuation Plan,38463889442,Corporate,111.0,4.00,Medium to high,484.00,10.0,2.0,,7.0
2014-09-30,MySuper Growth,Generic,Toyota Super,58208377062,Corporate,146.4,3.90,Medium to high,494.00,10.0,2.0,,7.0
2014-09-30,Balanced (MySuper),Generic,TWU Superannuation Fund,77343563307,Industry,3436.1,4.37,Medium to high,613.00,12.0,8.0,,6.0
2014-09-30,UniSuper Balanced,Generic,Unisuper,91385943850,Industry,10896.6,4.80,High,420.00,9.0,2.5,,
2014-09-30,Balanced,Generic,United Technologies Corporation Retirement Plan,33227241196,Retail,55.9,2.60,Medium to high,525.00,10.0,,,20.0
2014-09-30,Growth (MySuper),Generic,Victorian Superannuation Fund,85977964496,Public Sector,7474.6,4.80,Medium to high,468.00,7.0,6.0,,2.0
2014-09-30,Virgin Super Essentials,Generic,Virgin Superannuation,88436608094,Retail,230.2,,,,,,,
2014-09-30,My WA Super,Generic,WA Local Government Superannuation Plan,18159499614,Public Sector,557.8,3.00,Medium,538.00,7.0,10.0,,22.0
2014-09-30,Growth (MySuper),Generic,Water Corporation Superannuation Plan,16095780345,Corporate,230.2,4.00,Medium to high,527.00,5.0,,,5.0
2014-09-30,BT Business MySuper,Generic,Westpac Mastertrust - Superannuation Division,81236903448,Retail,378.7,,,,,,,
2014-09-30,MySuper WASF Default Option,Generic,Worsley Alumina Superannuation Fund,51469547458,Retail,14.1,4.00,Medium to high,309.00,4.0,,,4.0
2014-06-30,AMG MySuper,Generic,AMG Super,30099320583,Retail,9.5,3.00,High,560.00,10.0,,,
2014-06-30,AMP MySuper No.1,Generic,AMP Retirement Trust,73310248809,Retail,68.7,4.00,Medium to high,424.00,5.0,5.0,,
2014-06-30,AMP MySuper No.3,Generic,AMP Super Fund,78421957449,Retail,59.4,,,,,,,
2014-06-30,AFLPA & AFL Industry MySuper,Large employer,AMP Superannuation Savings Trust,76514770399,Retail,7.4,,,,,,,
2014-06-30,AMP MySuper No.2,Generic,AMP Superannuation Savings Trust,76514770399,Retail,801.7,,,,,,,
2014-06-30,Anglican National MySuper,Large employer,AMP Superannuation Savings Trust,76514770399,Retail,95.7,,,,,,,
2014-06-30,Australia Post MySuper,Large employer,AMP Superannuation Savings Trust,76514770399,Retail,11.5,,,,,,,
2014-06-30,Brookfield Australia MySuper,Large employer,AMP Superannuation Savings Trust,76514770399,Retail,55.7,3.50,Medium to high,265.00,7.0,,,9.0
2014-06-30,CCA MySuper,Large employer,AMP Superannuation Savings Trust,76514770399,Retail,230.2,,,,,,,
2014-06-30,Macquarie Group MySuper,Large employer,AMP Superannuation Savings Trust,76514770399,Retail,191.9,3.00,Medium to high,395.00,,,,12.5
2014-06-30,Woolworths Group MySuper,Large employer,AMP Superannuation Savings Trust,76514770399,Retail,123.2,3.50,Medium to high,293.00,6.5,3.0,,7.5
2014-06-30,ANZ Staff MySuper,Generic,ANZ Australian Staff Superannuation Scheme,83810127567,Corporate,1186.1,5.00,Medium to high,290.00,10.0,6.0,,8.0
2014-06-30,Asgard Employee MySuper,Generic,ASGARD Independence Plan Division Two,90194410365,Retail,229.8,,,,,,,
2014-06-30,MySuper Balanced,Generic,Australian Catholic Superannuation and Retirement Fund,24680629023,Industry,3660.5,3.50,Medium to high,518.00,10.0,10.0,,11.0
2014-06-30,Balanced (accumulation),Generic,Australian Ethical Retail Superannuation Fund,49633667743,Retail,230.3,3.50,Medium,1322.00,12.5,,,
2014-06-30,AMIST MySuper,Generic,Australian Meat Industry Superannuation Trust,28342064803,Industry,1276.4,2.00,Medium to high,382.00,15.0,5.0,,5.0
2014-06-30,QSuper Lifetime,Generic,Australian Retirement Trust,60905115063,Public Sector,24551.8,,,,,,,
2014-06-30,AustralianSuper MySuper,Generic,AustralianSuper,65714394898,Industry,55160.9,3.90,High,408.00,12.0,14.0,,
2014-06-30,IBM Super Plan MySuper,Large employer,AustralianSuper,65714394898,Industry,667.8,3.70,High,455.00,12.0,14.0,,
2014-06-30,Komatsu Super Plan MySuper,Large employer,AustralianSuper,65714394898,Industry,66.4,3.70,High,457.00,12.0,14.0,,
2014-06-30,MySuper (Balanced),Generic,Austsafe Superannuation Fund,92398191503,Industry,1439.4,4.34,High,496.00,10.0,9.0,,6.0
2014-06-30,AvSuper Growth (MySuper),Generic,AvSuper Fund,84421446069,Public Sector,416.9,4.50,Medium to high,559.80,10.0,5.0,,2.5
2014-06-30,MySuper Lifecycle,Generic,Aware Super,53226460365,Public Sector,31580.0,,,,,,,
2014-06-30,Betros MySuper,Generic,Betros Bros Superannuation Fund No 2,36338171504,Corporate,1.9,4.10,Medium to high,555.00,5.0,0.0,,0.0
2014-06-30,MySuper Default Option,Generic,BHP Billiton Superannuation Fund,30187082512,Retail,131.7,3.50,Medium to high,540.00,4.0,,,4.0
2014-06-30,BOC MySuper,Generic,Boc Gases Superannuation Fund,49620344668,Corporate,355.7,3.60,High,566.00,11.0,9.0,,5.0
2014-06-30,BUSSQ MySuper,Generic,Building Unions Superannuation Scheme (Queensland),85571332201,Industry,2211.2,4.00,Medium,494.00,12.0,12.0,3.0,
2014-06-30,CareSuper,Generic,Care Super,98172275725,Industry,6781.1,5.00,Medium to high,698.00,12.0,7.0,,
2014-06-30,My Ethical Super,Generic,Christian Super,66628776348,Industry,521.0,3.13,High,558.00,10.0,5.8,,3.0
2014-06-30,Club Plus Super _ MySuper,Generic,Club Plus Superannuation Scheme,95275115088,Industry,1924.4,3.00,Medium to high,363.20,14.0,5.0,,11.0
2014-06-30,Club MySuper,Generic,Club Super,12737334298,Industry,357.2,3.00,High,686.00,10.5,9.2,,6.9
2014-06-30,FirstChoice Employer Super,Generic,Colonial First State FirstChoice Superannuation Trust,26458298557,Retail,1395.3,,,,,,,
2014-06-30,Combined Fund MySuper,Generic,Combined Super Fund,46921400504,Industry,1.4,3.90,Medium to high,584.00,14.0,9.0,,
2014-06-30,Accumulate Plus Balanced,Generic,Commonwealth Bank Group Super,24248426878,Corporate,3548.3,3.20,High,420.34,12.0,5.0,,
2014-06-30,MySuper Balanced,Generic,Concept One The Industry Superannuation Fund,21059451252,Industry,426.2,3.00,Medium,664.50,10.0,,,10.0
2014-06-30,Growth (Cbus MySuper),Generic,CONSTRUCTION AND BUILDING UNIONS SUPERANNUATION FUND,75493363262,Industry,24070.2,5.00,Medium to high,523.00,12.5,10.0,,5.0
2014-06-30,Active Balanced,Generic,DuluxGroup Employees Superannuation Fund,91132102426,Retail,19.6,2.60,Medium to high,498.00,13.0,5.0,,6.0
2014-06-30,Balanced,Generic,Elphinstone Group Superannuation Fund,77408077215,Corporate,47.2,3.30,High,677.00,1.8,,,
2014-06-30,EmPlus MySuper,Generic,EmPlus Superannuation Fund,18838658991,Retail,4.8,4.00,High,516.00,9.0,,,
2014-06-30,Balanced (MySuper),Generic,Energy Industries Superannuation Scheme-Pool A,22277243559,Public Sector,936.2,3.00,Medium,315.00,5.0,4.0,,25.0
2014-06-30,MySuper,Generic,Energy Super,33761363685,Industry,1350.6,3.00,Medium to high,447.00,10.0,5.0,,10.0
2014-06-30,Equipsuper MySuper,Generic,equipsuper,33813823017,Industry,1684.0,3.00,Medium,543.00,10.0,3.0,0.0,4.0
2014-06-30,MyEquitySuper,Generic,EquitySuper,38531644711,Retail,14.9,3.50,Medium to high,672.12,14.0,,0.0,0.0
2014-06-30,Essential Super,Generic,Essential Super,56601925435,Retail,307.8,,,,,,,
2014-06-30,First Super MySuper,Generic,First Super,56286625181,Industry,1894.1,3.50,Medium,443.00,10.0,10.0,,2.0
2014-06-30,Goldman Sachs & JBWere Superannuation Fund_MySuper Product,Generic,Goldman Sachs & JBWere Superannuation Fund,55697537183,Corporate,298.7,4.00,Very high,915.00,,,,0.0
2014-06-30,Guild Retirement Fund (MySuper),Generic,Guild Retirement Fund,22599554834,Retail,635.7,,,,,,,
2014-06-30,HESTA MySuper,Generic,HESTA,64971749321,Industry,23233.1,5.50,Medium to high,465.00,10.0,13.0,0.0,4.0
2014-06-30,Balanced option,Generic,HOSTPLUS Superannuation Fund,68657495890,Industry,13932.8,3.50,High,603.00,15.0,10.0,0.0,3.0
2014-06-30,MySuper,Generic,IAG & NRMA Superannuation Plan,58244115920,Corporate,1032.2,4.30,Medium to high,537.00,10.0,,,5.0
2014-06-30,Active Balanced,Generic,Incitec Pivot Employees Superannuation Fund,68569795856,Retail,50.4,2.60,Medium to high,495.00,13.0,5.0,,6.0
2014-06-30,Intrust MySuper,Generic,Intrust Super Fund,65704511371,Industry,1177.7,5.00,Medium to high,568.00,10.0,,,18.0
2014-06-30,IOOF MySuper,Generic,IOOF Portfolio Service Superannuation Fund,70815369818,Retail,85.2,2.50,Medium to high,542.00,10.0,5.0,,
2014-06-30,Kinetic Super _ Growth (MySuper),Generic,Kinetic Superannuation Fund,78984178687,Industry,2277.1,3.00,Medium to high,438.80,10.0,5.0,,11.0
2014-06-30,MySuper Balanced,Generic,Labour Union Co-Operative Retirement Fund,26382680883,Industry,3518.6,4.00,Medium to high,425.00,11.0,4.0,,22.0
2014-06-30,MySuper Balanced,Generic,legalsuper,60346078879,Industry,1077.7,3.49,Medium to high,692.60,12.0,2.6,,
2014-06-30,LESF MySuper,Generic,LESF Super,13704288646,Retail,77.0,3.00,High,665.00,,,,0.0
2014-06-30,LGIASuper MySuper Lifecycle,Generic,LGIAsuper,23053121564,Public Sector,4911.0,,,,,,,
2014-06-30,Vision MySuper,Generic,Local Authorities Superannuation Fund,24496637884,Public Sector,2611.1,4.00,Medium to high,658.00,12.5,10.0,,2.0
2014-06-30,MySuper Age-Based Investment Strategy,Generic,Local Government Superannuation Scheme - Pool A,74925979278,Public Sector,2248.9,,,,,,,
2014-06-30,Balanced Option_MySuper Compliant,Generic,Lutheran Super,93371348387,Corporate,44.6,4.80,Medium to high,417.00,5.0,,,15.0
2014-06-30,Moderate investment option,Generic,Maritime Super,77455663441,Industry,128.3,3.50,Medium,628.00,6.0,4.0,,8.0
2014-06-30,max Super MySuper,Generic,Max Super Fund,22508720840,Retail,1.0,4.00,Medium to high,500.00,12.0,,,
2014-06-30,MIESF MySuper,Generic,Meat Industry Employees Superannuation Fund,17317520544,Industry,678.3,3.40,Medium,340.00,20.0,10.0,,
2014-06-30,Balanced investment option (accumulation),Generic,Media Super,42574421650,Industry,2722.1,3.50,Medium to high,450.00,9.0,12.0,,5.0
2014-06-30,Mercer Santos MySuper,Large employer,Mercer Super Trust,19905422981,Retail,136.9,4.30,Medium,475.00,7.0,8.0,2.0,5.0
2014-06-30,Mercer SmartPath,Generic,Mercer Super Trust,19905422981,Retail,426.0,,,,,,,
2014-06-30,Mercer WGSP MySuper,Large employer,Mercer Super Trust,19905422981,Retail,1246.9,,,,,,,
2014-06-30,MySuper Balanced,Generic,Mercy Super,11789425178,Corporate,696.2,2.97,Medium,627.70,12.0,12.0,,
2014-06-30,Default Lifecycle,Generic,Mine Superannuation Fund,16457520308,Industry,5398.0,,,,,,,
2014-06-30,MyCatholicSuper,Generic,MyLifeMyMoney Superannuation Fund,50237896957,Industry,3498.0,4.20,Medium to high,518.60,8.0,6.0,,13.0
2014-06-30,NABGSF MySuper,Generic,National Australia Bank Group Superannuation Fund A,59929570050,Corporate,1676.8,3.50,High,551.00,12.0,5.0,,5.0
2014-06-30,Nationwide MySuper,Generic,Nationwide Superannuation Fund,15201768813,Industry,479.2,3.00,Medium to high,783.00,2.0,4.0,,6.0
2014-06-30,NESS MySuper,Generic,NESS Super,72229227691,Industry,451.9,3.00,Medium to high,543.00,10.0,0.0,,2.0
2014-06-30,Diversified (MySuper),Generic,NGS Super,73549180515,Industry,3913.6,3.00,Medium to high,515.00,7.0,7.0,,5.0
2014-06-30,ANZ Smart Choice Super,Generic,OnePath Masterfund,53789980697,Retail,962.3,,,,,,,
2014-06-30,ANZ Smart Choice Super_For QBE Management Services PTY LTD and their employees,Large employer,OnePath Masterfund,53789980697,Retail,0.0,,,,,,,
2014-06-30,MySuper Passive Balanced,Generic,OneSuper,43905581638,Retail,2.4,4.70,Medium to high,592.00,4.0,,,
2014-06-30,Perpetual MySuper,Generic,Perpetual's Select Superannuation Fund,51068260563,Retail,19.6,3.00,Medium to high,685.00,3.0,0.0,0.0,21.0
2014-06-30,Pitcher Retirement Plan MySuper,Generic,Pitcher Retirement Plan,15828677472,Corporate,28.8,2.40,Medium to high,1168.00,9.0,,,
2014-06-30,Plum MySuper,Generic,Plum Superannuation Fund,20339905340,Retail,413.3,3.50,Medium to high,620.00,4.0,,,4.0
2014-06-30,MySuper,Generic,Prime Super,60562335823,Industry,2329.7,3.00,Medium to high,663.00,11.5,15.0,,0.0
2014-06-30,PSSap MySuper Balanced,Generic,Public Sector Superannuation Accumulation Plan,65127917725,Public Sector,5758.9,3.50,Medium to high,410.00,13.0,2.0,,14.0
2014-06-30,Glidepath,Generic,Qantas Superannuation Plan,41272198829,Corporate,134.0,3.49,Medium to high,605.00,5.0,5.0,,10.0
2014-06-30,Quadrant MyChoices_MySuper Investment Option,Generic,Quadrant Superannuation Scheme,12727521796,Industry,90.2,2.05,Medium,592.00,8.9,6.3,,0.0
2014-06-30,QIEC MySuper,Generic,Queensland Independent Education & Care Superannuation Trust,15549636673,Industry,837.0,3.00,Medium to high,501.00,11.7,12.0,0.3,1.7
2014-06-30,Balanced,Generic,Rei Super,76641658449,Industry,879.2,4.50,Medium to high,460.80,14.0,3.0,,0.0
2014-06-30,REST Super,Generic,Retail Employees Superannuation Trust,62653671394,Industry,29818.1,4.90,Medium to high,422.00,11.0,6.0,1.0,8.0
2014-06-30,BT Super MySuper,Generic,Retirement Wrap,39827542991,Retail,3704.9,,,,,,,
2014-06-30,Westpac Group Plan MySuper,Large employer,Retirement Wrap,39827542991,Retail,464.1,,,,,,,
2014-06-30,Rio Tinto Fund Growth Option (MySuperProduct),Generic,Rio Tinto Staff Superannuation Fund,98438661856,Corporate,2623.6,4.20,High,420.50,7.0,5.0,,3.0
2014-06-30,General Division,Generic,Russell Investments Master Trust,89384753567,Retail,706.7,4.00,Medium to high,710.00,6.9,4.5,0.5,1.0
2014-06-30,smartMonday Lifecycle,Generic,Smart Future Trust,68964712340,Retail,694.6,,,,,,,
2014-06-30,Balanced (MySuper),Generic,Spirit Super,74559365913,Industry,6357.7,3.50,Medium to high,538.00,9.0,15.0,,0.0
2014-06-30,Suncorp Lifestage Funds,Generic,SPSL Master Trust,98350952022,Retail,155.2,,,,,,,
2014-06-30,Statewide MySuper,Generic,Statewide Superannuation Trust,54145196298,Industry,3087.0,4.00,High,423.00,10.0,10.0,,
2014-06-30,Sunsuper for Life,Generic,Sunsuper Superannuation Fund,98503137921,Industry,18320.4,,,,,,,
2014-06-30,Tasplan MySuper,Generic,Tasplan Superannuation Fund,14602032302,Industry,1844.6,3.76,Medium,523.00,10.0,5.0,,11.0
2014-06-30,Telstra Super MySuper,Generic,Telstra Superannuation Scheme,85502108833,Corporate,4840.1,,,,,,,
2014-06-30,Bendigo MySuper,Generic,The Bendigo Superannuation Plan,57526653420,Retail,75.8,,,,,,,
2014-06-30,MySuper MyLife,Generic,The Executive Superannuation Fund,60998717367,Retail,459.0,3.00,Medium to high,559.00,6.8,,,2.5
2014-06-30,FlexibleSuper Active Balanced,Generic,The Flexible Benefits Super Fund,17029067264,Retail,195.8,2.70,Medium to high,462.00,13.0,5.0,,6.0
2014-06-30,TIS MySuper,Generic,The Transport Industry Superannuation Fund,68564370287,Industry,104.2,4.00,Medium to high,546.00,15.0,,,10.0
2014-06-30,MLC MySuper,Generic,The Universal Super Scheme,44928361101,Retail,949.2,3.50,Medium to high,623.00,4.0,,,4.0
2014-06-30,VISSF Balanced Option (MySuper Product),Generic,The Victorian Independent Schools Superannuation Fund,37024873660,Industry,291.1,3.00,High,462.00,5.0,3.0,,
2014-06-30,MySuper Growth,Generic,Toyota Australia Superannuation Plan,38463889442,Corporate,108.8,4.00,Medium to high,484.00,10.0,2.0,,7.0
2014-06-30,MySuper Growth,Generic,Toyota Super,58208377062,Corporate,145.8,3.90,Medium to high,494.00,10.0,2.0,,7.0
2014-06-30,Balanced (MySuper),Generic,TWU Superannuation Fund,77343563307,Industry,3375.9,4.37,Medium to high,613.00,12.0,8.0,,6.0
2014-06-30,UniSuper Balanced,Generic,Unisuper,91385943850,Industry,10683.7,4.80,High,450.00,9.0,2.5,,
2014-06-30,Balanced,Generic,United Technologies Corporation Retirement Plan,33227241196,Retail,55.8,2.60,Medium to high,525.00,10.0,,,20.0
2014-06-30,Growth (MySuper),Generic,Victorian Superannuation Fund,85977964496,Public Sector,7232.7,3.10,Medium to high,498.00,7.0,6.0,,2.0
2014-06-30,Virgin Super Essentials,Generic,Virgin Superannuation,88436608094,Retail,229.0,,,,,,,
2014-06-30,My WA Super,Generic,WA Local Government Superannuation Plan,18159499614,Public Sector,536.4,3.00,Medium,643.00,7.0,10.0,,22.0
2014-06-30,Growth (MySuper),Generic,Water Corporation Superannuation Plan,16095780345,Corporate,221.2,4.00,Medium to high,526.00,5.0,,,5.0
2014-06-30,BT Business MySuper,Generic,Westpac Mastertrust - Superannuation Division,81236903448,Retail,268.5,,,,,,,
2014-06-30,MySuper WASF Default Option,Generic,Worsley Alumina Superannuation Fund,51469547458,Retail,9.0,3.50,Medium to high,349.00,4.0,,,4.0
2014-03-31,AMG MySuper,Generic,AMG Super,30099320583,Retail,1.0,3.00,High,560.00,10.0,,,
2014-03-31,AMP MySuper No.1,Generic,AMP Retirement Trust,73310248809,Retail,34.1,4.00,Medium to high,424.00,5.0,5.0,,
2014-03-31,AMP MySuper No.3,Generic,AMP Super Fund,78421957449,Retail,29.3,,,,,,,
2014-03-31,AFLPA & AFL Industry MySuper,Large employer,AMP Superannuation Savings Trust,76514770399,Retail,3.2,,,,,,,
2014-03-31,AMP MySuper No.2,Generic,AMP Superannuation Savings Trust,76514770399,Retail,385.8,,,,,,,
2014-03-31,Anglican National MySuper,Large employer,AMP Superannuation Savings Trust,76514770399,Retail,2.7,,,,,,,
2014-03-31,Australia Post MySuper,Large employer,AMP Superannuation Savings Trust,76514770399,Retail,5.5,,,,,,,
2014-03-31,Brookfield Australia MySuper,Large employer,AMP Superannuation Savings Trust,76514770399,Retail,3.8,3.50,Medium to high,265.00,7.0,,,9.0
2014-03-31,CCA MySuper,Large employer,AMP Superannuation Savings Trust,76514770399,Retail,10.2,,,,,,,
2014-03-31,Macquarie Group MySuper,Large employer,AMP Superannuation Savings Trust,76514770399,Retail,10.1,3.00,Medium to high,395.00,,,,12.5
2014-03-31,Woolworths Group MySuper,Large employer,AMP Superannuation Savings Trust,76514770399,Retail,56.2,3.50,Medium to high,293.00,6.5,3.0,,7.5
2014-03-31,ANZ Staff MySuper,Generic,ANZ Australian Staff Superannuation Scheme,83810127567,Corporate,1156.6,5.00,Medium to high,290.00,10.0,6.0,,8.0
2014-03-31,Asgard Employee MySuper,Generic,ASGARD Independence Plan Division Two,90194410365,Retail,139.7,,,,,,,
2014-03-31,MySuper Balanced,Generic,Australian Catholic Superannuation and Retirement Fund,24680629023,Industry,3581.7,3.50,Medium to high,518.00,7.0,6.0,1.0,14.0
2014-03-31,Balanced (accumulation),Generic,Australian Ethical Retail Superannuation Fund,49633667743,Retail,212.6,3.50,Medium,1322.00,12.5,,,
2014-03-31,AMIST MySuper,Generic,Australian Meat Industry Superannuation Trust,28342064803,Industry,1146.5,2.00,Medium to high,382.00,15.0,5.0,,5.0
2014-03-31,QSuper Lifetime,Generic,Australian Retirement Trust,60905115063,Public Sector,22302.6,,,,,,,
2014-03-31,AustralianSuper MySuper,Generic,AustralianSuper,65714394898,Industry,53229.4,3.90,High,408.00,12.0,14.0,,
2014-03-31,IBM Super Plan MySuper,Large employer,AustralianSuper,65714394898,Industry,666.7,3.70,High,455.00,12.0,14.0,,
2014-03-31,Komatsu Super Plan MySuper,Large employer,AustralianSuper,65714394898,Industry,65.2,3.70,High,457.00,12.0,14.0,,
2014-03-31,MySuper (Balanced),Generic,Austsafe Superannuation Fund,92398191503,Industry,1407.6,4.34,High,496.00,10.0,9.0,,6.0
2014-03-31,AvSuper Growth (MySuper),Generic,AvSuper Fund,84421446069,Public Sector,394.9,4.50,Medium to high,559.80,10.0,5.0,,10.0
2014-03-31,MySuper Lifecycle,Generic,Aware Super,53226460365,Public Sector,30573.4,,,,,,,
2014-03-31,Betros MySuper,Generic,Betros Bros Superannuation Fund No 2,36338171504,Corporate,1.9,4.10,Medium to high,555.00,5.0,0.0,,0.0
2014-03-31,MySuper Default Option,Generic,BHP Billiton Superannuation Fund,30187082512,Retail,60.8,3.50,Medium to high,540.00,4.0,,,4.0
2014-03-31,BOC MySuper,Generic,Boc Gases Superannuation Fund,49620344668,Corporate,197.7,3.60,High,566.00,11.0,9.0,,5.0
2014-03-31,BUSSQ MySuper,Generic,Building Unions Superannuation Scheme (Queensland),85571332201,Industry,2159.8,4.00,Medium,494.00,12.0,12.0,,12.0
2014-03-31,CareSuper,Generic,Care Super,98172275725,Industry,6551.5,5.00,Medium to high,698.00,12.0,7.0,,
2014-03-31,My Ethical Super,Generic,Christian Super,66628776348,Industry,500.4,3.13,High,558.00,10.0,5.7,,3.0
2014-03-31,Club Plus Super _ MySuper,Generic,Club Plus Superannuation Scheme,95275115088,Industry,1585.1,3.00,Medium to high,363.20,14.0,5.0,,11.0
2014-03-31,Club MySuper,Generic,Club Super,12737334298,Industry,349.9,3.00,High,686.00,10.6,9.0,,6.8
2014-03-31,FirstChoice Employer Super,Generic,Colonial First State FirstChoice Superannuation Trust,26458298557,Retail,1051.4,,,,,,,
2014-03-31,Combined Fund MySuper,Generic,Combined Super Fund,46921400504,Industry,0.8,3.90,Medium to high,584.00,15.0,8.0,,
2014-03-31,Accumulate Plus Balanced,Generic,Commonwealth Bank Group Super,24248426878,Corporate,3447.9,3.20,High,420.34,12.0,,,17.0
2014-03-31,MySuper Balanced,Generic,Concept One The Industry Superannuation Fund,21059451252,Industry,417.2,3.00,Medium,664.50,10.0,,,10.0
2014-03-31,Growth (Cbus MySuper),Generic,CONSTRUCTION AND BUILDING UNIONS SUPERANNUATION FUND,75493363262,Industry,22751.1,5.00,Medium to high,523.00,12.5,10.0,,5.0
2014-03-31,Active Balanced,Generic,DuluxGroup Employees Superannuation Fund,91132102426,Retail,19.0,2.60,Medium to high,498.00,13.0,5.0,,6.0
2014-03-31,Balanced,Generic,Elphinstone Group Superannuation Fund,77408077215,Corporate,46.7,3.30,High,677.00,2.7,,,
2014-03-31,EmPlus MySuper,Generic,EmPlus Superannuation Fund,18838658991,Retail,2.4,4.00,High,516.00,9.0,,,
2014-03-31,Balanced (MySuper),Generic,Energy Industries Superannuation Scheme-Pool A,22277243559,Public Sector,911.2,3.00,Medium,315.00,5.0,4.0,,25.0
2014-03-31,MySuper,Generic,Energy Super,33761363685,Industry,1307.9,3.00,Medium to high,447.00,10.0,5.0,,10.0
2014-03-31,Equipsuper MySuper,Generic,equipsuper,33813823017,Industry,1612.0,3.00,Medium,543.00,10.0,4.0,0.0,3.0
2014-03-31,MyEquitySuper,Generic,EquitySuper,38531644711,Retail,6.6,3.50,Medium to high,672.12,13.0,,,5.5
2014-03-31,Essential Super,Generic,Essential Super,56601925435,Retail,209.2,,,,,,,
2014-03-31,First Super MySuper,Generic,First Super,56286625181,Industry,1586.1,3.50,Medium,443.00,10.0,10.0,,2.0
2014-03-31,Goldman Sachs & JBWere Superannuation Fund_MySuper Product,Generic,Goldman Sachs & JBWere Superannuation Fund,55697537183,Corporate,285.5,4.00,Very high,915.00,,,,0.0
2014-03-31,Guild Retirement Fund (MySuper),Generic,Guild Retirement Fund,22599554834,Retail,323.7,,,,,,,
2014-03-31,Growth [HIP MySuper] Option,Generic,Health Industry Plan,50030598247,Industry,682.1,3.50,High,555.00,7.0,,,24.0
2014-03-31,HESTA MySuper,Generic,HESTA,64971749321,Industry,22438.0,5.50,Medium to high,465.00,10.0,13.0,0.0,4.0
2014-03-31,Balanced option,Generic,HOSTPLUS Superannuation Fund,68657495890,Industry,13412.2,3.50,High,603.00,15.0,10.0,0.0,3.0
2014-03-31,MySuper,Generic,IAG & NRMA Superannuation Plan,58244115920,Corporate,1009.7,4.30,Medium to high,537.00,10.0,,,5.0
2014-03-31,Active Balanced,Generic,Incitec Pivot Employees Superannuation Fund,68569795856,Retail,50.4,2.60,Medium to high,495.00,13.0,5.0,,6.0
2014-03-31,Intrust MySuper,Generic,Intrust Super Fund,65704511371,Industry,1144.8,5.00,Medium to high,568.00,10.0,,,18.0
2014-03-31,IOOF MySuper,Generic,IOOF Portfolio Service Superannuation Fund,70815369818,Retail,79.4,2.50,Medium to high,542.00,10.0,5.0,,
2014-03-31,Kinetic Super _ Growth (MySuper),Generic,Kinetic Superannuation Fund,78984178687,Industry,2220.7,3.00,Medium to high,438.80,10.0,5.0,,11.0
2014-03-31,MySuper Balanced,Generic,Labour Union Co-Operative Retirement Fund,26382680883,Industry,3396.7,4.00,Medium to high,425.00,11.0,4.0,,26.0
2014-03-31,MySuper Balanced,Generic,legalsuper,60346078879,Industry,1051.2,3.49,Medium to high,692.60,12.0,,,8.0
2014-03-31,LESF MySuper,Generic,LESF Super,13704288646,Retail,73.2,3.00,High,665.00,8.5,,,8.0
2014-03-31,LGIASuper MySuper Lifecycle,Generic,LGIAsuper,23053121564,Public Sector,128.6,,,,,,,
2014-03-31,Vision MySuper,Generic,Local Authorities Superannuation Fund,24496637884,Public Sector,2886.8,4.00,Medium to high,658.00,12.5,10.0,,2.0
2014-03-31,MySuper Age-Based Investment Strategy,Generic,Local Government Superannuation Scheme - Pool A,74925979278,Public Sector,2171.9,,,,,,,
2014-03-31,Balanced Option_MySuper Compliant,Generic,Lutheran Super,93371348387,Corporate,38.4,4.80,Medium to high,417.00,5.0,,,15.0
2014-03-31,Moderate investment option,Generic,Maritime Super,77455663441,Industry,91.5,3.50,Medium,628.00,6.0,4.0,,8.0
2014-03-31,max Super MySuper,Generic,Max Super Fund,22508720840,Retail,0.4,4.00,Medium to high,500.00,10.0,,,
2014-03-31,MIESF MySuper,Generic,Meat Industry Employees Superannuation Fund,17317520544,Industry,657.3,3.40,Medium,340.00,25.0,5.0,,
2014-03-31,Balanced investment option (accumulation),Generic,Media Super,42574421650,Industry,2692.4,3.50,Medium to high,450.00,9.0,9.0,,4.9
2014-03-31,Mercer Santos MySuper,Large employer,Mercer Super Trust,19905422981,Retail,169.1,4.30,Medium,475.00,7.0,8.0,2.0,5.0
2014-03-31,Mercer SmartPath,Generic,Mercer Super Trust,19905422981,Retail,179.2,,,,,,,
2014-03-31,Mercer WGSP MySuper,Large employer,Mercer Super Trust,19905422981,Retail,36.8,,,,,,,
2014-03-31,MySuper Balanced,Generic,Mercy Super,11789425178,Corporate,531.9,2.97,Medium,627.70,12.0,12.0,,
2014-03-31,Default Lifecycle,Generic,Mine Superannuation Fund,16457520308,Industry,5580.1,,,,,,,
2014-03-31,MyCatholicSuper,Generic,MyLifeMyMoney Superannuation Fund,50237896957,Industry,3433.3,4.20,Medium to high,518.60,8.0,6.0,,13.0
2014-03-31,NABGSF MySuper,Generic,National Australia Bank Group Superannuation Fund A,59929570050,Corporate,1632.3,3.50,High,551.00,12.0,5.3,,4.5
2014-03-31,Nationwide MySuper,Generic,Nationwide Superannuation Fund,15201768813,Industry,474.3,3.00,Medium to high,783.00,2.0,4.0,,6.0
2014-03-31,NESS MySuper,Generic,NESS Super,72229227691,Industry,454.3,3.00,Medium to high,543.00,10.0,5.2,0.0,3.0
2014-03-31,Diversified (MySuper),Generic,NGS Super,73549180515,Industry,3858.3,3.00,Medium to high,515.00,7.0,7.0,,5.0
2014-03-31,ANZ Smart Choice Super,Generic,OnePath Masterfund,53789980697,Retail,557.2,,,,,,,
2014-03-31,MySuper Passive Balanced,Generic,OneSuper,43905581638,Retail,1.1,4.70,Medium to high,592.00,4.0,,,
2014-03-31,Perpetual MySuper,Generic,Perpetual's Select Superannuation Fund,51068260563,Retail,9.5,3.00,Medium to high,685.00,3.0,0.0,0.0,21.0
2014-03-31,Pitcher Retirement Plan MySuper,Generic,Pitcher Retirement Plan,15828677472,Corporate,29.3,2.40,Medium to high,1168.00,9.0,5.0,,
2014-03-31,Plum MySuper,Generic,Plum Superannuation Fund,20339905340,Retail,217.2,3.50,Medium to high,620.00,4.0,,,4.0
2014-03-31,MySuper,Generic,Prime Super,60562335823,Industry,1580.2,3.00,Medium to high,663.00,11.5,15.0,,8.5
2014-03-31,PSSap MySuper Balanced,Generic,Public Sector Superannuation Accumulation Plan,65127917725,Public Sector,5487.9,3.50,Medium to high,410.00,13.0,2.0,,14.0
2014-03-31,Glidepath,Generic,Qantas Superannuation Plan,41272198829,Corporate,121.0,3.49,Medium to high,605.00,,,,30.0
2014-03-31,Quadrant MyChoices_MySuper Investment Option,Generic,Quadrant Superannuation Scheme,12727521796,Industry,45.2,2.05,Medium,592.00,10.3,6.5,,
2014-03-31,QIEC MySuper,Generic,Queensland Independent Education & Care Superannuation Trust,15549636673,Industry,813.2,3.00,Medium to high,501.00,11.8,12.0,0.2,1.7
2014-03-31,Balanced,Generic,Rei Super,76641658449,Industry,847.6,4.50,Medium to high,460.80,14.0,3.0,,6.0
2014-03-31,REST Super,Generic,Retail Employees Superannuation Trust,62653671394,Industry,32593.0,4.90,Medium to high,422.00,11.0,6.0,1.0,8.0
2014-03-31,BT Super MySuper,Generic,Retirement Wrap,39827542991,Retail,3056.7,,,,,,,
2014-03-31,Westpac Group Plan MySuper,Large employer,Retirement Wrap,39827542991,Retail,388.7,,,,,,,
2014-03-31,Rio Tinto Fund Growth Option (MySuperProduct),Generic,Rio Tinto Staff Superannuation Fund,98438661856,Corporate,2498.9,4.20,High,420.50,7.0,5.0,,3.0
2014-03-31,General Division,Generic,Russell Investments Master Trust,89384753567,Retail,658.0,4.00,Medium to high,710.00,4.5,4.0,0.5,2.5
2014-03-31,smartMonday Lifecycle,Generic,Smart Future Trust,68964712340,Retail,642.3,,,,,,,
2014-03-31,Balanced (MySuper),Generic,Spirit Super,74559365913,Industry,6146.2,3.50,Medium to high,538.00,9.0,15.0,,0.0
2014-03-31,Suncorp Lifestage Funds,Generic,SPSL Master Trust,98350952022,Retail,91.8,,,,,,,
2014-03-31,Statewide MySuper,Generic,Statewide Superannuation Trust,54145196298,Industry,2409.9,4.00,High,423.00,10.0,10.0,,
2014-03-31,Sunsuper for Life,Generic,Sunsuper Superannuation Fund,98503137921,Industry,17378.7,,,,,,,
2014-03-31,Tasplan MySuper,Generic,Tasplan Superannuation Fund,14602032302,Industry,1781.3,3.76,Medium,523.00,10.0,5.0,,7.7
2014-03-31,Telstra Super MySuper,Generic,Telstra Superannuation Scheme,85502108833,Corporate,4666.5,,,,,,,
2014-03-31,Bendigo MySuper,Generic,The Bendigo Superannuation Plan,57526653420,Retail,74.9,,,,,,,
2014-03-31,MySuper MyLife,Generic,The Executive Superannuation Fund,60998717367,Retail,449.7,3.00,Medium to high,559.00,6.8,,,4.0
2014-03-31,FlexibleSuper Active Balanced,Generic,The Flexible Benefits Super Fund,17029067264,Retail,191.0,2.70,Medium to high,462.00,13.0,5.0,,6.0
2014-03-31,TIS MySuper,Generic,The Transport Industry Superannuation Fund,68564370287,Industry,103.3,4.00,Medium to high,546.00,15.0,,,10.0
2014-03-31,MLC MySuper,Generic,The Universal Super Scheme,44928361101,Retail,544.0,3.50,Medium to high,623.00,4.0,,,4.0
2014-03-31,VISSF Balanced Option (MySuper Product),Generic,The Victorian Independent Schools Superannuation Fund,37024873660,Industry,284.8,3.00,High,462.00,5.0,3.0,,
2014-03-31,MySuper Growth,Generic,Toyota Australia Superannuation Plan,38463889442,Corporate,101.5,4.00,Medium to high,484.00,10.0,2.0,,7.0
2014-03-31,MySuper Growth,Generic,Toyota Super,58208377062,Corporate,133.7,3.90,Medium to high,494.00,10.0,2.0,,7.0
2014-03-31,Balanced (MySuper),Generic,TWU Superannuation Fund,77343563307,Industry,3283.7,4.37,Medium to high,613.00,12.0,8.0,,6.0
2014-03-31,UniSuper Balanced,Generic,Unisuper,91385943850,Industry,10282.9,4.80,High,450.00,9.0,2.5,,
2014-03-31,Balanced,Generic,United Technologies Corporation Retirement Plan,33227241196,Retail,55.8,2.60,Medium to high,525.00,10.0,,,20.0
2014-03-31,Growth (MySuper),Generic,Victorian Superannuation Fund,85977964496,Public Sector,6894.0,3.10,Medium to high,498.00,7.0,6.0,,2.0
2014-03-31,Virgin Super Essentials,Generic,Virgin Superannuation,88436608094,Retail,218.6,,,,,,,
2014-03-31,My WA Super,Generic,WA Local Government Superannuation Plan,18159499614,Public Sector,513.4,3.00,Medium,643.00,7.0,10.0,,22.0
2014-03-31,Growth (MySuper),Generic,Water Corporation Superannuation Plan,16095780345,Corporate,370.1,4.00,Medium to high,526.00,5.0,,,5.0
2014-03-31,BT Business MySuper,Generic,Westpac Mastertrust - Superannuation Division,81236903448,Retail,147.7,,,,,,,
2014-03-31,MySuper WASF Default Option,Generic,Worsley Alumina Superannuation Fund,51469547458,Retail,4.2,3.50,Medium to high,349.00,4.0,,,4.0
2013-12-31,AMG MySuper,Generic,AMG Super,30099320583,Retail,0.0,3.00,High,560.00,10.0,,,
2013-12-31,AMP MySuper No.1,Generic,AMP Retirement Trust,73310248809,Retail,0.0,4.00,Medium to high,424.00,5.0,5.0,,5.0
2013-12-31,AMP MySuper No.3,Generic,AMP Super Fund,78421957449,Retail,0.0,,,,,,,
2013-12-31,AFLPA & AFL Industry MySuper,Large employer,AMP Superannuation Savings Trust,76514770399,Retail,0.0,,,,,,,
2013-12-31,AMP MySuper No.2,Generic,AMP Superannuation Savings Trust,76514770399,Retail,0.0,,,,,,,
2013-12-31,Anglican National MySuper,Large employer,AMP Superannuation Savings Trust,76514770399,Retail,0.0,,,,,,,
2013-12-31,Australia Post MySuper,Large employer,AMP Superannuation Savings Trust,76514770399,Retail,0.0,,,,,,,
2013-12-31,Brookfield Australia MySuper,Large employer,AMP Superannuation Savings Trust,76514770399,Retail,0.0,3.50,Medium to high,265.00,5.0,,,9.0
2013-12-31,CCA MySuper,Large employer,AMP Superannuation Savings Trust,76514770399,Retail,0.0,,,,,,,
2013-12-31,Macquarie Group MySuper,Large employer,AMP Superannuation Savings Trust,76514770399,Retail,0.0,3.00,Medium to high,395.00,0.0,,,12.5
2013-12-31,Woolworths Group MySuper,Large employer,AMP Superannuation Savings Trust,76514770399,Retail,0.0,3.50,Medium to high,293.00,6.0,,,18.0
2013-12-31,ANZ Staff MySuper,Generic,ANZ Australian Staff Superannuation Scheme,83810127567,Corporate,0.0,5.00,Medium to high,290.00,10.0,6.0,,14.0
2013-12-31,Asgard Employee MySuper,Generic,ASGARD Independence Plan Division Two,90194410365,Retail,4.7,,,,,,,
2013-12-31,MySuper Balanced,Generic,Australian Catholic Superannuation and Retirement Fund,24680629023,Industry,3516.4,3.50,Medium to high,518.00,7.0,6.0,1.0,14.0
2013-12-31,Balanced (accumulation),Generic,Australian Ethical Retail Superannuation Fund,49633667743,Retail,199.7,3.50,Medium,1322.00,12.5,,,
2013-12-31,AMIST MySuper,Generic,Australian Meat Industry Superannuation Trust,28342064803,Industry,1404.4,2.00,Medium to high,382.00,15.0,5.0,,5.0
2013-12-31,QSuper Lifetime,Generic,Australian Retirement Trust,60905115063,Public Sector,22983.8,,,,,,,
2013-12-31,AustralianSuper MySuper,Generic,AustralianSuper,65714394898,Industry,53848.8,3.90,High,408.00,12.0,14.0,,
2013-12-31,IBM Super Plan MySuper,Large employer,AustralianSuper,65714394898,Industry,0.0,3.70,High,455.00,12.0,14.0,,
2013-12-31,Komatsu Super Plan MySuper,Large employer,AustralianSuper,65714394898,Industry,0.0,3.70,High,457.00,12.0,14.0,,
2013-12-31,MySuper (Balanced),Generic,Austsafe Superannuation Fund,92398191503,Industry,1399.2,4.34,High,496.00,10.0,9.0,,6.0
2013-12-31,AvSuper Growth (MySuper),Generic,AvSuper Fund,84421446069,Public Sector,396.1,4.50,Medium to high,559.80,10.0,5.0,,10.0
2013-12-31,MySuper Lifecycle,Generic,Aware Super,53226460365,Public Sector,30348.1,,,,,,,
2013-12-31,Betros MySuper,Generic,Betros Bros Superannuation Fund No 2,36338171504,Corporate,1.7,4.10,Medium to high,555.00,5.0,0.0,,0.0
2013-12-31,MySuper Default Option,Generic,BHP Billiton Superannuation Fund,30187082512,Retail,0.0,3.50,Medium to high,540.00,4.0,,,4.0
2013-12-31,BOC MySuper,Generic,Boc Gases Superannuation Fund,49620344668,Corporate,195.1,3.60,High,566.00,11.0,9.0,,5.0
2013-12-31,BUSSQ MySuper,Generic,Building Unions Superannuation Scheme (Queensland),85571332201,Industry,2146.9,4.00,Medium,494.00,12.0,12.0,,12.0
2013-12-31,CareSuper,Generic,Care Super,98172275725,Industry,6455.2,5.00,Medium to high,698.00,12.0,7.0,,5.0
2013-12-31,My Ethical Super,Generic,Christian Super,66628776348,Industry,488.1,3.13,High,558.00,10.0,5.7,,3.0
2013-12-31,Club Plus Super _ MySuper,Generic,Club Plus Superannuation Scheme,95275115088,Industry,1478.1,3.00,Medium to high,363.20,14.0,5.0,,11.0
2013-12-31,Club MySuper,Generic,Club Super,12737334298,Industry,317.1,3.00,High,686.00,10.8,8.9,,6.8
2013-12-31,FirstChoice Employer Super,Generic,Colonial First State FirstChoice Superannuation Trust,26458298557,Retail,741.2,,,,,,,
2013-12-31,Combined Fund MySuper,Generic,Combined Super Fund,46921400504,Industry,0.0,3.90,Medium to high,584.00,15.0,8.0,,
2013-12-31,Accumulate Plus Balanced,Generic,Commonwealth Bank Group Super,24248426878,Corporate,3323.7,3.20,High,420.34,12.0,,,17.0
2013-12-31,MySuper Balanced,Generic,Concept One The Industry Superannuation Fund,21059451252,Industry,0.0,3.00,Medium,664.50,10.0,,,10.0
2013-12-31,Growth (Cbus MySuper),Generic,CONSTRUCTION AND BUILDING UNIONS SUPERANNUATION FUND,75493363262,Industry,22751.1,5.00,Medium to high,523.00,12.5,10.0,,5.0
2013-12-31,Active Balanced,Generic,DuluxGroup Employees Superannuation Fund,91132102426,Retail,0.0,2.60,Medium to high,498.00,13.0,5.0,,6.0
2013-12-31,Balanced,Generic,Elphinstone Group Superannuation Fund,77408077215,Corporate,0.0,3.30,High,677.00,2.7,,,
2013-12-31,EmPlus MySuper,Generic,EmPlus Superannuation Fund,18838658991,Retail,0.0,4.00,High,516.00,9.0,,,
2013-12-31,Balanced (MySuper),Generic,Energy Industries Superannuation Scheme-Pool A,22277243559,Public Sector,890.4,3.00,Medium,315.00,5.0,4.0,,18.0
2013-12-31,MySuper,Generic,Energy Super,33761363685,Industry,10.1,3.00,Medium to high,447.00,10.0,5.0,,10.0
2013-12-31,Equipsuper MySuper,Generic,equipsuper,33813823017,Industry,1596.3,3.00,Medium,543.00,10.0,4.0,0.0,3.0
2013-12-31,MyEquitySuper,Generic,EquitySuper,38531644711,Retail,0.0,3.50,Medium to high,672.12,13.0,,,5.5
2013-12-31,Essential Super,Generic,Essential Super,56601925435,Retail,131.3,,,,,,,
2013-12-31,First Super MySuper,Generic,First Super,56286625181,Industry,1581.7,3.50,Medium,443.00,10.0,10.0,,2.0
2013-12-31,Goldman Sachs & JBWere Superannuation Fund_MySuper Product,Generic,Goldman Sachs & JBWere Superannuation Fund,55697537183,Corporate,0.0,4.00,Very high,915.00,,,,0.0
2013-12-31,Guild Retirement Fund (MySuper),Generic,Guild Retirement Fund,22599554834,Retail,298.8,,,,,,,
2013-12-31,Growth [HIP MySuper] Option,Generic,Health Industry Plan,50030598247,Industry,0.0,3.50,High,555.00,7.0,,,24.0
2013-12-31,HESTA MySuper,Generic,HESTA,64971749321,Industry,21969.9,5.50,Medium to high,465.00,10.0,13.0,0.0,4.0
2013-12-31,Balanced option,Generic,HOSTPLUS Superannuation Fund,68657495890,Industry,13057.0,3.50,High,603.00,15.0,10.0,0.0,3.0
2013-12-31,MySuper,Generic,IAG & NRMA Superannuation Plan,58244115920,Corporate,1000.3,4.30,Medium to high,537.00,10.0,,,5.0
2013-12-31,Active Balanced,Generic,Incitec Pivot Employees Superannuation Fund,68569795856,Retail,0.0,2.60,Medium to high,495.00,15.7,5.0,,6.0
2013-12-31,Intrust MySuper,Generic,Intrust Super Fund,65704511371,Industry,1127.0,5.00,Medium to high,568.00,10.0,,,18.0
2013-12-31,IOOF MySuper,Generic,IOOF Portfolio Service Superannuation Fund,70815369818,Retail,0.0,2.50,Medium to high,542.00,10.0,5.0,,
2013-12-31,Kinetic Super _ Growth (MySuper),Generic,Kinetic Superannuation Fund,78984178687,Industry,2187.1,3.00,Medium to high,438.80,10.0,3.0,,9.0
2013-12-31,MySuper Balanced,Generic,Labour Union Co-Operative Retirement Fund,26382680883,Industry,3489.3,4.00,Medium to high,425.00,11.0,4.0,,26.0
2013-12-31,MySuper Balanced,Generic,legalsuper,60346078879,Industry,1028.0,3.49,Medium to high,692.60,12.0,,,8.0
2013-12-31,LESF MySuper,Generic,LESF Super,13704288646,Retail,0.0,3.00,High,665.00,8.5,,,8.0
2013-12-31,LGIASuper MySuper Lifecycle,Generic,LGIAsuper,23053121564,Public Sector,0.0,,,,,,,
2013-12-31,Vision MySuper,Generic,Local Authorities Superannuation Fund,24496637884,Public Sector,0.0,4.00,Medium to high,658.00,12.5,10.0,,2.0
2013-12-31,MySuper Age-Based Investment Strategy,Generic,Local Government Superannuation Scheme - Pool A,74925979278,Public Sector,2114.1,,,,,,,
2013-12-31,Balanced Option_MySuper Compliant,Generic,Lutheran Super,93371348387,Corporate,0.0,4.80,Medium to high,417.00,5.0,,,15.0
2013-12-31,Moderate investment option,Generic,Maritime Super,77455663441,Industry,0.0,3.50,Medium,628.00,6.0,4.0,,8.0
2013-12-31,MIESF MySuper,Generic,Meat Industry Employees Superannuation Fund,17317520544,Industry,0.0,3.40,Medium,340.00,25.0,5.0,,
2013-12-31,Balanced investment option (accumulation),Generic,Media Super,42574421650,Industry,2664.7,3.50,Medium to high,450.00,9.0,9.0,,4.9
2013-12-31,Mercer Santos MySuper,Large employer,Mercer Super Trust,19905422981,Retail,0.0,4.30,Medium,475.00,7.0,8.0,0.0,2.5
2013-12-31,Mercer SmartPath,Generic,Mercer Super Trust,19905422981,Retail,0.0,,,,,,,
2013-12-31,Mercer WGSP MySuper,Large employer,Mercer Super Trust,19905422981,Retail,0.0,,,,,,,
2013-12-31,MySuper Balanced,Generic,Mercy Super,11789425178,Corporate,0.0,2.97,Medium,627.70,12.0,12.0,,
2013-12-31,Default Lifecycle,Generic,Mine Superannuation Fund,16457520308,Industry,5202.7,,,,,,,
2013-12-31,MyCatholicSuper,Generic,MyLifeMyMoney Superannuation Fund,50237896957,Industry,3424.7,4.20,Medium to high,518.60,8.0,6.0,,13.0
2013-12-31,NABGSF MySuper,Generic,National Australia Bank Group Superannuation Fund A,59929570050,Corporate,0.0,3.50,High,551.00,12.0,5.3,,4.5
2013-12-31,Nationwide MySuper,Generic,Nationwide Superannuation Fund,15201768813,Industry,474.5,3.00,Medium to high,783.00,2.8,4.2,,6.0
2013-12-31,NESS MySuper,Generic,NESS Super,72229227691,Industry,449.4,3.00,Medium to high,543.00,10.0,5.2,,1.0
2013-12-31,Diversified (MySuper),Generic,NGS Super,73549180515,Industry,3849.2,3.00,Medium to high,515.00,7.0,7.0,,5.0
2013-12-31,ANZ Smart Choice Super,Generic,OnePath Masterfund,53789980697,Retail,95.0,,,,,,,
2013-12-31,MySuper Passive Balanced,Generic,OneSuper,43905581638,Retail,0.0,4.70,Medium to high,592.00,10.0,,,
2013-12-31,Perpetual MySuper,Generic,Perpetual's Select Superannuation Fund,51068260563,Retail,0.0,3.00,Medium to high,685.00,3.0,0.0,0.0,21.0
2013-12-31,Plum MySuper,Generic,Plum Superannuation Fund,20339905340,Retail,53.7,3.50,Medium to high,620.00,4.0,,,4.0
2013-12-31,MySuper,Generic,Prime Super,60562335823,Industry,1572.7,3.00,Medium to high,663.00,11.5,15.0,,0.0
2013-12-31,PSSap MySuper Balanced,Generic,Public Sector Superannuation Accumulation Plan,65127917725,Public Sector,5286.5,3.50,Medium to high,410.00,13.0,2.0,,14.0
2013-12-31,Glidepath,Generic,Qantas Superannuation Plan,41272198829,Corporate,15.9,3.49,Medium to high,605.00,,,,30.0
2013-12-31,Quadrant MyChoices_MySuper Investment Option,Generic,Quadrant Superannuation Scheme,12727521796,Industry,42.8,2.05,Medium,592.00,9.8,7.0,,4.2
2013-12-31,QIEC MySuper,Generic,Queensland Independent Education & Care Superannuation Trust,15549636673,Industry,735.2,3.00,Medium to high,501.00,12.0,13.0,,2.0
2013-12-31,Balanced,Generic,Rei Super,76641658449,Industry,862.3,4.50,Medium to high,460.80,14.0,3.0,,6.0
2013-12-31,REST Super,Generic,Retail Employees Superannuation Trust,62653671394,Industry,88.6,4.90,Medium to high,422.00,11.0,6.0,1.0,8.0
2013-12-31,BT Super MySuper,Generic,Retirement Wrap,39827542991,Retail,2665.0,,,,,,,
2013-12-31,Westpac Group Plan MySuper,Large employer,Retirement Wrap,39827542991,Retail,325.5,,,,,,,
2013-12-31,Rio Tinto Fund Growth Option (MySuperProduct),Generic,Rio Tinto Staff Superannuation Fund,98438661856,Corporate,0.0,4.20,High,420.50,7.0,5.0,,3.0
2013-12-31,General Division,Generic,Russell Investments Master Trust,89384753567,Retail,0.0,4.00,Medium to high,710.00,4.5,4.0,0.5,2.5
2013-12-31,smartMonday Lifecycle,Generic,Smart Future Trust,68964712340,Retail,0.0,,,,,,,
2013-12-31,Balanced (MySuper),Generic,Spirit Super,74559365913,Industry,6040.0,3.50,Medium to high,538.00,9.0,15.0,,0.0
2013-12-31,Suncorp Lifestage Funds,Generic,SPSL Master Trust,98350952022,Retail,37.3,,,,,,,
2013-12-31,Statewide MySuper,Generic,Statewide Superannuation Trust,54145196298,Industry,2390.2,4.00,High,423.00,10.0,,,
2013-12-31,Sunsuper for Life,Generic,Sunsuper Superannuation Fund,98503137921,Industry,17011.0,,,,,,,
2013-12-31,Tasplan MySuper,Generic,Tasplan Superannuation Fund,14602032302,Industry,1770.0,3.76,Medium,523.00,10.0,5.0,,7.7
2013-12-31,Telstra Super MySuper,Generic,Telstra Superannuation Scheme,85502108833,Corporate,4666.9,,,,,,,
2013-12-31,Bendigo MySuper,Generic,The Bendigo Superannuation Plan,57526653420,Retail,0.0,,,,,,,
2013-12-31,MySuper MyLife,Generic,The Executive Superannuation Fund,60998717367,Retail,0.0,3.00,Medium to high,559.00,6.8,,,4.0
2013-12-31,FlexibleSuper Active Balanced,Generic,The Flexible Benefits Super Fund,17029067264,Retail,0.0,2.70,Medium to high,462.00,13.0,5.0,,6.0
2013-12-31,TIS MySuper,Generic,The Transport Industry Superannuation Fund,68564370287,Industry,0.0,4.00,Medium to high,546.00,15.0,,,10.0
2013-12-31,MLC MySuper,Generic,The Universal Super Scheme,44928361101,Retail,120.5,3.50,Medium to high,623.00,4.0,,,4.0
2013-12-31,VISSF Balanced Option (MySuper Product),Generic,The Victorian Independent Schools Superannuation Fund,37024873660,Industry,0.0,3.00,High,462.00,21.0,3.0,,
2013-12-31,MySuper Growth,Generic,Toyota Australia Superannuation Plan,38463889442,Corporate,0.0,4.00,Medium to high,484.00,10.0,2.0,,7.0
2013-12-31,MySuper Growth,Generic,Toyota Super,58208377062,Corporate,0.0,3.90,Medium to high,494.00,10.0,2.0,,7.0
2013-12-31,Balanced (MySuper),Generic,TWU Superannuation Fund,77343563307,Industry,3257.7,4.37,Medium to high,613.00,12.0,8.0,,6.0
2013-12-31,UniSuper Balanced,Generic,Unisuper,91385943850,Industry,10126.0,4.80,High,450.00,9.0,2.5,,
2013-12-31,Balanced,Generic,United Technologies Corporation Retirement Plan,33227241196,Retail,0.0,2.60,Medium to high,525.00,10.0,,,20.0
2013-12-31,Growth (MySuper),Generic,Victorian Superannuation Fund,85977964496,Public Sector,6718.5,3.10,Medium to high,498.00,7.0,6.0,,2.0
2013-12-31,Virgin Super Essentials,Generic,Virgin Superannuation,88436608094,Retail,216.8,,,,,,,
2013-12-31,My WA Super,Generic,WA Local Government Superannuation Plan,18159499614,Public Sector,500.3,3.00,Medium,643.00,7.2,9.5,,22.0
2013-12-31,Growth (MySuper),Generic,Water Corporation Superannuation Plan,16095780345,Corporate,199.7,4.00,Medium to high,526.00,5.0,,,5.0
2013-12-31,BT Business MySuper,Generic,Westpac Mastertrust - Superannuation Division,81236903448,Retail,28.1,,,,,,,
2013-12-31,MySuper WASF Default Option,Generic,Worsley Alumina Superannuation Fund,51469547458,Retail,0.0,3.50,Medium to high,349.00,4.0,,,4.0
2013-09-30,AMP MySuper No.1,Generic,AMP Retirement Trust,73310248809,Retail,0.0,4.00,Medium to high,424.00,5.0,5.0,,5.0
2013-09-30,AMP MySuper No.3,Generic,AMP Super Fund,78421957449,Retail,0.0,,,,,,,
2013-09-30,AMP MySuper No.2,Generic,AMP Superannuation Savings Trust,76514770399,Retail,0.0,,,,,,,
2013-09-30,Asgard Employee MySuper,Generic,ASGARD Independence Plan Division Two,90194410365,Retail,0.0,,,,,,,
2013-09-30,MySuper Balanced,Generic,Australian Catholic Superannuation and Retirement Fund,24680629023,Industry,3333.3,3.50,Medium to high,518.00,7.0,6.0,1.0,14.0
2013-09-30,Balanced (accumulation),Generic,Australian Ethical Retail Superannuation Fund,49633667743,Retail,0.0,3.50,Medium,1322.00,12.5,,,
2013-09-30,AMIST MySuper,Generic,Australian Meat Industry Superannuation Trust,28342064803,Industry,1612.3,2.00,Medium to high,382.00,15.0,5.0,,5.0
2013-09-30,QSuper Lifetime,Generic,Australian Retirement Trust,60905115063,Public Sector,0.0,,,,,,,
2013-09-30,AustralianSuper MySuper,Generic,AustralianSuper,65714394898,Industry,43868.2,3.90,High,408.00,12.0,14.0,,
2013-09-30,MySuper (Balanced),Generic,Austsafe Superannuation Fund,92398191503,Industry,0.0,4.34,High,496.00,10.0,9.0,,6.0
2013-09-30,AvSuper Growth (MySuper),Generic,AvSuper Fund,84421446069,Public Sector,369.1,4.50,Medium to high,559.80,10.0,5.0,,10.0
2013-09-30,MySuper Lifecycle,Generic,Aware Super,53226460365,Public Sector,28551.6,,,,,,,
2013-09-30,MySuper Default Option,Generic,BHP Billiton Superannuation Fund,30187082512,Retail,0.0,3.50,Medium to high,540.00,4.0,,,4.0
2013-09-30,BOC MySuper,Generic,Boc Gases Superannuation Fund,49620344668,Corporate,183.9,3.60,High,566.00,11.0,9.0,,5.0
2013-09-30,BUSSQ MySuper,Generic,Building Unions Superannuation Scheme (Queensland),85571332201,Industry,2046.8,4.00,Medium,494.00,12.0,12.0,,12.0
2013-09-30,CareSuper,Generic,Care Super,98172275725,Industry,5633.9,5.00,Medium to high,698.00,12.0,6.0,,8.0
2013-09-30,My Ethical Super,Generic,Christian Super,66628776348,Industry,0.0,3.13,High,558.00,10.0,5.8,,9.6
2013-09-30,Club Plus Super _ MySuper,Generic,Club Plus Superannuation Scheme,95275115088,Industry,1413.9,3.00,Medium to high,363.20,14.0,5.0,,11.0
2013-09-30,Club MySuper,Generic,Club Super,12737334298,Industry,316.0,3.00,High,686.00,11.0,9.0,,7.0
2013-09-30,FirstChoice Employer Super,Generic,Colonial First State FirstChoice Superannuation Trust,26458298557,Retail,0.0,,,,,,,
2013-09-30,Combined Fund MySuper,Generic,Combined Super Fund,46921400504,Industry,0.0,3.90,Medium to high,584.00,15.0,8.0,,
2013-09-30,Accumulate Plus Balanced,Generic,Commonwealth Bank Group Super,24248426878,Corporate,0.0,3.20,High,420.34,12.0,,,7.0
2013-09-30,Growth (Cbus MySuper),Generic,CONSTRUCTION AND BUILDING UNIONS SUPERANNUATION FUND,75493363262,Industry,0.0,5.00,Medium to high,523.00,,,,100.0
2013-09-30,Balanced (MySuper),Generic,Energy Industries Superannuation Scheme-Pool A,22277243559,Public Sector,0.0,3.00,Medium,315.00,5.0,4.0,,18.0
2013-09-30,MySuper,Generic,Energy Super,33761363685,Industry,0.5,3.00,Medium to high,447.00,10.0,5.0,,10.0
2013-09-30,Equipsuper MySuper,Generic,equipsuper,33813823017,Industry,27.8,3.00,Medium,543.00,10.0,4.0,0.0,3.0
2013-09-30,Essential Super,Generic,Essential Super,56601925435,Retail,0.0,,,,,,,
2013-09-30,First Super MySuper,Generic,First Super,56286625181,Industry,1586.7,3.50,Medium,443.00,10.0,10.0,,2.0
2013-09-30,Guild Retirement Fund (MySuper),Generic,Guild Retirement Fund,22599554834,Retail,0.0,,,,,,,
2013-09-30,Growth [HIP MySuper] Option,Generic,Health Industry Plan,50030598247,Industry,0.0,3.50,High,555.00,7.0,,,24.0
2013-09-30,HESTA MySuper,Generic,HESTA,64971749321,Industry,20742.4,5.50,Medium to high,465.00,10.0,13.0,0.0,4.0
2013-09-30,Balanced option,Generic,HOSTPLUS Superannuation Fund,68657495890,Industry,12202.6,3.50,High,603.00,15.0,10.0,0.0,3.0
2013-09-30,MySuper,Generic,IAG & NRMA Superannuation Plan,58244115920,Corporate,950.3,4.30,Medium to high,537.00,10.0,,,5.0
2013-09-30,Intrust MySuper,Generic,Intrust Super Fund,65704511371,Industry,1063.6,5.00,Medium to high,568.00,10.0,,,18.0
2013-09-30,IOOF MySuper,Generic,IOOF Portfolio Service Superannuation Fund,70815369818,Retail,0.0,2.50,Medium to high,542.00,10.0,5.0,,
2013-09-30,Kinetic Super _ Growth (MySuper),Generic,Kinetic Superannuation Fund,78984178687,Industry,2092.0,3.00,Medium to high,438.80,10.0,3.0,,9.0
2013-09-30,MySuper Balanced,Generic,Labour Union Co-Operative Retirement Fund,26382680883,Industry,3156.9,4.00,Medium to high,425.00,11.0,4.0,,26.0
2013-09-30,MySuper Balanced,Generic,legalsuper,60346078879,Industry,971.1,3.49,Medium to high,692.60,12.0,,,8.0
2013-09-30,LGIASuper MySuper Lifecycle,Generic,LGIAsuper,23053121564,Public Sector,0.0,,,,,,,
2013-09-30,MySuper Age-Based Investment Strategy,Generic,Local Government Superannuation Scheme - Pool A,74925979278,Public Sector,1955.6,,,,,,,
2013-09-30,Moderate investment option,Generic,Maritime Super,77455663441,Industry,0.0,3.50,Medium,628.00,6.0,4.0,,8.0
2013-09-30,Balanced investment option (accumulation),Generic,Media Super,42574421650,Industry,2548.1,3.50,Medium to high,450.00,9.0,12.0,,4.9
2013-09-30,Default Lifecycle,Generic,Mine Superannuation Fund,16457520308,Industry,0.0,,,,,,,
2013-09-30,MyCatholicSuper,Generic,MyLifeMyMoney Superannuation Fund,50237896957,Industry,0.0,4.20,Medium to high,518.60,,,,100.0
2013-09-30,NABGSF MySuper,Generic,National Australia Bank Group Superannuation Fund A,59929570050,Corporate,0.0,3.50,High,551.00,12.0,5.3,,4.5
2013-09-30,Nationwide MySuper,Generic,Nationwide Superannuation Fund,15201768813,Industry,462.5,3.00,Medium to high,783.00,2.8,4.2,,6.0
2013-09-30,NESS MySuper,Generic,NESS Super,72229227691,Industry,428.9,3.00,Medium to high,543.00,10.0,5.2,,3.0
2013-09-30,Diversified (MySuper),Generic,NGS Super,73549180515,Industry,3486.3,3.00,Medium to high,515.00,7.0,7.0,,5.0
2013-09-30,ANZ Smart Choice Super,Generic,OnePath Masterfund,53789980697,Retail,0.0,,,,,,,
2013-09-30,MySuper Passive Balanced,Generic,OneSuper,43905581638,Retail,0.0,4.70,Medium to high,592.00,10.0,,,
2013-09-30,Plum MySuper,Generic,Plum Superannuation Fund,20339905340,Retail,0.0,3.50,Medium to high,620.00,4.0,,,4.0
2013-09-30,MySuper,Generic,Prime Super,60562335823,Industry,1491.3,3.00,Medium to high,663.00,12.5,15.0,,0.0
2013-09-30,PSSap MySuper Balanced,Generic,Public Sector Superannuation Accumulation Plan,65127917725,Public Sector,4675.7,3.50,Medium to high,410.00,13.0,2.0,,14.0
2013-09-30,Glidepath,Generic,Qantas Superannuation Plan,41272198829,Corporate,0.4,3.49,Medium to high,605.00,,,,30.0
2013-09-30,Quadrant MyChoices_MySuper Investment Option,Generic,Quadrant Superannuation Scheme,12727521796,Industry,3.2,2.05,Medium,592.00,9.7,7.8,,
2013-09-30,QIEC MySuper,Generic,Queensland Independent Education & Care Superannuation Trust,15549636673,Industry,726.8,3.00,Medium to high,501.00,11.8,12.0,0.2,1.7
2013-09-30,Balanced,Generic,Rei Super,76641658449,Industry,0.0,4.50,Medium to high,460.80,14.0,3.0,,6.0
2013-09-30,REST Super,Generic,Retail Employees Superannuation Trust,62653671394,Industry,16.1,4.90,Medium to high,422.00,11.0,6.0,1.0,8.0
2013-09-30,BT Super MySuper,Generic,Retirement Wrap,39827542991,Retail,0.0,,,,,,,
2013-09-30,smartMonday Lifecycle,Generic,Smart Future Trust,68964712340,Retail,0.0,,,,,,,
2013-09-30,Balanced (MySuper),Generic,Spirit Super,74559365913,Industry,0.0,3.50,Medium to high,538.00,9.0,15.0,,0.0
2013-09-30,Suncorp Lifestage Funds,Generic,SPSL Master Trust,98350952022,Retail,24.5,,,,,,,
2013-09-30,Statewide MySuper,Generic,Statewide Superannuation Trust,54145196298,Industry,2248.0,4.00,High,423.00,10.0,10.0,,7.0
2013-09-30,Sunsuper for Life,Generic,Sunsuper Superannuation Fund,98503137921,Industry,0.0,,,,,,,
2013-09-30,Tasplan MySuper,Generic,Tasplan Superannuation Fund,14602032302,Industry,1687.1,3.76,Medium,523.00,10.0,5.0,,12.7
2013-09-30,Bendigo MySuper,Generic,The Bendigo Superannuation Plan,57526653420,Retail,0.0,,,,,,,
2013-09-30,MLC MySuper,Generic,The Universal Super Scheme,44928361101,Retail,0.0,3.50,Medium to high,623.00,4.0,,,4.0
2013-09-30,Balanced (MySuper),Generic,TWU Superannuation Fund,77343563307,Industry,3128.5,4.37,Medium to high,613.00,12.0,8.0,,6.0
2013-09-30,UniSuper Balanced,Generic,Unisuper,91385943850,Industry,0.0,4.80,High,450.00,9.0,2.5,,
2013-09-30,Growth (MySuper),Generic,Victorian Superannuation Fund,85977964496,Public Sector,5529.2,3.10,Medium to high,498.00,9.0,6.0,,
2013-09-30,Virgin Super Essentials,Generic,Virgin Superannuation,88436608094,Retail,202.8,,,,,,,
2013-09-30,My WA Super,Generic,WA Local Government Superannuation Plan,18159499614,Public Sector,0.0,3.00,Medium,643.00,8.0,8.0,,
2013-09-30,BT Business MySuper,Generic,Westpac Mastertrust - Superannuation Division,81236903448,Retail,0.0,,,,,,,
2013-09-30,MySuper WASF Default Option,Generic,Worsley Alumina Superannuation Fund,51469547458,Retail,0.0,3.50,Medium to high,349.00,4.0,,,4.0
